[0.065s] DEBUG:colcon:Command line arguments: ['/usr/bin/colcon', 'build', '--cmake-args', '-DBUILD_TESTING=ON']
[0.065s] DEBUG:colcon:Parsed command line arguments: Namespace(log_base=None, log_level=None, verb_name='build', build_base='build', install_base='install', merge_install=False, symlink_install=False, test_result_base=None, continue_on_error=False, executor='parallel', parallel_workers=20, event_handlers=None, ignore_user_meta=False, metas=['./colcon.meta'], base_paths=['.'], packages_ignore=None, packages_ignore_regex=None, paths=None, packages_up_to=None, packages_up_to_regex=None, packages_above=None, packages_above_and_dependencies=None, packages_above_depth=None, packages_select_by_dep=None, packages_skip_by_dep=None, packages_skip_up_to=None, packages_select_build_failed=False, packages_skip_build_finished=False, packages_select_test_failures=False, packages_skip_test_passed=False, packages_select=None, packages_skip=None, packages_select_regex=None, packages_skip_regex=None, packages_start=None, packages_end=None, allow_overriding=[], cmake_args=['-DBUILD_TESTING=ON'], cmake_target=None, cmake_target_skip_unavailable=False, cmake_clean_cache=False, cmake_clean_first=False, cmake_force_configure=False, ament_cmake_args=None, catkin_cmake_args=None, catkin_skip_building_tests=False, verb_parser=<colcon_defaults.argument_parser.defaults.DefaultArgumentsDecorator object at 0x76b8c9268f70>, verb_extension=<colcon_core.verb.build.BuildVerb object at 0x76b8c935ab30>, main=<bound method BuildVerb.main of <colcon_core.verb.build.BuildVerb object at 0x76b8c935ab30>>)
[0.160s] Level 1:colcon.colcon_core.package_discovery:discover_packages(colcon_meta) check parameters
[0.160s] Level 1:colcon.colcon_core.package_discovery:discover_packages(recursive) check parameters
[0.160s] Level 1:colcon.colcon_core.package_discovery:discover_packages(ignore) check parameters
[0.160s] Level 1:colcon.colcon_core.package_discovery:discover_packages(path) check parameters
[0.160s] Level 1:colcon.colcon_core.package_discovery:discover_packages(colcon_meta) discover
[0.160s] Level 1:colcon.colcon_core.package_discovery:discover_packages(recursive) discover
[0.160s] INFO:colcon.colcon_core.package_discovery:Crawling recursively for packages in '/home/raghav/crazyflie_mapping_demo/ros2_ws'
[0.160s] Level 1:colcon.colcon_core.package_identification:_identify(.) by extensions ['ignore', 'ignore_ament_install']
[0.160s] Level 1:colcon.colcon_core.package_identification:_identify(.) by extension 'ignore'
[0.160s] Level 1:colcon.colcon_core.package_identification:_identify(.) by extension 'ignore_ament_install'
[0.160s] Level 1:colcon.colcon_core.package_identification:_identify(.) by extensions ['colcon_pkg']
[0.160s] Level 1:colcon.colcon_core.package_identification:_identify(.) by extension 'colcon_pkg'
[0.160s] Level 1:colcon.colcon_core.package_identification:_identify(.) by extensions ['colcon_meta']
[0.160s] Level 1:colcon.colcon_core.package_identification:_identify(.) by extension 'colcon_meta'
[0.160s] Level 1:colcon.colcon_core.package_identification:_identify(.) by extensions ['ros']
[0.160s] Level 1:colcon.colcon_core.package_identification:_identify(.) by extension 'ros'
[0.168s] Level 1:colcon.colcon_core.package_identification:_identify(.) by extensions ['cmake', 'python']
[0.168s] Level 1:colcon.colcon_core.package_identification:_identify(.) by extension 'cmake'
[0.168s] Level 1:colcon.colcon_core.package_identification:_identify(.) by extension 'python'
[0.168s] Level 1:colcon.colcon_core.package_identification:_identify(.) by extensions ['python_setup_py']
[0.168s] Level 1:colcon.colcon_core.package_identification:_identify(.) by extension 'python_setup_py'
[0.168s] Level 1:colcon.colcon_core.package_identification:_identify(build) by extensions ['ignore', 'ignore_ament_install']
[0.168s] Level 1:colcon.colcon_core.package_identification:_identify(build) by extension 'ignore'
[0.168s] Level 1:colcon.colcon_core.package_identification:_identify(build) ignored
[0.168s] Level 1:colcon.colcon_core.package_identification:_identify(install) by extensions ['ignore', 'ignore_ament_install']
[0.168s] Level 1:colcon.colcon_core.package_identification:_identify(install) by extension 'ignore'
[0.168s] Level 1:colcon.colcon_core.package_identification:_identify(install) ignored
[0.168s] Level 1:colcon.colcon_core.package_identification:_identify(log) by extensions ['ignore', 'ignore_ament_install']
[0.168s] Level 1:colcon.colcon_core.package_identification:_identify(log) by extension 'ignore'
[0.168s] Level 1:colcon.colcon_core.package_identification:_identify(log) ignored
[0.168s] Level 1:colcon.colcon_core.package_identification:_identify(src) by extensions ['ignore', 'ignore_ament_install']
[0.168s] Level 1:colcon.colcon_core.package_identification:_identify(src) by extension 'ignore'
[0.168s] Level 1:colcon.colcon_core.package_identification:_identify(src) by extension 'ignore_ament_install'
[0.168s] Level 1:colcon.colcon_core.package_identification:_identify(src) by extensions ['colcon_pkg']
[0.168s] Level 1:colcon.colcon_core.package_identification:_identify(src) by extension 'colcon_pkg'
[0.168s] Level 1:colcon.colcon_core.package_identification:_identify(src) by extensions ['colcon_meta']
[0.168s] Level 1:colcon.colcon_core.package_identification:_identify(src) by extension 'colcon_meta'
[0.168s] Level 1:colcon.colcon_core.package_identification:_identify(src) by extensions ['ros']
[0.168s] Level 1:colcon.colcon_core.package_identification:_identify(src) by extension 'ros'
[0.168s] Level 1:colcon.colcon_core.package_identification:_identify(src) by extensions ['cmake', 'python']
[0.168s] Level 1:colcon.colcon_core.package_identification:_identify(src) by extension 'cmake'
[0.168s] Level 1:colcon.colcon_core.package_identification:_identify(src) by extension 'python'
[0.169s] Level 1:colcon.colcon_core.package_identification:_identify(src) by extensions ['python_setup_py']
[0.169s] Level 1:colcon.colcon_core.package_identification:_identify(src) by extension 'python_setup_py'
[0.169s] Level 1:colcon.colcon_core.package_identification:_identify(src/crazyflie_ros2_multiranger) by extensions ['ignore', 'ignore_ament_install']
[0.169s] Level 1:colcon.colcon_core.package_identification:_identify(src/crazyflie_ros2_multiranger) by extension 'ignore'
[0.169s] Level 1:colcon.colcon_core.package_identification:_identify(src/crazyflie_ros2_multiranger) by extension 'ignore_ament_install'
[0.169s] Level 1:colcon.colcon_core.package_identification:_identify(src/crazyflie_ros2_multiranger) by extensions ['colcon_pkg']
[0.169s] Level 1:colcon.colcon_core.package_identification:_identify(src/crazyflie_ros2_multiranger) by extension 'colcon_pkg'
[0.169s] Level 1:colcon.colcon_core.package_identification:_identify(src/crazyflie_ros2_multiranger) by extensions ['colcon_meta']
[0.169s] Level 1:colcon.colcon_core.package_identification:_identify(src/crazyflie_ros2_multiranger) by extension 'colcon_meta'
[0.169s] Level 1:colcon.colcon_core.package_identification:_identify(src/crazyflie_ros2_multiranger) by extensions ['ros']
[0.169s] Level 1:colcon.colcon_core.package_identification:_identify(src/crazyflie_ros2_multiranger) by extension 'ros'
[0.169s] Level 1:colcon.colcon_core.package_identification:_identify(src/crazyflie_ros2_multiranger) by extensions ['cmake', 'python']
[0.169s] Level 1:colcon.colcon_core.package_identification:_identify(src/crazyflie_ros2_multiranger) by extension 'cmake'
[0.169s] Level 1:colcon.colcon_core.package_identification:_identify(src/crazyflie_ros2_multiranger) by extension 'python'
[0.169s] Level 1:colcon.colcon_core.package_identification:_identify(src/crazyflie_ros2_multiranger) by extensions ['python_setup_py']
[0.169s] Level 1:colcon.colcon_core.package_identification:_identify(src/crazyflie_ros2_multiranger) by extension 'python_setup_py'
[0.169s] Level 1:colcon.colcon_core.package_identification:_identify(src/crazyflie_ros2_multiranger/crazyflie_ros2_multiranger_bringup) by extensions ['ignore', 'ignore_ament_install']
[0.169s] Level 1:colcon.colcon_core.package_identification:_identify(src/crazyflie_ros2_multiranger/crazyflie_ros2_multiranger_bringup) by extension 'ignore'
[0.169s] Level 1:colcon.colcon_core.package_identification:_identify(src/crazyflie_ros2_multiranger/crazyflie_ros2_multiranger_bringup) by extension 'ignore_ament_install'
[0.169s] Level 1:colcon.colcon_core.package_identification:_identify(src/crazyflie_ros2_multiranger/crazyflie_ros2_multiranger_bringup) by extensions ['colcon_pkg']
[0.169s] Level 1:colcon.colcon_core.package_identification:_identify(src/crazyflie_ros2_multiranger/crazyflie_ros2_multiranger_bringup) by extension 'colcon_pkg'
[0.169s] Level 1:colcon.colcon_core.package_identification:_identify(src/crazyflie_ros2_multiranger/crazyflie_ros2_multiranger_bringup) by extensions ['colcon_meta']
[0.169s] Level 1:colcon.colcon_core.package_identification:_identify(src/crazyflie_ros2_multiranger/crazyflie_ros2_multiranger_bringup) by extension 'colcon_meta'
[0.169s] Level 1:colcon.colcon_core.package_identification:_identify(src/crazyflie_ros2_multiranger/crazyflie_ros2_multiranger_bringup) by extensions ['ros']
[0.169s] Level 1:colcon.colcon_core.package_identification:_identify(src/crazyflie_ros2_multiranger/crazyflie_ros2_multiranger_bringup) by extension 'ros'
[0.171s] DEBUG:colcon.colcon_core.package_identification:Package 'src/crazyflie_ros2_multiranger/crazyflie_ros2_multiranger_bringup' with type 'ros.ament_cmake' and name 'crazyflie_ros2_multiranger_bringup'
[0.171s] Level 1:colcon.colcon_core.package_identification:_identify(src/crazyflie_ros2_multiranger/crazyflie_ros2_multiranger_simple_mapper) by extensions ['ignore', 'ignore_ament_install']
[0.171s] Level 1:colcon.colcon_core.package_identification:_identify(src/crazyflie_ros2_multiranger/crazyflie_ros2_multiranger_simple_mapper) by extension 'ignore'
[0.171s] Level 1:colcon.colcon_core.package_identification:_identify(src/crazyflie_ros2_multiranger/crazyflie_ros2_multiranger_simple_mapper) by extension 'ignore_ament_install'
[0.171s] Level 1:colcon.colcon_core.package_identification:_identify(src/crazyflie_ros2_multiranger/crazyflie_ros2_multiranger_simple_mapper) by extensions ['colcon_pkg']
[0.171s] Level 1:colcon.colcon_core.package_identification:_identify(src/crazyflie_ros2_multiranger/crazyflie_ros2_multiranger_simple_mapper) by extension 'colcon_pkg'
[0.171s] Level 1:colcon.colcon_core.package_identification:_identify(src/crazyflie_ros2_multiranger/crazyflie_ros2_multiranger_simple_mapper) by extensions ['colcon_meta']
[0.171s] Level 1:colcon.colcon_core.package_identification:_identify(src/crazyflie_ros2_multiranger/crazyflie_ros2_multiranger_simple_mapper) by extension 'colcon_meta'
[0.171s] Level 1:colcon.colcon_core.package_identification:_identify(src/crazyflie_ros2_multiranger/crazyflie_ros2_multiranger_simple_mapper) by extensions ['ros']
[0.171s] Level 1:colcon.colcon_core.package_identification:_identify(src/crazyflie_ros2_multiranger/crazyflie_ros2_multiranger_simple_mapper) by extension 'ros'
[0.171s] DEBUG:colcon.colcon_core.package_identification:Package 'src/crazyflie_ros2_multiranger/crazyflie_ros2_multiranger_simple_mapper' with type 'ros.ament_python' and name 'crazyflie_ros2_multiranger_simple_mapper'
[0.171s] Level 1:colcon.colcon_core.package_identification:_identify(src/crazyflie_ros2_multiranger/crazyflie_ros2_multiranger_wall_following) by extensions ['ignore', 'ignore_ament_install']
[0.171s] Level 1:colcon.colcon_core.package_identification:_identify(src/crazyflie_ros2_multiranger/crazyflie_ros2_multiranger_wall_following) by extension 'ignore'
[0.171s] Level 1:colcon.colcon_core.package_identification:_identify(src/crazyflie_ros2_multiranger/crazyflie_ros2_multiranger_wall_following) by extension 'ignore_ament_install'
[0.171s] Level 1:colcon.colcon_core.package_identification:_identify(src/crazyflie_ros2_multiranger/crazyflie_ros2_multiranger_wall_following) by extensions ['colcon_pkg']
[0.172s] Level 1:colcon.colcon_core.package_identification:_identify(src/crazyflie_ros2_multiranger/crazyflie_ros2_multiranger_wall_following) by extension 'colcon_pkg'
[0.172s] Level 1:colcon.colcon_core.package_identification:_identify(src/crazyflie_ros2_multiranger/crazyflie_ros2_multiranger_wall_following) by extensions ['colcon_meta']
[0.172s] Level 1:colcon.colcon_core.package_identification:_identify(src/crazyflie_ros2_multiranger/crazyflie_ros2_multiranger_wall_following) by extension 'colcon_meta'
[0.172s] Level 1:colcon.colcon_core.package_identification:_identify(src/crazyflie_ros2_multiranger/crazyflie_ros2_multiranger_wall_following) by extensions ['ros']
[0.172s] Level 1:colcon.colcon_core.package_identification:_identify(src/crazyflie_ros2_multiranger/crazyflie_ros2_multiranger_wall_following) by extension 'ros'
[0.172s] DEBUG:colcon.colcon_core.package_identification:Package 'src/crazyflie_ros2_multiranger/crazyflie_ros2_multiranger_wall_following' with type 'ros.ament_python' and name 'crazyflie_ros2_multiranger_wall_following'
[0.172s] Level 1:colcon.colcon_core.package_identification:_identify(src/crazyswarm2) by extensions ['ignore', 'ignore_ament_install']
[0.172s] Level 1:colcon.colcon_core.package_identification:_identify(src/crazyswarm2) by extension 'ignore'
[0.172s] Level 1:colcon.colcon_core.package_identification:_identify(src/crazyswarm2) by extension 'ignore_ament_install'
[0.172s] Level 1:colcon.colcon_core.package_identification:_identify(src/crazyswarm2) by extensions ['colcon_pkg']
[0.172s] Level 1:colcon.colcon_core.package_identification:_identify(src/crazyswarm2) by extension 'colcon_pkg'
[0.172s] Level 1:colcon.colcon_core.package_identification:_identify(src/crazyswarm2) by extensions ['colcon_meta']
[0.172s] Level 1:colcon.colcon_core.package_identification:_identify(src/crazyswarm2) by extension 'colcon_meta'
[0.172s] Level 1:colcon.colcon_core.package_identification:_identify(src/crazyswarm2) by extensions ['ros']
[0.172s] Level 1:colcon.colcon_core.package_identification:_identify(src/crazyswarm2) by extension 'ros'
[0.172s] Level 1:colcon.colcon_core.package_identification:_identify(src/crazyswarm2) by extensions ['cmake', 'python']
[0.172s] Level 1:colcon.colcon_core.package_identification:_identify(src/crazyswarm2) by extension 'cmake'
[0.172s] Level 1:colcon.colcon_core.package_identification:_identify(src/crazyswarm2) by extension 'python'
[0.172s] Level 1:colcon.colcon_core.package_identification:_identify(src/crazyswarm2) by extensions ['python_setup_py']
[0.172s] Level 1:colcon.colcon_core.package_identification:_identify(src/crazyswarm2) by extension 'python_setup_py'
[0.172s] Level 1:colcon.colcon_core.package_identification:_identify(src/crazyswarm2/crazyflie) by extensions ['ignore', 'ignore_ament_install']
[0.172s] Level 1:colcon.colcon_core.package_identification:_identify(src/crazyswarm2/crazyflie) by extension 'ignore'
[0.172s] Level 1:colcon.colcon_core.package_identification:_identify(src/crazyswarm2/crazyflie) by extension 'ignore_ament_install'
[0.172s] Level 1:colcon.colcon_core.package_identification:_identify(src/crazyswarm2/crazyflie) by extensions ['colcon_pkg']
[0.172s] Level 1:colcon.colcon_core.package_identification:_identify(src/crazyswarm2/crazyflie) by extension 'colcon_pkg'
[0.172s] Level 1:colcon.colcon_core.package_identification:_identify(src/crazyswarm2/crazyflie) by extensions ['colcon_meta']
[0.172s] Level 1:colcon.colcon_core.package_identification:_identify(src/crazyswarm2/crazyflie) by extension 'colcon_meta'
[0.172s] Level 1:colcon.colcon_core.package_identification:_identify(src/crazyswarm2/crazyflie) by extensions ['ros']
[0.173s] Level 1:colcon.colcon_core.package_identification:_identify(src/crazyswarm2/crazyflie) by extension 'ros'
[0.173s] DEBUG:colcon.colcon_core.package_identification:Package 'src/crazyswarm2/crazyflie' with type 'ros.ament_cmake' and name 'crazyflie'
[0.173s] Level 1:colcon.colcon_core.package_identification:_identify(src/crazyswarm2/crazyflie_examples) by extensions ['ignore', 'ignore_ament_install']
[0.174s] Level 1:colcon.colcon_core.package_identification:_identify(src/crazyswarm2/crazyflie_examples) by extension 'ignore'
[0.174s] Level 1:colcon.colcon_core.package_identification:_identify(src/crazyswarm2/crazyflie_examples) by extension 'ignore_ament_install'
[0.174s] Level 1:colcon.colcon_core.package_identification:_identify(src/crazyswarm2/crazyflie_examples) by extensions ['colcon_pkg']
[0.174s] Level 1:colcon.colcon_core.package_identification:_identify(src/crazyswarm2/crazyflie_examples) by extension 'colcon_pkg'
[0.174s] Level 1:colcon.colcon_core.package_identification:_identify(src/crazyswarm2/crazyflie_examples) by extensions ['colcon_meta']
[0.174s] Level 1:colcon.colcon_core.package_identification:_identify(src/crazyswarm2/crazyflie_examples) by extension 'colcon_meta'
[0.174s] Level 1:colcon.colcon_core.package_identification:_identify(src/crazyswarm2/crazyflie_examples) by extensions ['ros']
[0.174s] Level 1:colcon.colcon_core.package_identification:_identify(src/crazyswarm2/crazyflie_examples) by extension 'ros'
[0.174s] DEBUG:colcon.colcon_core.package_identification:Package 'src/crazyswarm2/crazyflie_examples' with type 'ros.ament_cmake' and name 'crazyflie_examples'
[0.174s] Level 1:colcon.colcon_core.package_identification:_identify(src/crazyswarm2/crazyflie_interfaces) by extensions ['ignore', 'ignore_ament_install']
[0.174s] Level 1:colcon.colcon_core.package_identification:_identify(src/crazyswarm2/crazyflie_interfaces) by extension 'ignore'
[0.174s] Level 1:colcon.colcon_core.package_identification:_identify(src/crazyswarm2/crazyflie_interfaces) by extension 'ignore_ament_install'
[0.174s] Level 1:colcon.colcon_core.package_identification:_identify(src/crazyswarm2/crazyflie_interfaces) by extensions ['colcon_pkg']
[0.174s] Level 1:colcon.colcon_core.package_identification:_identify(src/crazyswarm2/crazyflie_interfaces) by extension 'colcon_pkg'
[0.174s] Level 1:colcon.colcon_core.package_identification:_identify(src/crazyswarm2/crazyflie_interfaces) by extensions ['colcon_meta']
[0.174s] Level 1:colcon.colcon_core.package_identification:_identify(src/crazyswarm2/crazyflie_interfaces) by extension 'colcon_meta'
[0.174s] Level 1:colcon.colcon_core.package_identification:_identify(src/crazyswarm2/crazyflie_interfaces) by extensions ['ros']
[0.174s] Level 1:colcon.colcon_core.package_identification:_identify(src/crazyswarm2/crazyflie_interfaces) by extension 'ros'
[0.175s] DEBUG:colcon.colcon_core.package_identification:Package 'src/crazyswarm2/crazyflie_interfaces' with type 'ros.ament_cmake' and name 'crazyflie_interfaces'
[0.175s] Level 1:colcon.colcon_core.package_identification:_identify(src/crazyswarm2/crazyflie_py) by extensions ['ignore', 'ignore_ament_install']
[0.175s] Level 1:colcon.colcon_core.package_identification:_identify(src/crazyswarm2/crazyflie_py) by extension 'ignore'
[0.175s] Level 1:colcon.colcon_core.package_identification:_identify(src/crazyswarm2/crazyflie_py) by extension 'ignore_ament_install'
[0.175s] Level 1:colcon.colcon_core.package_identification:_identify(src/crazyswarm2/crazyflie_py) by extensions ['colcon_pkg']
[0.175s] Level 1:colcon.colcon_core.package_identification:_identify(src/crazyswarm2/crazyflie_py) by extension 'colcon_pkg'
[0.175s] Level 1:colcon.colcon_core.package_identification:_identify(src/crazyswarm2/crazyflie_py) by extensions ['colcon_meta']
[0.175s] Level 1:colcon.colcon_core.package_identification:_identify(src/crazyswarm2/crazyflie_py) by extension 'colcon_meta'
[0.175s] Level 1:colcon.colcon_core.package_identification:_identify(src/crazyswarm2/crazyflie_py) by extensions ['ros']
[0.175s] Level 1:colcon.colcon_core.package_identification:_identify(src/crazyswarm2/crazyflie_py) by extension 'ros'
[0.176s] DEBUG:colcon.colcon_core.package_identification:Package 'src/crazyswarm2/crazyflie_py' with type 'ros.ament_python' and name 'crazyflie_py'
[0.176s] Level 1:colcon.colcon_core.package_identification:_identify(src/crazyswarm2/crazyflie_sim) by extensions ['ignore', 'ignore_ament_install']
[0.176s] Level 1:colcon.colcon_core.package_identification:_identify(src/crazyswarm2/crazyflie_sim) by extension 'ignore'
[0.176s] Level 1:colcon.colcon_core.package_identification:_identify(src/crazyswarm2/crazyflie_sim) by extension 'ignore_ament_install'
[0.176s] Level 1:colcon.colcon_core.package_identification:_identify(src/crazyswarm2/crazyflie_sim) by extensions ['colcon_pkg']
[0.176s] Level 1:colcon.colcon_core.package_identification:_identify(src/crazyswarm2/crazyflie_sim) by extension 'colcon_pkg'
[0.176s] Level 1:colcon.colcon_core.package_identification:_identify(src/crazyswarm2/crazyflie_sim) by extensions ['colcon_meta']
[0.176s] Level 1:colcon.colcon_core.package_identification:_identify(src/crazyswarm2/crazyflie_sim) by extension 'colcon_meta'
[0.176s] Level 1:colcon.colcon_core.package_identification:_identify(src/crazyswarm2/crazyflie_sim) by extensions ['ros']
[0.176s] Level 1:colcon.colcon_core.package_identification:_identify(src/crazyswarm2/crazyflie_sim) by extension 'ros'
[0.176s] DEBUG:colcon.colcon_core.package_identification:Package 'src/crazyswarm2/crazyflie_sim' with type 'ros.ament_cmake' and name 'crazyflie_sim'
[0.176s] Level 1:colcon.colcon_core.package_identification:_identify(src/crazyswarm2/docs) by extensions ['ignore', 'ignore_ament_install']
[0.176s] Level 1:colcon.colcon_core.package_identification:_identify(src/crazyswarm2/docs) by extension 'ignore'
[0.176s] Level 1:colcon.colcon_core.package_identification:_identify(src/crazyswarm2/docs) by extension 'ignore_ament_install'
[0.176s] Level 1:colcon.colcon_core.package_identification:_identify(src/crazyswarm2/docs) by extensions ['colcon_pkg']
[0.176s] Level 1:colcon.colcon_core.package_identification:_identify(src/crazyswarm2/docs) by extension 'colcon_pkg'
[0.176s] Level 1:colcon.colcon_core.package_identification:_identify(src/crazyswarm2/docs) by extensions ['colcon_meta']
[0.177s] Level 1:colcon.colcon_core.package_identification:_identify(src/crazyswarm2/docs) by extension 'colcon_meta'
[0.177s] Level 1:colcon.colcon_core.package_identification:_identify(src/crazyswarm2/docs) by extensions ['ros']
[0.177s] Level 1:colcon.colcon_core.package_identification:_identify(src/crazyswarm2/docs) by extension 'ros'
[0.177s] Level 1:colcon.colcon_core.package_identification:_identify(src/crazyswarm2/docs) by extensions ['cmake', 'python']
[0.177s] Level 1:colcon.colcon_core.package_identification:_identify(src/crazyswarm2/docs) by extension 'cmake'
[0.177s] Level 1:colcon.colcon_core.package_identification:_identify(src/crazyswarm2/docs) by extension 'python'
[0.177s] Level 1:colcon.colcon_core.package_identification:_identify(src/crazyswarm2/docs) by extensions ['python_setup_py']
[0.177s] Level 1:colcon.colcon_core.package_identification:_identify(src/crazyswarm2/docs) by extension 'python_setup_py'
[0.177s] Level 1:colcon.colcon_core.package_identification:_identify(src/crazyswarm2/docs/generated) by extensions ['ignore', 'ignore_ament_install']
[0.177s] Level 1:colcon.colcon_core.package_identification:_identify(src/crazyswarm2/docs/generated) by extension 'ignore'
[0.177s] Level 1:colcon.colcon_core.package_identification:_identify(src/crazyswarm2/docs/generated) by extension 'ignore_ament_install'
[0.177s] Level 1:colcon.colcon_core.package_identification:_identify(src/crazyswarm2/docs/generated) by extensions ['colcon_pkg']
[0.177s] Level 1:colcon.colcon_core.package_identification:_identify(src/crazyswarm2/docs/generated) by extension 'colcon_pkg'
[0.177s] Level 1:colcon.colcon_core.package_identification:_identify(src/crazyswarm2/docs/generated) by extensions ['colcon_meta']
[0.177s] Level 1:colcon.colcon_core.package_identification:_identify(src/crazyswarm2/docs/generated) by extension 'colcon_meta'
[0.177s] Level 1:colcon.colcon_core.package_identification:_identify(src/crazyswarm2/docs/generated) by extensions ['ros']
[0.177s] Level 1:colcon.colcon_core.package_identification:_identify(src/crazyswarm2/docs/generated) by extension 'ros'
[0.177s] Level 1:colcon.colcon_core.package_identification:_identify(src/crazyswarm2/docs/generated) by extensions ['cmake', 'python']
[0.177s] Level 1:colcon.colcon_core.package_identification:_identify(src/crazyswarm2/docs/generated) by extension 'cmake'
[0.177s] Level 1:colcon.colcon_core.package_identification:_identify(src/crazyswarm2/docs/generated) by extension 'python'
[0.177s] Level 1:colcon.colcon_core.package_identification:_identify(src/crazyswarm2/docs/generated) by extensions ['python_setup_py']
[0.177s] Level 1:colcon.colcon_core.package_identification:_identify(src/crazyswarm2/docs/generated) by extension 'python_setup_py'
[0.177s] Level 1:colcon.colcon_core.package_identification:_identify(src/crazyswarm2/docs/howto) by extensions ['ignore', 'ignore_ament_install']
[0.177s] Level 1:colcon.colcon_core.package_identification:_identify(src/crazyswarm2/docs/howto) by extension 'ignore'
[0.177s] Level 1:colcon.colcon_core.package_identification:_identify(src/crazyswarm2/docs/howto) by extension 'ignore_ament_install'
[0.177s] Level 1:colcon.colcon_core.package_identification:_identify(src/crazyswarm2/docs/howto) by extensions ['colcon_pkg']
[0.177s] Level 1:colcon.colcon_core.package_identification:_identify(src/crazyswarm2/docs/howto) by extension 'colcon_pkg'
[0.177s] Level 1:colcon.colcon_core.package_identification:_identify(src/crazyswarm2/docs/howto) by extensions ['colcon_meta']
[0.177s] Level 1:colcon.colcon_core.package_identification:_identify(src/crazyswarm2/docs/howto) by extension 'colcon_meta'
[0.177s] Level 1:colcon.colcon_core.package_identification:_identify(src/crazyswarm2/docs/howto) by extensions ['ros']
[0.177s] Level 1:colcon.colcon_core.package_identification:_identify(src/crazyswarm2/docs/howto) by extension 'ros'
[0.177s] Level 1:colcon.colcon_core.package_identification:_identify(src/crazyswarm2/docs/howto) by extensions ['cmake', 'python']
[0.177s] Level 1:colcon.colcon_core.package_identification:_identify(src/crazyswarm2/docs/howto) by extension 'cmake'
[0.177s] Level 1:colcon.colcon_core.package_identification:_identify(src/crazyswarm2/docs/howto) by extension 'python'
[0.177s] Level 1:colcon.colcon_core.package_identification:_identify(src/crazyswarm2/docs/howto) by extensions ['python_setup_py']
[0.177s] Level 1:colcon.colcon_core.package_identification:_identify(src/crazyswarm2/docs/howto) by extension 'python_setup_py'
[0.177s] Level 1:colcon.colcon_core.package_identification:_identify(src/crazyswarm2/docs/images) by extensions ['ignore', 'ignore_ament_install']
[0.177s] Level 1:colcon.colcon_core.package_identification:_identify(src/crazyswarm2/docs/images) by extension 'ignore'
[0.178s] Level 1:colcon.colcon_core.package_identification:_identify(src/crazyswarm2/docs/images) by extension 'ignore_ament_install'
[0.178s] Level 1:colcon.colcon_core.package_identification:_identify(src/crazyswarm2/docs/images) by extensions ['colcon_pkg']
[0.178s] Level 1:colcon.colcon_core.package_identification:_identify(src/crazyswarm2/docs/images) by extension 'colcon_pkg'
[0.178s] Level 1:colcon.colcon_core.package_identification:_identify(src/crazyswarm2/docs/images) by extensions ['colcon_meta']
[0.178s] Level 1:colcon.colcon_core.package_identification:_identify(src/crazyswarm2/docs/images) by extension 'colcon_meta'
[0.178s] Level 1:colcon.colcon_core.package_identification:_identify(src/crazyswarm2/docs/images) by extensions ['ros']
[0.178s] Level 1:colcon.colcon_core.package_identification:_identify(src/crazyswarm2/docs/images) by extension 'ros'
[0.178s] Level 1:colcon.colcon_core.package_identification:_identify(src/crazyswarm2/docs/images) by extensions ['cmake', 'python']
[0.178s] Level 1:colcon.colcon_core.package_identification:_identify(src/crazyswarm2/docs/images) by extension 'cmake'
[0.178s] Level 1:colcon.colcon_core.package_identification:_identify(src/crazyswarm2/docs/images) by extension 'python'
[0.178s] Level 1:colcon.colcon_core.package_identification:_identify(src/crazyswarm2/docs/images) by extensions ['python_setup_py']
[0.178s] Level 1:colcon.colcon_core.package_identification:_identify(src/crazyswarm2/docs/images) by extension 'python_setup_py'
[0.178s] Level 1:colcon.colcon_core.package_identification:_identify(src/crazyswarm2/docs/tutorials) by extensions ['ignore', 'ignore_ament_install']
[0.178s] Level 1:colcon.colcon_core.package_identification:_identify(src/crazyswarm2/docs/tutorials) by extension 'ignore'
[0.178s] Level 1:colcon.colcon_core.package_identification:_identify(src/crazyswarm2/docs/tutorials) by extension 'ignore_ament_install'
[0.178s] Level 1:colcon.colcon_core.package_identification:_identify(src/crazyswarm2/docs/tutorials) by extensions ['colcon_pkg']
[0.178s] Level 1:colcon.colcon_core.package_identification:_identify(src/crazyswarm2/docs/tutorials) by extension 'colcon_pkg'
[0.178s] Level 1:colcon.colcon_core.package_identification:_identify(src/crazyswarm2/docs/tutorials) by extensions ['colcon_meta']
[0.178s] Level 1:colcon.colcon_core.package_identification:_identify(src/crazyswarm2/docs/tutorials) by extension 'colcon_meta'
[0.178s] Level 1:colcon.colcon_core.package_identification:_identify(src/crazyswarm2/docs/tutorials) by extensions ['ros']
[0.178s] Level 1:colcon.colcon_core.package_identification:_identify(src/crazyswarm2/docs/tutorials) by extension 'ros'
[0.178s] Level 1:colcon.colcon_core.package_identification:_identify(src/crazyswarm2/docs/tutorials) by extensions ['cmake', 'python']
[0.178s] Level 1:colcon.colcon_core.package_identification:_identify(src/crazyswarm2/docs/tutorials) by extension 'cmake'
[0.178s] Level 1:colcon.colcon_core.package_identification:_identify(src/crazyswarm2/docs/tutorials) by extension 'python'
[0.178s] Level 1:colcon.colcon_core.package_identification:_identify(src/crazyswarm2/docs/tutorials) by extensions ['python_setup_py']
[0.178s] Level 1:colcon.colcon_core.package_identification:_identify(src/crazyswarm2/docs/tutorials) by extension 'python_setup_py'
[0.178s] Level 1:colcon.colcon_core.package_identification:_identify(src/crazyswarm2/docs2) by extensions ['ignore', 'ignore_ament_install']
[0.178s] Level 1:colcon.colcon_core.package_identification:_identify(src/crazyswarm2/docs2) by extension 'ignore'
[0.178s] Level 1:colcon.colcon_core.package_identification:_identify(src/crazyswarm2/docs2) by extension 'ignore_ament_install'
[0.178s] Level 1:colcon.colcon_core.package_identification:_identify(src/crazyswarm2/docs2) by extensions ['colcon_pkg']
[0.178s] Level 1:colcon.colcon_core.package_identification:_identify(src/crazyswarm2/docs2) by extension 'colcon_pkg'
[0.178s] Level 1:colcon.colcon_core.package_identification:_identify(src/crazyswarm2/docs2) by extensions ['colcon_meta']
[0.178s] Level 1:colcon.colcon_core.package_identification:_identify(src/crazyswarm2/docs2) by extension 'colcon_meta'
[0.178s] Level 1:colcon.colcon_core.package_identification:_identify(src/crazyswarm2/docs2) by extensions ['ros']
[0.178s] Level 1:colcon.colcon_core.package_identification:_identify(src/crazyswarm2/docs2) by extension 'ros'
[0.178s] Level 1:colcon.colcon_core.package_identification:_identify(src/crazyswarm2/docs2) by extensions ['cmake', 'python']
[0.178s] Level 1:colcon.colcon_core.package_identification:_identify(src/crazyswarm2/docs2) by extension 'cmake'
[0.178s] Level 1:colcon.colcon_core.package_identification:_identify(src/crazyswarm2/docs2) by extension 'python'
[0.178s] Level 1:colcon.colcon_core.package_identification:_identify(src/crazyswarm2/docs2) by extensions ['python_setup_py']
[0.178s] Level 1:colcon.colcon_core.package_identification:_identify(src/crazyswarm2/docs2) by extension 'python_setup_py'
[0.179s] Level 1:colcon.colcon_core.package_identification:_identify(src/crazyswarm2/docs2/images) by extensions ['ignore', 'ignore_ament_install']
[0.179s] Level 1:colcon.colcon_core.package_identification:_identify(src/crazyswarm2/docs2/images) by extension 'ignore'
[0.179s] Level 1:colcon.colcon_core.package_identification:_identify(src/crazyswarm2/docs2/images) by extension 'ignore_ament_install'
[0.179s] Level 1:colcon.colcon_core.package_identification:_identify(src/crazyswarm2/docs2/images) by extensions ['colcon_pkg']
[0.179s] Level 1:colcon.colcon_core.package_identification:_identify(src/crazyswarm2/docs2/images) by extension 'colcon_pkg'
[0.179s] Level 1:colcon.colcon_core.package_identification:_identify(src/crazyswarm2/docs2/images) by extensions ['colcon_meta']
[0.179s] Level 1:colcon.colcon_core.package_identification:_identify(src/crazyswarm2/docs2/images) by extension 'colcon_meta'
[0.179s] Level 1:colcon.colcon_core.package_identification:_identify(src/crazyswarm2/docs2/images) by extensions ['ros']
[0.179s] Level 1:colcon.colcon_core.package_identification:_identify(src/crazyswarm2/docs2/images) by extension 'ros'
[0.179s] Level 1:colcon.colcon_core.package_identification:_identify(src/crazyswarm2/docs2/images) by extensions ['cmake', 'python']
[0.179s] Level 1:colcon.colcon_core.package_identification:_identify(src/crazyswarm2/docs2/images) by extension 'cmake'
[0.179s] Level 1:colcon.colcon_core.package_identification:_identify(src/crazyswarm2/docs2/images) by extension 'python'
[0.179s] Level 1:colcon.colcon_core.package_identification:_identify(src/crazyswarm2/docs2/images) by extensions ['python_setup_py']
[0.179s] Level 1:colcon.colcon_core.package_identification:_identify(src/crazyswarm2/docs2/images) by extension 'python_setup_py'
[0.179s] Level 1:colcon.colcon_core.package_identification:_identify(src/crazyswarm2/prebuilt) by extensions ['ignore', 'ignore_ament_install']
[0.179s] Level 1:colcon.colcon_core.package_identification:_identify(src/crazyswarm2/prebuilt) by extension 'ignore'
[0.179s] Level 1:colcon.colcon_core.package_identification:_identify(src/crazyswarm2/prebuilt) by extension 'ignore_ament_install'
[0.179s] Level 1:colcon.colcon_core.package_identification:_identify(src/crazyswarm2/prebuilt) by extensions ['colcon_pkg']
[0.179s] Level 1:colcon.colcon_core.package_identification:_identify(src/crazyswarm2/prebuilt) by extension 'colcon_pkg'
[0.179s] Level 1:colcon.colcon_core.package_identification:_identify(src/crazyswarm2/prebuilt) by extensions ['colcon_meta']
[0.179s] Level 1:colcon.colcon_core.package_identification:_identify(src/crazyswarm2/prebuilt) by extension 'colcon_meta'
[0.179s] Level 1:colcon.colcon_core.package_identification:_identify(src/crazyswarm2/prebuilt) by extensions ['ros']
[0.179s] Level 1:colcon.colcon_core.package_identification:_identify(src/crazyswarm2/prebuilt) by extension 'ros'
[0.179s] Level 1:colcon.colcon_core.package_identification:_identify(src/crazyswarm2/prebuilt) by extensions ['cmake', 'python']
[0.179s] Level 1:colcon.colcon_core.package_identification:_identify(src/crazyswarm2/prebuilt) by extension 'cmake'
[0.179s] Level 1:colcon.colcon_core.package_identification:_identify(src/crazyswarm2/prebuilt) by extension 'python'
[0.179s] Level 1:colcon.colcon_core.package_identification:_identify(src/crazyswarm2/prebuilt) by extensions ['python_setup_py']
[0.179s] Level 1:colcon.colcon_core.package_identification:_identify(src/crazyswarm2/prebuilt) by extension 'python_setup_py'
[0.179s] Level 1:colcon.colcon_core.package_identification:_identify(src/crazyswarm2/ros_ws) by extensions ['ignore', 'ignore_ament_install']
[0.179s] Level 1:colcon.colcon_core.package_identification:_identify(src/crazyswarm2/ros_ws) by extension 'ignore'
[0.179s] Level 1:colcon.colcon_core.package_identification:_identify(src/crazyswarm2/ros_ws) by extension 'ignore_ament_install'
[0.179s] Level 1:colcon.colcon_core.package_identification:_identify(src/crazyswarm2/ros_ws) by extensions ['colcon_pkg']
[0.179s] Level 1:colcon.colcon_core.package_identification:_identify(src/crazyswarm2/ros_ws) by extension 'colcon_pkg'
[0.179s] Level 1:colcon.colcon_core.package_identification:_identify(src/crazyswarm2/ros_ws) by extensions ['colcon_meta']
[0.179s] Level 1:colcon.colcon_core.package_identification:_identify(src/crazyswarm2/ros_ws) by extension 'colcon_meta'
[0.179s] Level 1:colcon.colcon_core.package_identification:_identify(src/crazyswarm2/ros_ws) by extensions ['ros']
[0.179s] Level 1:colcon.colcon_core.package_identification:_identify(src/crazyswarm2/ros_ws) by extension 'ros'
[0.179s] Level 1:colcon.colcon_core.package_identification:_identify(src/crazyswarm2/ros_ws) by extensions ['cmake', 'python']
[0.179s] Level 1:colcon.colcon_core.package_identification:_identify(src/crazyswarm2/ros_ws) by extension 'cmake'
[0.179s] Level 1:colcon.colcon_core.package_identification:_identify(src/crazyswarm2/ros_ws) by extension 'python'
[0.179s] Level 1:colcon.colcon_core.package_identification:_identify(src/crazyswarm2/ros_ws) by extensions ['python_setup_py']
[0.180s] Level 1:colcon.colcon_core.package_identification:_identify(src/crazyswarm2/ros_ws) by extension 'python_setup_py'
[0.180s] Level 1:colcon.colcon_core.package_identification:_identify(src/crazyswarm2/ros_ws/src) by extensions ['ignore', 'ignore_ament_install']
[0.180s] Level 1:colcon.colcon_core.package_identification:_identify(src/crazyswarm2/ros_ws/src) by extension 'ignore'
[0.180s] Level 1:colcon.colcon_core.package_identification:_identify(src/crazyswarm2/ros_ws/src) by extension 'ignore_ament_install'
[0.180s] Level 1:colcon.colcon_core.package_identification:_identify(src/crazyswarm2/ros_ws/src) by extensions ['colcon_pkg']
[0.180s] Level 1:colcon.colcon_core.package_identification:_identify(src/crazyswarm2/ros_ws/src) by extension 'colcon_pkg'
[0.180s] Level 1:colcon.colcon_core.package_identification:_identify(src/crazyswarm2/ros_ws/src) by extensions ['colcon_meta']
[0.180s] Level 1:colcon.colcon_core.package_identification:_identify(src/crazyswarm2/ros_ws/src) by extension 'colcon_meta'
[0.180s] Level 1:colcon.colcon_core.package_identification:_identify(src/crazyswarm2/ros_ws/src) by extensions ['ros']
[0.180s] Level 1:colcon.colcon_core.package_identification:_identify(src/crazyswarm2/ros_ws/src) by extension 'ros'
[0.180s] Level 1:colcon.colcon_core.package_identification:_identify(src/crazyswarm2/ros_ws/src) by extensions ['cmake', 'python']
[0.180s] Level 1:colcon.colcon_core.package_identification:_identify(src/crazyswarm2/ros_ws/src) by extension 'cmake'
[0.180s] Level 1:colcon.colcon_core.package_identification:_identify(src/crazyswarm2/ros_ws/src) by extension 'python'
[0.180s] Level 1:colcon.colcon_core.package_identification:_identify(src/crazyswarm2/ros_ws/src) by extensions ['python_setup_py']
[0.180s] Level 1:colcon.colcon_core.package_identification:_identify(src/crazyswarm2/ros_ws/src) by extension 'python_setup_py'
[0.180s] Level 1:colcon.colcon_core.package_identification:_identify(src/crazyswarm2/ros_ws/src/crazyswarm) by extensions ['ignore', 'ignore_ament_install']
[0.180s] Level 1:colcon.colcon_core.package_identification:_identify(src/crazyswarm2/ros_ws/src/crazyswarm) by extension 'ignore'
[0.180s] Level 1:colcon.colcon_core.package_identification:_identify(src/crazyswarm2/ros_ws/src/crazyswarm) by extension 'ignore_ament_install'
[0.180s] Level 1:colcon.colcon_core.package_identification:_identify(src/crazyswarm2/ros_ws/src/crazyswarm) by extensions ['colcon_pkg']
[0.180s] Level 1:colcon.colcon_core.package_identification:_identify(src/crazyswarm2/ros_ws/src/crazyswarm) by extension 'colcon_pkg'
[0.180s] Level 1:colcon.colcon_core.package_identification:_identify(src/crazyswarm2/ros_ws/src/crazyswarm) by extensions ['colcon_meta']
[0.180s] Level 1:colcon.colcon_core.package_identification:_identify(src/crazyswarm2/ros_ws/src/crazyswarm) by extension 'colcon_meta'
[0.180s] Level 1:colcon.colcon_core.package_identification:_identify(src/crazyswarm2/ros_ws/src/crazyswarm) by extensions ['ros']
[0.180s] Level 1:colcon.colcon_core.package_identification:_identify(src/crazyswarm2/ros_ws/src/crazyswarm) by extension 'ros'
[0.180s] Level 1:colcon.colcon_core.package_identification:_identify(src/crazyswarm2/ros_ws/src/crazyswarm) by extensions ['cmake', 'python']
[0.180s] Level 1:colcon.colcon_core.package_identification:_identify(src/crazyswarm2/ros_ws/src/crazyswarm) by extension 'cmake'
[0.180s] Level 1:colcon.colcon_core.package_identification:_identify(src/crazyswarm2/ros_ws/src/crazyswarm) by extension 'python'
[0.180s] Level 1:colcon.colcon_core.package_identification:_identify(src/crazyswarm2/ros_ws/src/crazyswarm) by extensions ['python_setup_py']
[0.180s] Level 1:colcon.colcon_core.package_identification:_identify(src/crazyswarm2/ros_ws/src/crazyswarm) by extension 'python_setup_py'
[0.180s] Level 1:colcon.colcon_core.package_identification:_identify(src/crazyswarm2/ros_ws/src/crazyswarm/launch) by extensions ['ignore', 'ignore_ament_install']
[0.180s] Level 1:colcon.colcon_core.package_identification:_identify(src/crazyswarm2/ros_ws/src/crazyswarm/launch) by extension 'ignore'
[0.180s] Level 1:colcon.colcon_core.package_identification:_identify(src/crazyswarm2/ros_ws/src/crazyswarm/launch) by extension 'ignore_ament_install'
[0.180s] Level 1:colcon.colcon_core.package_identification:_identify(src/crazyswarm2/ros_ws/src/crazyswarm/launch) by extensions ['colcon_pkg']
[0.180s] Level 1:colcon.colcon_core.package_identification:_identify(src/crazyswarm2/ros_ws/src/crazyswarm/launch) by extension 'colcon_pkg'
[0.180s] Level 1:colcon.colcon_core.package_identification:_identify(src/crazyswarm2/ros_ws/src/crazyswarm/launch) by extensions ['colcon_meta']
[0.180s] Level 1:colcon.colcon_core.package_identification:_identify(src/crazyswarm2/ros_ws/src/crazyswarm/launch) by extension 'colcon_meta'
[0.180s] Level 1:colcon.colcon_core.package_identification:_identify(src/crazyswarm2/ros_ws/src/crazyswarm/launch) by extensions ['ros']
[0.181s] Level 1:colcon.colcon_core.package_identification:_identify(src/crazyswarm2/ros_ws/src/crazyswarm/launch) by extension 'ros'
[0.181s] Level 1:colcon.colcon_core.package_identification:_identify(src/crazyswarm2/ros_ws/src/crazyswarm/launch) by extensions ['cmake', 'python']
[0.181s] Level 1:colcon.colcon_core.package_identification:_identify(src/crazyswarm2/ros_ws/src/crazyswarm/launch) by extension 'cmake'
[0.181s] Level 1:colcon.colcon_core.package_identification:_identify(src/crazyswarm2/ros_ws/src/crazyswarm/launch) by extension 'python'
[0.181s] Level 1:colcon.colcon_core.package_identification:_identify(src/crazyswarm2/ros_ws/src/crazyswarm/launch) by extensions ['python_setup_py']
[0.181s] Level 1:colcon.colcon_core.package_identification:_identify(src/crazyswarm2/ros_ws/src/crazyswarm/launch) by extension 'python_setup_py'
[0.181s] Level 1:colcon.colcon_core.package_identification:_identify(src/crazyswarm2/ros_ws/src/crazyswarm/scripts) by extensions ['ignore', 'ignore_ament_install']
[0.181s] Level 1:colcon.colcon_core.package_identification:_identify(src/crazyswarm2/ros_ws/src/crazyswarm/scripts) by extension 'ignore'
[0.181s] Level 1:colcon.colcon_core.package_identification:_identify(src/crazyswarm2/ros_ws/src/crazyswarm/scripts) by extension 'ignore_ament_install'
[0.181s] Level 1:colcon.colcon_core.package_identification:_identify(src/crazyswarm2/ros_ws/src/crazyswarm/scripts) by extensions ['colcon_pkg']
[0.181s] Level 1:colcon.colcon_core.package_identification:_identify(src/crazyswarm2/ros_ws/src/crazyswarm/scripts) by extension 'colcon_pkg'
[0.181s] Level 1:colcon.colcon_core.package_identification:_identify(src/crazyswarm2/ros_ws/src/crazyswarm/scripts) by extensions ['colcon_meta']
[0.181s] Level 1:colcon.colcon_core.package_identification:_identify(src/crazyswarm2/ros_ws/src/crazyswarm/scripts) by extension 'colcon_meta'
[0.181s] Level 1:colcon.colcon_core.package_identification:_identify(src/crazyswarm2/ros_ws/src/crazyswarm/scripts) by extensions ['ros']
[0.181s] Level 1:colcon.colcon_core.package_identification:_identify(src/crazyswarm2/ros_ws/src/crazyswarm/scripts) by extension 'ros'
[0.181s] Level 1:colcon.colcon_core.package_identification:_identify(src/crazyswarm2/ros_ws/src/crazyswarm/scripts) by extensions ['cmake', 'python']
[0.181s] Level 1:colcon.colcon_core.package_identification:_identify(src/crazyswarm2/ros_ws/src/crazyswarm/scripts) by extension 'cmake'
[0.181s] Level 1:colcon.colcon_core.package_identification:_identify(src/crazyswarm2/ros_ws/src/crazyswarm/scripts) by extension 'python'
[0.181s] Level 1:colcon.colcon_core.package_identification:_identify(src/crazyswarm2/ros_ws/src/crazyswarm/scripts) by extensions ['python_setup_py']
[0.181s] Level 1:colcon.colcon_core.package_identification:_identify(src/crazyswarm2/ros_ws/src/crazyswarm/scripts) by extension 'python_setup_py'
[0.181s] Level 1:colcon.colcon_core.package_identification:_identify(src/crazyswarm2/ros_ws/src/crazyswarm/scripts/crossing2_pps) by extensions ['ignore', 'ignore_ament_install']
[0.181s] Level 1:colcon.colcon_core.package_identification:_identify(src/crazyswarm2/ros_ws/src/crazyswarm/scripts/crossing2_pps) by extension 'ignore'
[0.181s] Level 1:colcon.colcon_core.package_identification:_identify(src/crazyswarm2/ros_ws/src/crazyswarm/scripts/crossing2_pps) by extension 'ignore_ament_install'
[0.181s] Level 1:colcon.colcon_core.package_identification:_identify(src/crazyswarm2/ros_ws/src/crazyswarm/scripts/crossing2_pps) by extensions ['colcon_pkg']
[0.181s] Level 1:colcon.colcon_core.package_identification:_identify(src/crazyswarm2/ros_ws/src/crazyswarm/scripts/crossing2_pps) by extension 'colcon_pkg'
[0.181s] Level 1:colcon.colcon_core.package_identification:_identify(src/crazyswarm2/ros_ws/src/crazyswarm/scripts/crossing2_pps) by extensions ['colcon_meta']
[0.181s] Level 1:colcon.colcon_core.package_identification:_identify(src/crazyswarm2/ros_ws/src/crazyswarm/scripts/crossing2_pps) by extension 'colcon_meta'
[0.181s] Level 1:colcon.colcon_core.package_identification:_identify(src/crazyswarm2/ros_ws/src/crazyswarm/scripts/crossing2_pps) by extensions ['ros']
[0.181s] Level 1:colcon.colcon_core.package_identification:_identify(src/crazyswarm2/ros_ws/src/crazyswarm/scripts/crossing2_pps) by extension 'ros'
[0.181s] Level 1:colcon.colcon_core.package_identification:_identify(src/crazyswarm2/ros_ws/src/crazyswarm/scripts/crossing2_pps) by extensions ['cmake', 'python']
[0.181s] Level 1:colcon.colcon_core.package_identification:_identify(src/crazyswarm2/ros_ws/src/crazyswarm/scripts/crossing2_pps) by extension 'cmake'
[0.181s] Level 1:colcon.colcon_core.package_identification:_identify(src/crazyswarm2/ros_ws/src/crazyswarm/scripts/crossing2_pps) by extension 'python'
[0.181s] Level 1:colcon.colcon_core.package_identification:_identify(src/crazyswarm2/ros_ws/src/crazyswarm/scripts/crossing2_pps) by extensions ['python_setup_py']
[0.181s] Level 1:colcon.colcon_core.package_identification:_identify(src/crazyswarm2/ros_ws/src/crazyswarm/scripts/crossing2_pps) by extension 'python_setup_py'
[0.181s] Level 1:colcon.colcon_core.package_identification:_identify(src/crazyswarm2/ros_ws/src/crazyswarm/scripts/crossing4_pps) by extensions ['ignore', 'ignore_ament_install']
[0.181s] Level 1:colcon.colcon_core.package_identification:_identify(src/crazyswarm2/ros_ws/src/crazyswarm/scripts/crossing4_pps) by extension 'ignore'
[0.181s] Level 1:colcon.colcon_core.package_identification:_identify(src/crazyswarm2/ros_ws/src/crazyswarm/scripts/crossing4_pps) by extension 'ignore_ament_install'
[0.182s] Level 1:colcon.colcon_core.package_identification:_identify(src/crazyswarm2/ros_ws/src/crazyswarm/scripts/crossing4_pps) by extensions ['colcon_pkg']
[0.182s] Level 1:colcon.colcon_core.package_identification:_identify(src/crazyswarm2/ros_ws/src/crazyswarm/scripts/crossing4_pps) by extension 'colcon_pkg'
[0.182s] Level 1:colcon.colcon_core.package_identification:_identify(src/crazyswarm2/ros_ws/src/crazyswarm/scripts/crossing4_pps) by extensions ['colcon_meta']
[0.182s] Level 1:colcon.colcon_core.package_identification:_identify(src/crazyswarm2/ros_ws/src/crazyswarm/scripts/crossing4_pps) by extension 'colcon_meta'
[0.182s] Level 1:colcon.colcon_core.package_identification:_identify(src/crazyswarm2/ros_ws/src/crazyswarm/scripts/crossing4_pps) by extensions ['ros']
[0.182s] Level 1:colcon.colcon_core.package_identification:_identify(src/crazyswarm2/ros_ws/src/crazyswarm/scripts/crossing4_pps) by extension 'ros'
[0.182s] Level 1:colcon.colcon_core.package_identification:_identify(src/crazyswarm2/ros_ws/src/crazyswarm/scripts/crossing4_pps) by extensions ['cmake', 'python']
[0.182s] Level 1:colcon.colcon_core.package_identification:_identify(src/crazyswarm2/ros_ws/src/crazyswarm/scripts/crossing4_pps) by extension 'cmake'
[0.182s] Level 1:colcon.colcon_core.package_identification:_identify(src/crazyswarm2/ros_ws/src/crazyswarm/scripts/crossing4_pps) by extension 'python'
[0.182s] Level 1:colcon.colcon_core.package_identification:_identify(src/crazyswarm2/ros_ws/src/crazyswarm/scripts/crossing4_pps) by extensions ['python_setup_py']
[0.182s] Level 1:colcon.colcon_core.package_identification:_identify(src/crazyswarm2/ros_ws/src/crazyswarm/scripts/crossing4_pps) by extension 'python_setup_py'
[0.182s] Level 1:colcon.colcon_core.package_identification:_identify(src/crazyswarm2/ros_ws/src/crazyswarm/scripts/sequence_trajectories) by extensions ['ignore', 'ignore_ament_install']
[0.182s] Level 1:colcon.colcon_core.package_identification:_identify(src/crazyswarm2/ros_ws/src/crazyswarm/scripts/sequence_trajectories) by extension 'ignore'
[0.182s] Level 1:colcon.colcon_core.package_identification:_identify(src/crazyswarm2/ros_ws/src/crazyswarm/scripts/sequence_trajectories) by extension 'ignore_ament_install'
[0.182s] Level 1:colcon.colcon_core.package_identification:_identify(src/crazyswarm2/ros_ws/src/crazyswarm/scripts/sequence_trajectories) by extensions ['colcon_pkg']
[0.182s] Level 1:colcon.colcon_core.package_identification:_identify(src/crazyswarm2/ros_ws/src/crazyswarm/scripts/sequence_trajectories) by extension 'colcon_pkg'
[0.182s] Level 1:colcon.colcon_core.package_identification:_identify(src/crazyswarm2/ros_ws/src/crazyswarm/scripts/sequence_trajectories) by extensions ['colcon_meta']
[0.182s] Level 1:colcon.colcon_core.package_identification:_identify(src/crazyswarm2/ros_ws/src/crazyswarm/scripts/sequence_trajectories) by extension 'colcon_meta'
[0.182s] Level 1:colcon.colcon_core.package_identification:_identify(src/crazyswarm2/ros_ws/src/crazyswarm/scripts/sequence_trajectories) by extensions ['ros']
[0.182s] Level 1:colcon.colcon_core.package_identification:_identify(src/crazyswarm2/ros_ws/src/crazyswarm/scripts/sequence_trajectories) by extension 'ros'
[0.182s] Level 1:colcon.colcon_core.package_identification:_identify(src/crazyswarm2/ros_ws/src/crazyswarm/scripts/sequence_trajectories) by extensions ['cmake', 'python']
[0.182s] Level 1:colcon.colcon_core.package_identification:_identify(src/crazyswarm2/ros_ws/src/crazyswarm/scripts/sequence_trajectories) by extension 'cmake'
[0.182s] Level 1:colcon.colcon_core.package_identification:_identify(src/crazyswarm2/ros_ws/src/crazyswarm/scripts/sequence_trajectories) by extension 'python'
[0.182s] Level 1:colcon.colcon_core.package_identification:_identify(src/crazyswarm2/ros_ws/src/crazyswarm/scripts/sequence_trajectories) by extensions ['python_setup_py']
[0.182s] Level 1:colcon.colcon_core.package_identification:_identify(src/crazyswarm2/ros_ws/src/crazyswarm/scripts/sequence_trajectories) by extension 'python_setup_py'
[0.182s] Level 1:colcon.colcon_core.package_identification:_identify(src/crazyswarm2/ros_ws/src/crazyswarm/scripts/sequence_trajectories/1) by extensions ['ignore', 'ignore_ament_install']
[0.182s] Level 1:colcon.colcon_core.package_identification:_identify(src/crazyswarm2/ros_ws/src/crazyswarm/scripts/sequence_trajectories/1) by extension 'ignore'
[0.182s] Level 1:colcon.colcon_core.package_identification:_identify(src/crazyswarm2/ros_ws/src/crazyswarm/scripts/sequence_trajectories/1) by extension 'ignore_ament_install'
[0.182s] Level 1:colcon.colcon_core.package_identification:_identify(src/crazyswarm2/ros_ws/src/crazyswarm/scripts/sequence_trajectories/1) by extensions ['colcon_pkg']
[0.182s] Level 1:colcon.colcon_core.package_identification:_identify(src/crazyswarm2/ros_ws/src/crazyswarm/scripts/sequence_trajectories/1) by extension 'colcon_pkg'
[0.182s] Level 1:colcon.colcon_core.package_identification:_identify(src/crazyswarm2/ros_ws/src/crazyswarm/scripts/sequence_trajectories/1) by extensions ['colcon_meta']
[0.182s] Level 1:colcon.colcon_core.package_identification:_identify(src/crazyswarm2/ros_ws/src/crazyswarm/scripts/sequence_trajectories/1) by extension 'colcon_meta'
[0.182s] Level 1:colcon.colcon_core.package_identification:_identify(src/crazyswarm2/ros_ws/src/crazyswarm/scripts/sequence_trajectories/1) by extensions ['ros']
[0.182s] Level 1:colcon.colcon_core.package_identification:_identify(src/crazyswarm2/ros_ws/src/crazyswarm/scripts/sequence_trajectories/1) by extension 'ros'
[0.182s] Level 1:colcon.colcon_core.package_identification:_identify(src/crazyswarm2/ros_ws/src/crazyswarm/scripts/sequence_trajectories/1) by extensions ['cmake', 'python']
[0.182s] Level 1:colcon.colcon_core.package_identification:_identify(src/crazyswarm2/ros_ws/src/crazyswarm/scripts/sequence_trajectories/1) by extension 'cmake'
[0.182s] Level 1:colcon.colcon_core.package_identification:_identify(src/crazyswarm2/ros_ws/src/crazyswarm/scripts/sequence_trajectories/1) by extension 'python'
[0.182s] Level 1:colcon.colcon_core.package_identification:_identify(src/crazyswarm2/ros_ws/src/crazyswarm/scripts/sequence_trajectories/1) by extensions ['python_setup_py']
[0.182s] Level 1:colcon.colcon_core.package_identification:_identify(src/crazyswarm2/ros_ws/src/crazyswarm/scripts/sequence_trajectories/1) by extension 'python_setup_py'
[0.183s] Level 1:colcon.colcon_core.package_identification:_identify(src/crazyswarm2/ros_ws/src/crazyswarm/scripts/sequence_trajectories/2) by extensions ['ignore', 'ignore_ament_install']
[0.183s] Level 1:colcon.colcon_core.package_identification:_identify(src/crazyswarm2/ros_ws/src/crazyswarm/scripts/sequence_trajectories/2) by extension 'ignore'
[0.183s] Level 1:colcon.colcon_core.package_identification:_identify(src/crazyswarm2/ros_ws/src/crazyswarm/scripts/sequence_trajectories/2) by extension 'ignore_ament_install'
[0.183s] Level 1:colcon.colcon_core.package_identification:_identify(src/crazyswarm2/ros_ws/src/crazyswarm/scripts/sequence_trajectories/2) by extensions ['colcon_pkg']
[0.183s] Level 1:colcon.colcon_core.package_identification:_identify(src/crazyswarm2/ros_ws/src/crazyswarm/scripts/sequence_trajectories/2) by extension 'colcon_pkg'
[0.183s] Level 1:colcon.colcon_core.package_identification:_identify(src/crazyswarm2/ros_ws/src/crazyswarm/scripts/sequence_trajectories/2) by extensions ['colcon_meta']
[0.183s] Level 1:colcon.colcon_core.package_identification:_identify(src/crazyswarm2/ros_ws/src/crazyswarm/scripts/sequence_trajectories/2) by extension 'colcon_meta'
[0.183s] Level 1:colcon.colcon_core.package_identification:_identify(src/crazyswarm2/ros_ws/src/crazyswarm/scripts/sequence_trajectories/2) by extensions ['ros']
[0.183s] Level 1:colcon.colcon_core.package_identification:_identify(src/crazyswarm2/ros_ws/src/crazyswarm/scripts/sequence_trajectories/2) by extension 'ros'
[0.183s] Level 1:colcon.colcon_core.package_identification:_identify(src/crazyswarm2/ros_ws/src/crazyswarm/scripts/sequence_trajectories/2) by extensions ['cmake', 'python']
[0.183s] Level 1:colcon.colcon_core.package_identification:_identify(src/crazyswarm2/ros_ws/src/crazyswarm/scripts/sequence_trajectories/2) by extension 'cmake'
[0.183s] Level 1:colcon.colcon_core.package_identification:_identify(src/crazyswarm2/ros_ws/src/crazyswarm/scripts/sequence_trajectories/2) by extension 'python'
[0.183s] Level 1:colcon.colcon_core.package_identification:_identify(src/crazyswarm2/ros_ws/src/crazyswarm/scripts/sequence_trajectories/2) by extensions ['python_setup_py']
[0.183s] Level 1:colcon.colcon_core.package_identification:_identify(src/crazyswarm2/ros_ws/src/crazyswarm/scripts/sequence_trajectories/2) by extension 'python_setup_py'
[0.183s] Level 1:colcon.colcon_core.package_identification:_identify(src/crazyswarm2/ros_ws/src/crazyswarm/scripts/sequence_trajectories/3) by extensions ['ignore', 'ignore_ament_install']
[0.183s] Level 1:colcon.colcon_core.package_identification:_identify(src/crazyswarm2/ros_ws/src/crazyswarm/scripts/sequence_trajectories/3) by extension 'ignore'
[0.183s] Level 1:colcon.colcon_core.package_identification:_identify(src/crazyswarm2/ros_ws/src/crazyswarm/scripts/sequence_trajectories/3) by extension 'ignore_ament_install'
[0.183s] Level 1:colcon.colcon_core.package_identification:_identify(src/crazyswarm2/ros_ws/src/crazyswarm/scripts/sequence_trajectories/3) by extensions ['colcon_pkg']
[0.183s] Level 1:colcon.colcon_core.package_identification:_identify(src/crazyswarm2/ros_ws/src/crazyswarm/scripts/sequence_trajectories/3) by extension 'colcon_pkg'
[0.183s] Level 1:colcon.colcon_core.package_identification:_identify(src/crazyswarm2/ros_ws/src/crazyswarm/scripts/sequence_trajectories/3) by extensions ['colcon_meta']
[0.183s] Level 1:colcon.colcon_core.package_identification:_identify(src/crazyswarm2/ros_ws/src/crazyswarm/scripts/sequence_trajectories/3) by extension 'colcon_meta'
[0.183s] Level 1:colcon.colcon_core.package_identification:_identify(src/crazyswarm2/ros_ws/src/crazyswarm/scripts/sequence_trajectories/3) by extensions ['ros']
[0.183s] Level 1:colcon.colcon_core.package_identification:_identify(src/crazyswarm2/ros_ws/src/crazyswarm/scripts/sequence_trajectories/3) by extension 'ros'
[0.183s] Level 1:colcon.colcon_core.package_identification:_identify(src/crazyswarm2/ros_ws/src/crazyswarm/scripts/sequence_trajectories/3) by extensions ['cmake', 'python']
[0.183s] Level 1:colcon.colcon_core.package_identification:_identify(src/crazyswarm2/ros_ws/src/crazyswarm/scripts/sequence_trajectories/3) by extension 'cmake'
[0.183s] Level 1:colcon.colcon_core.package_identification:_identify(src/crazyswarm2/ros_ws/src/crazyswarm/scripts/sequence_trajectories/3) by extension 'python'
[0.183s] Level 1:colcon.colcon_core.package_identification:_identify(src/crazyswarm2/ros_ws/src/crazyswarm/scripts/sequence_trajectories/3) by extensions ['python_setup_py']
[0.183s] Level 1:colcon.colcon_core.package_identification:_identify(src/crazyswarm2/ros_ws/src/crazyswarm/scripts/sequence_trajectories/3) by extension 'python_setup_py'
[0.183s] Level 1:colcon.colcon_core.package_identification:_identify(src/crazyswarm2/ros_ws/src/crazyswarm/scripts/sequence_trajectories/4) by extensions ['ignore', 'ignore_ament_install']
[0.183s] Level 1:colcon.colcon_core.package_identification:_identify(src/crazyswarm2/ros_ws/src/crazyswarm/scripts/sequence_trajectories/4) by extension 'ignore'
[0.183s] Level 1:colcon.colcon_core.package_identification:_identify(src/crazyswarm2/ros_ws/src/crazyswarm/scripts/sequence_trajectories/4) by extension 'ignore_ament_install'
[0.183s] Level 1:colcon.colcon_core.package_identification:_identify(src/crazyswarm2/ros_ws/src/crazyswarm/scripts/sequence_trajectories/4) by extensions ['colcon_pkg']
[0.183s] Level 1:colcon.colcon_core.package_identification:_identify(src/crazyswarm2/ros_ws/src/crazyswarm/scripts/sequence_trajectories/4) by extension 'colcon_pkg'
[0.183s] Level 1:colcon.colcon_core.package_identification:_identify(src/crazyswarm2/ros_ws/src/crazyswarm/scripts/sequence_trajectories/4) by extensions ['colcon_meta']
[0.183s] Level 1:colcon.colcon_core.package_identification:_identify(src/crazyswarm2/ros_ws/src/crazyswarm/scripts/sequence_trajectories/4) by extension 'colcon_meta'
[0.183s] Level 1:colcon.colcon_core.package_identification:_identify(src/crazyswarm2/ros_ws/src/crazyswarm/scripts/sequence_trajectories/4) by extensions ['ros']
[0.183s] Level 1:colcon.colcon_core.package_identification:_identify(src/crazyswarm2/ros_ws/src/crazyswarm/scripts/sequence_trajectories/4) by extension 'ros'
[0.184s] Level 1:colcon.colcon_core.package_identification:_identify(src/crazyswarm2/ros_ws/src/crazyswarm/scripts/sequence_trajectories/4) by extensions ['cmake', 'python']
[0.184s] Level 1:colcon.colcon_core.package_identification:_identify(src/crazyswarm2/ros_ws/src/crazyswarm/scripts/sequence_trajectories/4) by extension 'cmake'
[0.184s] Level 1:colcon.colcon_core.package_identification:_identify(src/crazyswarm2/ros_ws/src/crazyswarm/scripts/sequence_trajectories/4) by extension 'python'
[0.184s] Level 1:colcon.colcon_core.package_identification:_identify(src/crazyswarm2/ros_ws/src/crazyswarm/scripts/sequence_trajectories/4) by extensions ['python_setup_py']
[0.184s] Level 1:colcon.colcon_core.package_identification:_identify(src/crazyswarm2/ros_ws/src/crazyswarm/scripts/sequence_trajectories/4) by extension 'python_setup_py'
[0.184s] Level 1:colcon.colcon_core.package_identification:_identify(src/crazyswarm2/ros_ws/src/crazyswarm/scripts/sequence_trajectories/5) by extensions ['ignore', 'ignore_ament_install']
[0.184s] Level 1:colcon.colcon_core.package_identification:_identify(src/crazyswarm2/ros_ws/src/crazyswarm/scripts/sequence_trajectories/5) by extension 'ignore'
[0.184s] Level 1:colcon.colcon_core.package_identification:_identify(src/crazyswarm2/ros_ws/src/crazyswarm/scripts/sequence_trajectories/5) by extension 'ignore_ament_install'
[0.184s] Level 1:colcon.colcon_core.package_identification:_identify(src/crazyswarm2/ros_ws/src/crazyswarm/scripts/sequence_trajectories/5) by extensions ['colcon_pkg']
[0.184s] Level 1:colcon.colcon_core.package_identification:_identify(src/crazyswarm2/ros_ws/src/crazyswarm/scripts/sequence_trajectories/5) by extension 'colcon_pkg'
[0.184s] Level 1:colcon.colcon_core.package_identification:_identify(src/crazyswarm2/ros_ws/src/crazyswarm/scripts/sequence_trajectories/5) by extensions ['colcon_meta']
[0.184s] Level 1:colcon.colcon_core.package_identification:_identify(src/crazyswarm2/ros_ws/src/crazyswarm/scripts/sequence_trajectories/5) by extension 'colcon_meta'
[0.184s] Level 1:colcon.colcon_core.package_identification:_identify(src/crazyswarm2/ros_ws/src/crazyswarm/scripts/sequence_trajectories/5) by extensions ['ros']
[0.184s] Level 1:colcon.colcon_core.package_identification:_identify(src/crazyswarm2/ros_ws/src/crazyswarm/scripts/sequence_trajectories/5) by extension 'ros'
[0.184s] Level 1:colcon.colcon_core.package_identification:_identify(src/crazyswarm2/ros_ws/src/crazyswarm/scripts/sequence_trajectories/5) by extensions ['cmake', 'python']
[0.184s] Level 1:colcon.colcon_core.package_identification:_identify(src/crazyswarm2/ros_ws/src/crazyswarm/scripts/sequence_trajectories/5) by extension 'cmake'
[0.184s] Level 1:colcon.colcon_core.package_identification:_identify(src/crazyswarm2/ros_ws/src/crazyswarm/scripts/sequence_trajectories/5) by extension 'python'
[0.184s] Level 1:colcon.colcon_core.package_identification:_identify(src/crazyswarm2/ros_ws/src/crazyswarm/scripts/sequence_trajectories/5) by extensions ['python_setup_py']
[0.184s] Level 1:colcon.colcon_core.package_identification:_identify(src/crazyswarm2/ros_ws/src/crazyswarm/scripts/sequence_trajectories/5) by extension 'python_setup_py'
[0.184s] Level 1:colcon.colcon_core.package_identification:_identify(src/crazyswarm2/ros_ws/src/crazyswarm/scripts/sequence_trajectories/6) by extensions ['ignore', 'ignore_ament_install']
[0.184s] Level 1:colcon.colcon_core.package_identification:_identify(src/crazyswarm2/ros_ws/src/crazyswarm/scripts/sequence_trajectories/6) by extension 'ignore'
[0.184s] Level 1:colcon.colcon_core.package_identification:_identify(src/crazyswarm2/ros_ws/src/crazyswarm/scripts/sequence_trajectories/6) by extension 'ignore_ament_install'
[0.184s] Level 1:colcon.colcon_core.package_identification:_identify(src/crazyswarm2/ros_ws/src/crazyswarm/scripts/sequence_trajectories/6) by extensions ['colcon_pkg']
[0.184s] Level 1:colcon.colcon_core.package_identification:_identify(src/crazyswarm2/ros_ws/src/crazyswarm/scripts/sequence_trajectories/6) by extension 'colcon_pkg'
[0.184s] Level 1:colcon.colcon_core.package_identification:_identify(src/crazyswarm2/ros_ws/src/crazyswarm/scripts/sequence_trajectories/6) by extensions ['colcon_meta']
[0.184s] Level 1:colcon.colcon_core.package_identification:_identify(src/crazyswarm2/ros_ws/src/crazyswarm/scripts/sequence_trajectories/6) by extension 'colcon_meta'
[0.184s] Level 1:colcon.colcon_core.package_identification:_identify(src/crazyswarm2/ros_ws/src/crazyswarm/scripts/sequence_trajectories/6) by extensions ['ros']
[0.184s] Level 1:colcon.colcon_core.package_identification:_identify(src/crazyswarm2/ros_ws/src/crazyswarm/scripts/sequence_trajectories/6) by extension 'ros'
[0.184s] Level 1:colcon.colcon_core.package_identification:_identify(src/crazyswarm2/ros_ws/src/crazyswarm/scripts/sequence_trajectories/6) by extensions ['cmake', 'python']
[0.184s] Level 1:colcon.colcon_core.package_identification:_identify(src/crazyswarm2/ros_ws/src/crazyswarm/scripts/sequence_trajectories/6) by extension 'cmake'
[0.184s] Level 1:colcon.colcon_core.package_identification:_identify(src/crazyswarm2/ros_ws/src/crazyswarm/scripts/sequence_trajectories/6) by extension 'python'
[0.184s] Level 1:colcon.colcon_core.package_identification:_identify(src/crazyswarm2/ros_ws/src/crazyswarm/scripts/sequence_trajectories/6) by extensions ['python_setup_py']
[0.184s] Level 1:colcon.colcon_core.package_identification:_identify(src/crazyswarm2/ros_ws/src/crazyswarm/scripts/sequence_trajectories/6) by extension 'python_setup_py'
[0.184s] Level 1:colcon.colcon_core.package_identification:_identify(src/crazyswarm2/ros_ws/src/crazyswarm/scripts/sequence_trajectories/7) by extensions ['ignore', 'ignore_ament_install']
[0.185s] Level 1:colcon.colcon_core.package_identification:_identify(src/crazyswarm2/ros_ws/src/crazyswarm/scripts/sequence_trajectories/7) by extension 'ignore'
[0.185s] Level 1:colcon.colcon_core.package_identification:_identify(src/crazyswarm2/ros_ws/src/crazyswarm/scripts/sequence_trajectories/7) by extension 'ignore_ament_install'
[0.185s] Level 1:colcon.colcon_core.package_identification:_identify(src/crazyswarm2/ros_ws/src/crazyswarm/scripts/sequence_trajectories/7) by extensions ['colcon_pkg']
[0.185s] Level 1:colcon.colcon_core.package_identification:_identify(src/crazyswarm2/ros_ws/src/crazyswarm/scripts/sequence_trajectories/7) by extension 'colcon_pkg'
[0.185s] Level 1:colcon.colcon_core.package_identification:_identify(src/crazyswarm2/ros_ws/src/crazyswarm/scripts/sequence_trajectories/7) by extensions ['colcon_meta']
[0.185s] Level 1:colcon.colcon_core.package_identification:_identify(src/crazyswarm2/ros_ws/src/crazyswarm/scripts/sequence_trajectories/7) by extension 'colcon_meta'
[0.185s] Level 1:colcon.colcon_core.package_identification:_identify(src/crazyswarm2/ros_ws/src/crazyswarm/scripts/sequence_trajectories/7) by extensions ['ros']
[0.185s] Level 1:colcon.colcon_core.package_identification:_identify(src/crazyswarm2/ros_ws/src/crazyswarm/scripts/sequence_trajectories/7) by extension 'ros'
[0.185s] Level 1:colcon.colcon_core.package_identification:_identify(src/crazyswarm2/ros_ws/src/crazyswarm/scripts/sequence_trajectories/7) by extensions ['cmake', 'python']
[0.185s] Level 1:colcon.colcon_core.package_identification:_identify(src/crazyswarm2/ros_ws/src/crazyswarm/scripts/sequence_trajectories/7) by extension 'cmake'
[0.185s] Level 1:colcon.colcon_core.package_identification:_identify(src/crazyswarm2/ros_ws/src/crazyswarm/scripts/sequence_trajectories/7) by extension 'python'
[0.185s] Level 1:colcon.colcon_core.package_identification:_identify(src/crazyswarm2/ros_ws/src/crazyswarm/scripts/sequence_trajectories/7) by extensions ['python_setup_py']
[0.185s] Level 1:colcon.colcon_core.package_identification:_identify(src/crazyswarm2/ros_ws/src/crazyswarm/scripts/sequence_trajectories/7) by extension 'python_setup_py'
[0.185s] Level 1:colcon.colcon_core.package_identification:_identify(src/crazyswarm2/ros_ws/src/crazyswarm/scripts/swap6v_pps) by extensions ['ignore', 'ignore_ament_install']
[0.185s] Level 1:colcon.colcon_core.package_identification:_identify(src/crazyswarm2/ros_ws/src/crazyswarm/scripts/swap6v_pps) by extension 'ignore'
[0.185s] Level 1:colcon.colcon_core.package_identification:_identify(src/crazyswarm2/ros_ws/src/crazyswarm/scripts/swap6v_pps) by extension 'ignore_ament_install'
[0.185s] Level 1:colcon.colcon_core.package_identification:_identify(src/crazyswarm2/ros_ws/src/crazyswarm/scripts/swap6v_pps) by extensions ['colcon_pkg']
[0.185s] Level 1:colcon.colcon_core.package_identification:_identify(src/crazyswarm2/ros_ws/src/crazyswarm/scripts/swap6v_pps) by extension 'colcon_pkg'
[0.185s] Level 1:colcon.colcon_core.package_identification:_identify(src/crazyswarm2/ros_ws/src/crazyswarm/scripts/swap6v_pps) by extensions ['colcon_meta']
[0.185s] Level 1:colcon.colcon_core.package_identification:_identify(src/crazyswarm2/ros_ws/src/crazyswarm/scripts/swap6v_pps) by extension 'colcon_meta'
[0.185s] Level 1:colcon.colcon_core.package_identification:_identify(src/crazyswarm2/ros_ws/src/crazyswarm/scripts/swap6v_pps) by extensions ['ros']
[0.185s] Level 1:colcon.colcon_core.package_identification:_identify(src/crazyswarm2/ros_ws/src/crazyswarm/scripts/swap6v_pps) by extension 'ros'
[0.185s] Level 1:colcon.colcon_core.package_identification:_identify(src/crazyswarm2/ros_ws/src/crazyswarm/scripts/swap6v_pps) by extensions ['cmake', 'python']
[0.185s] Level 1:colcon.colcon_core.package_identification:_identify(src/crazyswarm2/ros_ws/src/crazyswarm/scripts/swap6v_pps) by extension 'cmake'
[0.185s] Level 1:colcon.colcon_core.package_identification:_identify(src/crazyswarm2/ros_ws/src/crazyswarm/scripts/swap6v_pps) by extension 'python'
[0.185s] Level 1:colcon.colcon_core.package_identification:_identify(src/crazyswarm2/ros_ws/src/crazyswarm/scripts/swap6v_pps) by extensions ['python_setup_py']
[0.185s] Level 1:colcon.colcon_core.package_identification:_identify(src/crazyswarm2/ros_ws/src/crazyswarm/scripts/swap6v_pps) by extension 'python_setup_py'
[0.185s] Level 1:colcon.colcon_core.package_identification:_identify(src/crazyswarm2/systemtests) by extensions ['ignore', 'ignore_ament_install']
[0.185s] Level 1:colcon.colcon_core.package_identification:_identify(src/crazyswarm2/systemtests) by extension 'ignore'
[0.185s] Level 1:colcon.colcon_core.package_identification:_identify(src/crazyswarm2/systemtests) by extension 'ignore_ament_install'
[0.185s] Level 1:colcon.colcon_core.package_identification:_identify(src/crazyswarm2/systemtests) by extensions ['colcon_pkg']
[0.185s] Level 1:colcon.colcon_core.package_identification:_identify(src/crazyswarm2/systemtests) by extension 'colcon_pkg'
[0.185s] Level 1:colcon.colcon_core.package_identification:_identify(src/crazyswarm2/systemtests) by extensions ['colcon_meta']
[0.185s] Level 1:colcon.colcon_core.package_identification:_identify(src/crazyswarm2/systemtests) by extension 'colcon_meta'
[0.185s] Level 1:colcon.colcon_core.package_identification:_identify(src/crazyswarm2/systemtests) by extensions ['ros']
[0.185s] Level 1:colcon.colcon_core.package_identification:_identify(src/crazyswarm2/systemtests) by extension 'ros'
[0.185s] Level 1:colcon.colcon_core.package_identification:_identify(src/crazyswarm2/systemtests) by extensions ['cmake', 'python']
[0.185s] Level 1:colcon.colcon_core.package_identification:_identify(src/crazyswarm2/systemtests) by extension 'cmake'
[0.186s] Level 1:colcon.colcon_core.package_identification:_identify(src/crazyswarm2/systemtests) by extension 'python'
[0.186s] Level 1:colcon.colcon_core.package_identification:_identify(src/crazyswarm2/systemtests) by extensions ['python_setup_py']
[0.186s] Level 1:colcon.colcon_core.package_identification:_identify(src/crazyswarm2/systemtests) by extension 'python_setup_py'
[0.186s] Level 1:colcon.colcon_core.package_identification:_identify(src/crazyswarm2/systemtests/SDplotting) by extensions ['ignore', 'ignore_ament_install']
[0.186s] Level 1:colcon.colcon_core.package_identification:_identify(src/crazyswarm2/systemtests/SDplotting) by extension 'ignore'
[0.186s] Level 1:colcon.colcon_core.package_identification:_identify(src/crazyswarm2/systemtests/SDplotting) by extension 'ignore_ament_install'
[0.186s] Level 1:colcon.colcon_core.package_identification:_identify(src/crazyswarm2/systemtests/SDplotting) by extensions ['colcon_pkg']
[0.186s] Level 1:colcon.colcon_core.package_identification:_identify(src/crazyswarm2/systemtests/SDplotting) by extension 'colcon_pkg'
[0.186s] Level 1:colcon.colcon_core.package_identification:_identify(src/crazyswarm2/systemtests/SDplotting) by extensions ['colcon_meta']
[0.186s] Level 1:colcon.colcon_core.package_identification:_identify(src/crazyswarm2/systemtests/SDplotting) by extension 'colcon_meta'
[0.186s] Level 1:colcon.colcon_core.package_identification:_identify(src/crazyswarm2/systemtests/SDplotting) by extensions ['ros']
[0.186s] Level 1:colcon.colcon_core.package_identification:_identify(src/crazyswarm2/systemtests/SDplotting) by extension 'ros'
[0.186s] Level 1:colcon.colcon_core.package_identification:_identify(src/crazyswarm2/systemtests/SDplotting) by extensions ['cmake', 'python']
[0.186s] Level 1:colcon.colcon_core.package_identification:_identify(src/crazyswarm2/systemtests/SDplotting) by extension 'cmake'
[0.186s] Level 1:colcon.colcon_core.package_identification:_identify(src/crazyswarm2/systemtests/SDplotting) by extension 'python'
[0.186s] Level 1:colcon.colcon_core.package_identification:_identify(src/crazyswarm2/systemtests/SDplotting) by extensions ['python_setup_py']
[0.186s] Level 1:colcon.colcon_core.package_identification:_identify(src/crazyswarm2/systemtests/SDplotting) by extension 'python_setup_py'
[0.186s] Level 1:colcon.colcon_core.package_identification:_identify(src/ros_gz_crazyflie) by extensions ['ignore', 'ignore_ament_install']
[0.186s] Level 1:colcon.colcon_core.package_identification:_identify(src/ros_gz_crazyflie) by extension 'ignore'
[0.186s] Level 1:colcon.colcon_core.package_identification:_identify(src/ros_gz_crazyflie) by extension 'ignore_ament_install'
[0.186s] Level 1:colcon.colcon_core.package_identification:_identify(src/ros_gz_crazyflie) by extensions ['colcon_pkg']
[0.186s] Level 1:colcon.colcon_core.package_identification:_identify(src/ros_gz_crazyflie) by extension 'colcon_pkg'
[0.186s] Level 1:colcon.colcon_core.package_identification:_identify(src/ros_gz_crazyflie) by extensions ['colcon_meta']
[0.186s] Level 1:colcon.colcon_core.package_identification:_identify(src/ros_gz_crazyflie) by extension 'colcon_meta'
[0.186s] Level 1:colcon.colcon_core.package_identification:_identify(src/ros_gz_crazyflie) by extensions ['ros']
[0.186s] Level 1:colcon.colcon_core.package_identification:_identify(src/ros_gz_crazyflie) by extension 'ros'
[0.186s] Level 1:colcon.colcon_core.package_identification:_identify(src/ros_gz_crazyflie) by extensions ['cmake', 'python']
[0.186s] Level 1:colcon.colcon_core.package_identification:_identify(src/ros_gz_crazyflie) by extension 'cmake'
[0.186s] Level 1:colcon.colcon_core.package_identification:_identify(src/ros_gz_crazyflie) by extension 'python'
[0.186s] Level 1:colcon.colcon_core.package_identification:_identify(src/ros_gz_crazyflie) by extensions ['python_setup_py']
[0.186s] Level 1:colcon.colcon_core.package_identification:_identify(src/ros_gz_crazyflie) by extension 'python_setup_py'
[0.186s] Level 1:colcon.colcon_core.package_identification:_identify(src/ros_gz_crazyflie/ros_gz_crazyflie_bringup) by extensions ['ignore', 'ignore_ament_install']
[0.186s] Level 1:colcon.colcon_core.package_identification:_identify(src/ros_gz_crazyflie/ros_gz_crazyflie_bringup) by extension 'ignore'
[0.186s] Level 1:colcon.colcon_core.package_identification:_identify(src/ros_gz_crazyflie/ros_gz_crazyflie_bringup) by extension 'ignore_ament_install'
[0.186s] Level 1:colcon.colcon_core.package_identification:_identify(src/ros_gz_crazyflie/ros_gz_crazyflie_bringup) by extensions ['colcon_pkg']
[0.186s] Level 1:colcon.colcon_core.package_identification:_identify(src/ros_gz_crazyflie/ros_gz_crazyflie_bringup) by extension 'colcon_pkg'
[0.186s] Level 1:colcon.colcon_core.package_identification:_identify(src/ros_gz_crazyflie/ros_gz_crazyflie_bringup) by extensions ['colcon_meta']
[0.186s] Level 1:colcon.colcon_core.package_identification:_identify(src/ros_gz_crazyflie/ros_gz_crazyflie_bringup) by extension 'colcon_meta'
[0.186s] Level 1:colcon.colcon_core.package_identification:_identify(src/ros_gz_crazyflie/ros_gz_crazyflie_bringup) by extensions ['ros']
[0.186s] Level 1:colcon.colcon_core.package_identification:_identify(src/ros_gz_crazyflie/ros_gz_crazyflie_bringup) by extension 'ros'
[0.187s] DEBUG:colcon.colcon_core.package_identification:Package 'src/ros_gz_crazyflie/ros_gz_crazyflie_bringup' with type 'ros.ament_cmake' and name 'ros_gz_crazyflie_bringup'
[0.187s] Level 1:colcon.colcon_core.package_identification:_identify(src/ros_gz_crazyflie/ros_gz_crazyflie_control) by extensions ['ignore', 'ignore_ament_install']
[0.187s] Level 1:colcon.colcon_core.package_identification:_identify(src/ros_gz_crazyflie/ros_gz_crazyflie_control) by extension 'ignore'
[0.187s] Level 1:colcon.colcon_core.package_identification:_identify(src/ros_gz_crazyflie/ros_gz_crazyflie_control) by extension 'ignore_ament_install'
[0.187s] Level 1:colcon.colcon_core.package_identification:_identify(src/ros_gz_crazyflie/ros_gz_crazyflie_control) by extensions ['colcon_pkg']
[0.187s] Level 1:colcon.colcon_core.package_identification:_identify(src/ros_gz_crazyflie/ros_gz_crazyflie_control) by extension 'colcon_pkg'
[0.187s] Level 1:colcon.colcon_core.package_identification:_identify(src/ros_gz_crazyflie/ros_gz_crazyflie_control) by extensions ['colcon_meta']
[0.187s] Level 1:colcon.colcon_core.package_identification:_identify(src/ros_gz_crazyflie/ros_gz_crazyflie_control) by extension 'colcon_meta'
[0.187s] Level 1:colcon.colcon_core.package_identification:_identify(src/ros_gz_crazyflie/ros_gz_crazyflie_control) by extensions ['ros']
[0.187s] Level 1:colcon.colcon_core.package_identification:_identify(src/ros_gz_crazyflie/ros_gz_crazyflie_control) by extension 'ros'
[0.188s] DEBUG:colcon.colcon_core.package_identification:Package 'src/ros_gz_crazyflie/ros_gz_crazyflie_control' with type 'ros.ament_python' and name 'ros_gz_crazyflie_control'
[0.188s] Level 1:colcon.colcon_core.package_identification:_identify(src/ros_gz_crazyflie/ros_gz_crazyflie_gazebo) by extensions ['ignore', 'ignore_ament_install']
[0.188s] Level 1:colcon.colcon_core.package_identification:_identify(src/ros_gz_crazyflie/ros_gz_crazyflie_gazebo) by extension 'ignore'
[0.188s] Level 1:colcon.colcon_core.package_identification:_identify(src/ros_gz_crazyflie/ros_gz_crazyflie_gazebo) by extension 'ignore_ament_install'
[0.188s] Level 1:colcon.colcon_core.package_identification:_identify(src/ros_gz_crazyflie/ros_gz_crazyflie_gazebo) by extensions ['colcon_pkg']
[0.188s] Level 1:colcon.colcon_core.package_identification:_identify(src/ros_gz_crazyflie/ros_gz_crazyflie_gazebo) by extension 'colcon_pkg'
[0.188s] Level 1:colcon.colcon_core.package_identification:_identify(src/ros_gz_crazyflie/ros_gz_crazyflie_gazebo) by extensions ['colcon_meta']
[0.188s] Level 1:colcon.colcon_core.package_identification:_identify(src/ros_gz_crazyflie/ros_gz_crazyflie_gazebo) by extension 'colcon_meta'
[0.188s] Level 1:colcon.colcon_core.package_identification:_identify(src/ros_gz_crazyflie/ros_gz_crazyflie_gazebo) by extensions ['ros']
[0.188s] Level 1:colcon.colcon_core.package_identification:_identify(src/ros_gz_crazyflie/ros_gz_crazyflie_gazebo) by extension 'ros'
[0.188s] DEBUG:colcon.colcon_core.package_identification:Package 'src/ros_gz_crazyflie/ros_gz_crazyflie_gazebo' with type 'ros.ament_cmake' and name 'ros_gz_crazyflie_gazebo'
[0.188s] Level 1:colcon.colcon_core.package_discovery:discover_packages(recursive) using defaults
[0.188s] Level 1:colcon.colcon_core.package_discovery:discover_packages(ignore) discover
[0.188s] Level 1:colcon.colcon_core.package_discovery:discover_packages(ignore) using defaults
[0.188s] Level 1:colcon.colcon_core.package_discovery:discover_packages(path) discover
[0.188s] Level 1:colcon.colcon_core.package_discovery:discover_packages(path) using defaults
[0.209s] Level 1:colcon.colcon_core.package_discovery:discover_packages(prefix_path) check parameters
[0.209s] Level 1:colcon.colcon_core.package_discovery:discover_packages(prefix_path) discover
[0.210s] DEBUG:colcon.colcon_installed_package_information.package_discovery:Found 11 installed packages in /home/raghav/crazyflie_mapping_demo/ros2_ws/install
[0.211s] DEBUG:colcon.colcon_installed_package_information.package_discovery:Found 290 installed packages in /opt/ros/humble
[0.211s] Level 1:colcon.colcon_core.package_discovery:discover_packages(prefix_path) using defaults
[0.234s] Level 5:colcon.colcon_core.verb:set package 'crazyflie_interfaces' build argument 'cmake_args' from command line to '['-DBUILD_TESTING=ON']'
[0.234s] Level 5:colcon.colcon_core.verb:set package 'crazyflie_interfaces' build argument 'cmake_target' from command line to 'None'
[0.234s] Level 5:colcon.colcon_core.verb:set package 'crazyflie_interfaces' build argument 'cmake_target_skip_unavailable' from command line to 'False'
[0.234s] Level 5:colcon.colcon_core.verb:set package 'crazyflie_interfaces' build argument 'cmake_clean_cache' from command line to 'False'
[0.234s] Level 5:colcon.colcon_core.verb:set package 'crazyflie_interfaces' build argument 'cmake_clean_first' from command line to 'False'
[0.234s] Level 5:colcon.colcon_core.verb:set package 'crazyflie_interfaces' build argument 'cmake_force_configure' from command line to 'False'
[0.234s] Level 5:colcon.colcon_core.verb:set package 'crazyflie_interfaces' build argument 'ament_cmake_args' from command line to 'None'
[0.234s] Level 5:colcon.colcon_core.verb:set package 'crazyflie_interfaces' build argument 'catkin_cmake_args' from command line to 'None'
[0.234s] Level 5:colcon.colcon_core.verb:set package 'crazyflie_interfaces' build argument 'catkin_skip_building_tests' from command line to 'False'
[0.234s] DEBUG:colcon.colcon_core.verb:Building package 'crazyflie_interfaces' with the following arguments: {'ament_cmake_args': None, 'build_base': '/home/raghav/crazyflie_mapping_demo/ros2_ws/build/crazyflie_interfaces', 'catkin_cmake_args': None, 'catkin_skip_building_tests': False, 'cmake_args': ['-DBUILD_TESTING=ON'], 'cmake_clean_cache': False, 'cmake_clean_first': False, 'cmake_force_configure': False, 'cmake_target': None, 'cmake_target_skip_unavailable': False, 'install_base': '/home/raghav/crazyflie_mapping_demo/ros2_ws/install/crazyflie_interfaces', 'merge_install': False, 'path': '/home/raghav/crazyflie_mapping_demo/ros2_ws/src/crazyswarm2/crazyflie_interfaces', 'symlink_install': False, 'test_result_base': None}
[0.234s] Level 5:colcon.colcon_core.verb:set package 'crazyflie_ros2_multiranger_simple_mapper' build argument 'cmake_args' from command line to '['-DBUILD_TESTING=ON']'
[0.234s] Level 5:colcon.colcon_core.verb:set package 'crazyflie_ros2_multiranger_simple_mapper' build argument 'cmake_target' from command line to 'None'
[0.234s] Level 5:colcon.colcon_core.verb:set package 'crazyflie_ros2_multiranger_simple_mapper' build argument 'cmake_target_skip_unavailable' from command line to 'False'
[0.234s] Level 5:colcon.colcon_core.verb:set package 'crazyflie_ros2_multiranger_simple_mapper' build argument 'cmake_clean_cache' from command line to 'False'
[0.234s] Level 5:colcon.colcon_core.verb:set package 'crazyflie_ros2_multiranger_simple_mapper' build argument 'cmake_clean_first' from command line to 'False'
[0.234s] Level 5:colcon.colcon_core.verb:set package 'crazyflie_ros2_multiranger_simple_mapper' build argument 'cmake_force_configure' from command line to 'False'
[0.234s] Level 5:colcon.colcon_core.verb:set package 'crazyflie_ros2_multiranger_simple_mapper' build argument 'ament_cmake_args' from command line to 'None'
[0.234s] Level 5:colcon.colcon_core.verb:set package 'crazyflie_ros2_multiranger_simple_mapper' build argument 'catkin_cmake_args' from command line to 'None'
[0.234s] Level 5:colcon.colcon_core.verb:set package 'crazyflie_ros2_multiranger_simple_mapper' build argument 'catkin_skip_building_tests' from command line to 'False'
[0.234s] DEBUG:colcon.colcon_core.verb:Building package 'crazyflie_ros2_multiranger_simple_mapper' with the following arguments: {'ament_cmake_args': None, 'build_base': '/home/raghav/crazyflie_mapping_demo/ros2_ws/build/crazyflie_ros2_multiranger_simple_mapper', 'catkin_cmake_args': None, 'catkin_skip_building_tests': False, 'cmake_args': ['-DBUILD_TESTING=ON'], 'cmake_clean_cache': False, 'cmake_clean_first': False, 'cmake_force_configure': False, 'cmake_target': None, 'cmake_target_skip_unavailable': False, 'install_base': '/home/raghav/crazyflie_mapping_demo/ros2_ws/install/crazyflie_ros2_multiranger_simple_mapper', 'merge_install': False, 'path': '/home/raghav/crazyflie_mapping_demo/ros2_ws/src/crazyflie_ros2_multiranger/crazyflie_ros2_multiranger_simple_mapper', 'symlink_install': False, 'test_result_base': None}
[0.234s] Level 5:colcon.colcon_core.verb:set package 'crazyflie_ros2_multiranger_wall_following' build argument 'cmake_args' from command line to '['-DBUILD_TESTING=ON']'
[0.234s] Level 5:colcon.colcon_core.verb:set package 'crazyflie_ros2_multiranger_wall_following' build argument 'cmake_target' from command line to 'None'
[0.234s] Level 5:colcon.colcon_core.verb:set package 'crazyflie_ros2_multiranger_wall_following' build argument 'cmake_target_skip_unavailable' from command line to 'False'
[0.234s] Level 5:colcon.colcon_core.verb:set package 'crazyflie_ros2_multiranger_wall_following' build argument 'cmake_clean_cache' from command line to 'False'
[0.234s] Level 5:colcon.colcon_core.verb:set package 'crazyflie_ros2_multiranger_wall_following' build argument 'cmake_clean_first' from command line to 'False'
[0.234s] Level 5:colcon.colcon_core.verb:set package 'crazyflie_ros2_multiranger_wall_following' build argument 'cmake_force_configure' from command line to 'False'
[0.234s] Level 5:colcon.colcon_core.verb:set package 'crazyflie_ros2_multiranger_wall_following' build argument 'ament_cmake_args' from command line to 'None'
[0.234s] Level 5:colcon.colcon_core.verb:set package 'crazyflie_ros2_multiranger_wall_following' build argument 'catkin_cmake_args' from command line to 'None'
[0.234s] Level 5:colcon.colcon_core.verb:set package 'crazyflie_ros2_multiranger_wall_following' build argument 'catkin_skip_building_tests' from command line to 'False'
[0.234s] DEBUG:colcon.colcon_core.verb:Building package 'crazyflie_ros2_multiranger_wall_following' with the following arguments: {'ament_cmake_args': None, 'build_base': '/home/raghav/crazyflie_mapping_demo/ros2_ws/build/crazyflie_ros2_multiranger_wall_following', 'catkin_cmake_args': None, 'catkin_skip_building_tests': False, 'cmake_args': ['-DBUILD_TESTING=ON'], 'cmake_clean_cache': False, 'cmake_clean_first': False, 'cmake_force_configure': False, 'cmake_target': None, 'cmake_target_skip_unavailable': False, 'install_base': '/home/raghav/crazyflie_mapping_demo/ros2_ws/install/crazyflie_ros2_multiranger_wall_following', 'merge_install': False, 'path': '/home/raghav/crazyflie_mapping_demo/ros2_ws/src/crazyflie_ros2_multiranger/crazyflie_ros2_multiranger_wall_following', 'symlink_install': False, 'test_result_base': None}
[0.235s] Level 5:colcon.colcon_core.verb:set package 'ros_gz_crazyflie_control' build argument 'cmake_args' from command line to '['-DBUILD_TESTING=ON']'
[0.235s] Level 5:colcon.colcon_core.verb:set package 'ros_gz_crazyflie_control' build argument 'cmake_target' from command line to 'None'
[0.235s] Level 5:colcon.colcon_core.verb:set package 'ros_gz_crazyflie_control' build argument 'cmake_target_skip_unavailable' from command line to 'False'
[0.235s] Level 5:colcon.colcon_core.verb:set package 'ros_gz_crazyflie_control' build argument 'cmake_clean_cache' from command line to 'False'
[0.235s] Level 5:colcon.colcon_core.verb:set package 'ros_gz_crazyflie_control' build argument 'cmake_clean_first' from command line to 'False'
[0.235s] Level 5:colcon.colcon_core.verb:set package 'ros_gz_crazyflie_control' build argument 'cmake_force_configure' from command line to 'False'
[0.235s] Level 5:colcon.colcon_core.verb:set package 'ros_gz_crazyflie_control' build argument 'ament_cmake_args' from command line to 'None'
[0.235s] Level 5:colcon.colcon_core.verb:set package 'ros_gz_crazyflie_control' build argument 'catkin_cmake_args' from command line to 'None'
[0.235s] Level 5:colcon.colcon_core.verb:set package 'ros_gz_crazyflie_control' build argument 'catkin_skip_building_tests' from command line to 'False'
[0.235s] DEBUG:colcon.colcon_core.verb:Building package 'ros_gz_crazyflie_control' with the following arguments: {'ament_cmake_args': None, 'build_base': '/home/raghav/crazyflie_mapping_demo/ros2_ws/build/ros_gz_crazyflie_control', 'catkin_cmake_args': None, 'catkin_skip_building_tests': False, 'cmake_args': ['-DBUILD_TESTING=ON'], 'cmake_clean_cache': False, 'cmake_clean_first': False, 'cmake_force_configure': False, 'cmake_target': None, 'cmake_target_skip_unavailable': False, 'install_base': '/home/raghav/crazyflie_mapping_demo/ros2_ws/install/ros_gz_crazyflie_control', 'merge_install': False, 'path': '/home/raghav/crazyflie_mapping_demo/ros2_ws/src/ros_gz_crazyflie/ros_gz_crazyflie_control', 'symlink_install': False, 'test_result_base': None}
[0.235s] Level 5:colcon.colcon_core.verb:set package 'ros_gz_crazyflie_gazebo' build argument 'cmake_args' from command line to '['-DBUILD_TESTING=ON']'
[0.235s] Level 5:colcon.colcon_core.verb:set package 'ros_gz_crazyflie_gazebo' build argument 'cmake_target' from command line to 'None'
[0.235s] Level 5:colcon.colcon_core.verb:set package 'ros_gz_crazyflie_gazebo' build argument 'cmake_target_skip_unavailable' from command line to 'False'
[0.235s] Level 5:colcon.colcon_core.verb:set package 'ros_gz_crazyflie_gazebo' build argument 'cmake_clean_cache' from command line to 'False'
[0.235s] Level 5:colcon.colcon_core.verb:set package 'ros_gz_crazyflie_gazebo' build argument 'cmake_clean_first' from command line to 'False'
[0.235s] Level 5:colcon.colcon_core.verb:set package 'ros_gz_crazyflie_gazebo' build argument 'cmake_force_configure' from command line to 'False'
[0.235s] Level 5:colcon.colcon_core.verb:set package 'ros_gz_crazyflie_gazebo' build argument 'ament_cmake_args' from command line to 'None'
[0.235s] Level 5:colcon.colcon_core.verb:set package 'ros_gz_crazyflie_gazebo' build argument 'catkin_cmake_args' from command line to 'None'
[0.235s] Level 5:colcon.colcon_core.verb:set package 'ros_gz_crazyflie_gazebo' build argument 'catkin_skip_building_tests' from command line to 'False'
[0.235s] DEBUG:colcon.colcon_core.verb:Building package 'ros_gz_crazyflie_gazebo' with the following arguments: {'ament_cmake_args': None, 'build_base': '/home/raghav/crazyflie_mapping_demo/ros2_ws/build/ros_gz_crazyflie_gazebo', 'catkin_cmake_args': None, 'catkin_skip_building_tests': False, 'cmake_args': ['-DBUILD_TESTING=ON'], 'cmake_clean_cache': False, 'cmake_clean_first': False, 'cmake_force_configure': False, 'cmake_target': None, 'cmake_target_skip_unavailable': False, 'install_base': '/home/raghav/crazyflie_mapping_demo/ros2_ws/install/ros_gz_crazyflie_gazebo', 'merge_install': False, 'path': '/home/raghav/crazyflie_mapping_demo/ros2_ws/src/ros_gz_crazyflie/ros_gz_crazyflie_gazebo', 'symlink_install': False, 'test_result_base': None}
[0.235s] Level 5:colcon.colcon_core.verb:set package 'crazyflie' build argument 'cmake_args' from command line to '['-DBUILD_TESTING=ON']'
[0.235s] Level 5:colcon.colcon_core.verb:set package 'crazyflie' build argument 'cmake_target' from command line to 'None'
[0.235s] Level 5:colcon.colcon_core.verb:set package 'crazyflie' build argument 'cmake_target_skip_unavailable' from command line to 'False'
[0.235s] Level 5:colcon.colcon_core.verb:set package 'crazyflie' build argument 'cmake_clean_cache' from command line to 'False'
[0.235s] Level 5:colcon.colcon_core.verb:set package 'crazyflie' build argument 'cmake_clean_first' from command line to 'False'
[0.235s] Level 5:colcon.colcon_core.verb:set package 'crazyflie' build argument 'cmake_force_configure' from command line to 'False'
[0.235s] Level 5:colcon.colcon_core.verb:set package 'crazyflie' build argument 'ament_cmake_args' from command line to 'None'
[0.235s] Level 5:colcon.colcon_core.verb:set package 'crazyflie' build argument 'catkin_cmake_args' from command line to 'None'
[0.235s] Level 5:colcon.colcon_core.verb:set package 'crazyflie' build argument 'catkin_skip_building_tests' from command line to 'False'
[0.235s] DEBUG:colcon.colcon_core.verb:Building package 'crazyflie' with the following arguments: {'ament_cmake_args': None, 'build_base': '/home/raghav/crazyflie_mapping_demo/ros2_ws/build/crazyflie', 'catkin_cmake_args': None, 'catkin_skip_building_tests': False, 'cmake_args': ['-DBUILD_TESTING=ON'], 'cmake_clean_cache': False, 'cmake_clean_first': False, 'cmake_force_configure': False, 'cmake_target': None, 'cmake_target_skip_unavailable': False, 'install_base': '/home/raghav/crazyflie_mapping_demo/ros2_ws/install/crazyflie', 'merge_install': False, 'path': '/home/raghav/crazyflie_mapping_demo/ros2_ws/src/crazyswarm2/crazyflie', 'symlink_install': False, 'test_result_base': None}
[0.236s] Level 5:colcon.colcon_core.verb:set package 'crazyflie_py' build argument 'cmake_args' from command line to '['-DBUILD_TESTING=ON']'
[0.236s] Level 5:colcon.colcon_core.verb:set package 'crazyflie_py' build argument 'cmake_target' from command line to 'None'
[0.236s] Level 5:colcon.colcon_core.verb:set package 'crazyflie_py' build argument 'cmake_target_skip_unavailable' from command line to 'False'
[0.236s] Level 5:colcon.colcon_core.verb:set package 'crazyflie_py' build argument 'cmake_clean_cache' from command line to 'False'
[0.236s] Level 5:colcon.colcon_core.verb:set package 'crazyflie_py' build argument 'cmake_clean_first' from command line to 'False'
[0.236s] Level 5:colcon.colcon_core.verb:set package 'crazyflie_py' build argument 'cmake_force_configure' from command line to 'False'
[0.236s] Level 5:colcon.colcon_core.verb:set package 'crazyflie_py' build argument 'ament_cmake_args' from command line to 'None'
[0.236s] Level 5:colcon.colcon_core.verb:set package 'crazyflie_py' build argument 'catkin_cmake_args' from command line to 'None'
[0.236s] Level 5:colcon.colcon_core.verb:set package 'crazyflie_py' build argument 'catkin_skip_building_tests' from command line to 'False'
[0.236s] DEBUG:colcon.colcon_core.verb:Building package 'crazyflie_py' with the following arguments: {'ament_cmake_args': None, 'build_base': '/home/raghav/crazyflie_mapping_demo/ros2_ws/build/crazyflie_py', 'catkin_cmake_args': None, 'catkin_skip_building_tests': False, 'cmake_args': ['-DBUILD_TESTING=ON'], 'cmake_clean_cache': False, 'cmake_clean_first': False, 'cmake_force_configure': False, 'cmake_target': None, 'cmake_target_skip_unavailable': False, 'install_base': '/home/raghav/crazyflie_mapping_demo/ros2_ws/install/crazyflie_py', 'merge_install': False, 'path': '/home/raghav/crazyflie_mapping_demo/ros2_ws/src/crazyswarm2/crazyflie_py', 'symlink_install': False, 'test_result_base': None}
[0.236s] Level 5:colcon.colcon_core.verb:set package 'crazyflie_sim' build argument 'cmake_args' from command line to '['-DBUILD_TESTING=ON']'
[0.236s] Level 5:colcon.colcon_core.verb:set package 'crazyflie_sim' build argument 'cmake_target' from command line to 'None'
[0.236s] Level 5:colcon.colcon_core.verb:set package 'crazyflie_sim' build argument 'cmake_target_skip_unavailable' from command line to 'False'
[0.236s] Level 5:colcon.colcon_core.verb:set package 'crazyflie_sim' build argument 'cmake_clean_cache' from command line to 'False'
[0.236s] Level 5:colcon.colcon_core.verb:set package 'crazyflie_sim' build argument 'cmake_clean_first' from command line to 'False'
[0.236s] Level 5:colcon.colcon_core.verb:set package 'crazyflie_sim' build argument 'cmake_force_configure' from command line to 'False'
[0.236s] Level 5:colcon.colcon_core.verb:set package 'crazyflie_sim' build argument 'ament_cmake_args' from command line to 'None'
[0.236s] Level 5:colcon.colcon_core.verb:set package 'crazyflie_sim' build argument 'catkin_cmake_args' from command line to 'None'
[0.236s] Level 5:colcon.colcon_core.verb:set package 'crazyflie_sim' build argument 'catkin_skip_building_tests' from command line to 'False'
[0.236s] DEBUG:colcon.colcon_core.verb:Building package 'crazyflie_sim' with the following arguments: {'ament_cmake_args': None, 'build_base': '/home/raghav/crazyflie_mapping_demo/ros2_ws/build/crazyflie_sim', 'catkin_cmake_args': None, 'catkin_skip_building_tests': False, 'cmake_args': ['-DBUILD_TESTING=ON'], 'cmake_clean_cache': False, 'cmake_clean_first': False, 'cmake_force_configure': False, 'cmake_target': None, 'cmake_target_skip_unavailable': False, 'install_base': '/home/raghav/crazyflie_mapping_demo/ros2_ws/install/crazyflie_sim', 'merge_install': False, 'path': '/home/raghav/crazyflie_mapping_demo/ros2_ws/src/crazyswarm2/crazyflie_sim', 'symlink_install': False, 'test_result_base': None}
[0.236s] Level 5:colcon.colcon_core.verb:set package 'ros_gz_crazyflie_bringup' build argument 'cmake_args' from command line to '['-DBUILD_TESTING=ON']'
[0.236s] Level 5:colcon.colcon_core.verb:set package 'ros_gz_crazyflie_bringup' build argument 'cmake_target' from command line to 'None'
[0.236s] Level 5:colcon.colcon_core.verb:set package 'ros_gz_crazyflie_bringup' build argument 'cmake_target_skip_unavailable' from command line to 'False'
[0.236s] Level 5:colcon.colcon_core.verb:set package 'ros_gz_crazyflie_bringup' build argument 'cmake_clean_cache' from command line to 'False'
[0.236s] Level 5:colcon.colcon_core.verb:set package 'ros_gz_crazyflie_bringup' build argument 'cmake_clean_first' from command line to 'False'
[0.236s] Level 5:colcon.colcon_core.verb:set package 'ros_gz_crazyflie_bringup' build argument 'cmake_force_configure' from command line to 'False'
[0.236s] Level 5:colcon.colcon_core.verb:set package 'ros_gz_crazyflie_bringup' build argument 'ament_cmake_args' from command line to 'None'
[0.236s] Level 5:colcon.colcon_core.verb:set package 'ros_gz_crazyflie_bringup' build argument 'catkin_cmake_args' from command line to 'None'
[0.236s] Level 5:colcon.colcon_core.verb:set package 'ros_gz_crazyflie_bringup' build argument 'catkin_skip_building_tests' from command line to 'False'
[0.236s] DEBUG:colcon.colcon_core.verb:Building package 'ros_gz_crazyflie_bringup' with the following arguments: {'ament_cmake_args': None, 'build_base': '/home/raghav/crazyflie_mapping_demo/ros2_ws/build/ros_gz_crazyflie_bringup', 'catkin_cmake_args': None, 'catkin_skip_building_tests': False, 'cmake_args': ['-DBUILD_TESTING=ON'], 'cmake_clean_cache': False, 'cmake_clean_first': False, 'cmake_force_configure': False, 'cmake_target': None, 'cmake_target_skip_unavailable': False, 'install_base': '/home/raghav/crazyflie_mapping_demo/ros2_ws/install/ros_gz_crazyflie_bringup', 'merge_install': False, 'path': '/home/raghav/crazyflie_mapping_demo/ros2_ws/src/ros_gz_crazyflie/ros_gz_crazyflie_bringup', 'symlink_install': False, 'test_result_base': None}
[0.237s] Level 5:colcon.colcon_core.verb:set package 'crazyflie_examples' build argument 'cmake_args' from command line to '['-DBUILD_TESTING=ON']'
[0.237s] Level 5:colcon.colcon_core.verb:set package 'crazyflie_examples' build argument 'cmake_target' from command line to 'None'
[0.237s] Level 5:colcon.colcon_core.verb:set package 'crazyflie_examples' build argument 'cmake_target_skip_unavailable' from command line to 'False'
[0.237s] Level 5:colcon.colcon_core.verb:set package 'crazyflie_examples' build argument 'cmake_clean_cache' from command line to 'False'
[0.237s] Level 5:colcon.colcon_core.verb:set package 'crazyflie_examples' build argument 'cmake_clean_first' from command line to 'False'
[0.237s] Level 5:colcon.colcon_core.verb:set package 'crazyflie_examples' build argument 'cmake_force_configure' from command line to 'False'
[0.237s] Level 5:colcon.colcon_core.verb:set package 'crazyflie_examples' build argument 'ament_cmake_args' from command line to 'None'
[0.237s] Level 5:colcon.colcon_core.verb:set package 'crazyflie_examples' build argument 'catkin_cmake_args' from command line to 'None'
[0.237s] Level 5:colcon.colcon_core.verb:set package 'crazyflie_examples' build argument 'catkin_skip_building_tests' from command line to 'False'
[0.237s] DEBUG:colcon.colcon_core.verb:Building package 'crazyflie_examples' with the following arguments: {'ament_cmake_args': None, 'build_base': '/home/raghav/crazyflie_mapping_demo/ros2_ws/build/crazyflie_examples', 'catkin_cmake_args': None, 'catkin_skip_building_tests': False, 'cmake_args': ['-DBUILD_TESTING=ON'], 'cmake_clean_cache': False, 'cmake_clean_first': False, 'cmake_force_configure': False, 'cmake_target': None, 'cmake_target_skip_unavailable': False, 'install_base': '/home/raghav/crazyflie_mapping_demo/ros2_ws/install/crazyflie_examples', 'merge_install': False, 'path': '/home/raghav/crazyflie_mapping_demo/ros2_ws/src/crazyswarm2/crazyflie_examples', 'symlink_install': False, 'test_result_base': None}
[0.237s] Level 5:colcon.colcon_core.verb:set package 'crazyflie_ros2_multiranger_bringup' build argument 'cmake_args' from command line to '['-DBUILD_TESTING=ON']'
[0.237s] Level 5:colcon.colcon_core.verb:set package 'crazyflie_ros2_multiranger_bringup' build argument 'cmake_target' from command line to 'None'
[0.237s] Level 5:colcon.colcon_core.verb:set package 'crazyflie_ros2_multiranger_bringup' build argument 'cmake_target_skip_unavailable' from command line to 'False'
[0.237s] Level 5:colcon.colcon_core.verb:set package 'crazyflie_ros2_multiranger_bringup' build argument 'cmake_clean_cache' from command line to 'False'
[0.237s] Level 5:colcon.colcon_core.verb:set package 'crazyflie_ros2_multiranger_bringup' build argument 'cmake_clean_first' from command line to 'False'
[0.237s] Level 5:colcon.colcon_core.verb:set package 'crazyflie_ros2_multiranger_bringup' build argument 'cmake_force_configure' from command line to 'False'
[0.237s] Level 5:colcon.colcon_core.verb:set package 'crazyflie_ros2_multiranger_bringup' build argument 'ament_cmake_args' from command line to 'None'
[0.237s] Level 5:colcon.colcon_core.verb:set package 'crazyflie_ros2_multiranger_bringup' build argument 'catkin_cmake_args' from command line to 'None'
[0.237s] Level 5:colcon.colcon_core.verb:set package 'crazyflie_ros2_multiranger_bringup' build argument 'catkin_skip_building_tests' from command line to 'False'
[0.237s] DEBUG:colcon.colcon_core.verb:Building package 'crazyflie_ros2_multiranger_bringup' with the following arguments: {'ament_cmake_args': None, 'build_base': '/home/raghav/crazyflie_mapping_demo/ros2_ws/build/crazyflie_ros2_multiranger_bringup', 'catkin_cmake_args': None, 'catkin_skip_building_tests': False, 'cmake_args': ['-DBUILD_TESTING=ON'], 'cmake_clean_cache': False, 'cmake_clean_first': False, 'cmake_force_configure': False, 'cmake_target': None, 'cmake_target_skip_unavailable': False, 'install_base': '/home/raghav/crazyflie_mapping_demo/ros2_ws/install/crazyflie_ros2_multiranger_bringup', 'merge_install': False, 'path': '/home/raghav/crazyflie_mapping_demo/ros2_ws/src/crazyflie_ros2_multiranger/crazyflie_ros2_multiranger_bringup', 'symlink_install': False, 'test_result_base': None}
[0.237s] INFO:colcon.colcon_core.executor:Executing jobs using 'parallel' executor
[0.238s] DEBUG:colcon.colcon_parallel_executor.executor.parallel:run_until_complete
[0.238s] INFO:colcon.colcon_ros.task.ament_cmake.build:Building ROS package in '/home/raghav/crazyflie_mapping_demo/ros2_ws/src/crazyswarm2/crazyflie_interfaces' with build type 'ament_cmake'
[0.238s] INFO:colcon.colcon_cmake.task.cmake.build:Building CMake package in '/home/raghav/crazyflie_mapping_demo/ros2_ws/src/crazyswarm2/crazyflie_interfaces'
[0.240s] INFO:colcon.colcon_core.plugin_system:Skipping extension 'colcon_core.shell.bat': Not used on non-Windows systems
[0.240s] INFO:colcon.colcon_core.shell:Skip shell extension 'powershell' for command environment: Not usable outside of PowerShell
[0.240s] DEBUG:colcon.colcon_core.shell:Skip shell extension 'dsv' for command environment
[0.242s] INFO:colcon.colcon_ros.task.ament_cmake.build:Building ROS package in '/home/raghav/crazyflie_mapping_demo/ros2_ws/src/ros_gz_crazyflie/ros_gz_crazyflie_gazebo' with build type 'ament_cmake'
[0.242s] INFO:colcon.colcon_cmake.task.cmake.build:Building CMake package in '/home/raghav/crazyflie_mapping_demo/ros2_ws/src/ros_gz_crazyflie/ros_gz_crazyflie_gazebo'
[0.242s] INFO:colcon.colcon_core.shell:Skip shell extension 'powershell' for command environment: Not usable outside of PowerShell
[0.243s] DEBUG:colcon.colcon_core.shell:Skip shell extension 'dsv' for command environment
[0.245s] INFO:colcon.colcon_ros.task.ament_python.build:Building ROS package in '/home/raghav/crazyflie_mapping_demo/ros2_ws/src/crazyflie_ros2_multiranger/crazyflie_ros2_multiranger_simple_mapper' with build type 'ament_python'
[0.245s] Level 1:colcon.colcon_core.shell:create_environment_hook('crazyflie_ros2_multiranger_simple_mapper', 'ament_prefix_path')
[0.245s] INFO:colcon.colcon_core.shell:Creating environment hook '/home/raghav/crazyflie_mapping_demo/ros2_ws/install/crazyflie_ros2_multiranger_simple_mapper/share/crazyflie_ros2_multiranger_simple_mapper/hook/ament_prefix_path.ps1'
[0.245s] INFO:colcon.colcon_core.shell:Creating environment descriptor '/home/raghav/crazyflie_mapping_demo/ros2_ws/install/crazyflie_ros2_multiranger_simple_mapper/share/crazyflie_ros2_multiranger_simple_mapper/hook/ament_prefix_path.dsv'
[0.246s] INFO:colcon.colcon_core.shell:Creating environment hook '/home/raghav/crazyflie_mapping_demo/ros2_ws/install/crazyflie_ros2_multiranger_simple_mapper/share/crazyflie_ros2_multiranger_simple_mapper/hook/ament_prefix_path.sh'
[0.246s] INFO:colcon.colcon_core.shell:Skip shell extension 'powershell' for command environment: Not usable outside of PowerShell
[0.246s] DEBUG:colcon.colcon_core.shell:Skip shell extension 'dsv' for command environment
[0.248s] INFO:colcon.colcon_ros.task.ament_python.build:Building ROS package in '/home/raghav/crazyflie_mapping_demo/ros2_ws/src/crazyflie_ros2_multiranger/crazyflie_ros2_multiranger_wall_following' with build type 'ament_python'
[0.248s] Level 1:colcon.colcon_core.shell:create_environment_hook('crazyflie_ros2_multiranger_wall_following', 'ament_prefix_path')
[0.249s] INFO:colcon.colcon_core.shell:Creating environment hook '/home/raghav/crazyflie_mapping_demo/ros2_ws/install/crazyflie_ros2_multiranger_wall_following/share/crazyflie_ros2_multiranger_wall_following/hook/ament_prefix_path.ps1'
[0.249s] INFO:colcon.colcon_core.shell:Creating environment descriptor '/home/raghav/crazyflie_mapping_demo/ros2_ws/install/crazyflie_ros2_multiranger_wall_following/share/crazyflie_ros2_multiranger_wall_following/hook/ament_prefix_path.dsv'
[0.249s] INFO:colcon.colcon_core.shell:Creating environment hook '/home/raghav/crazyflie_mapping_demo/ros2_ws/install/crazyflie_ros2_multiranger_wall_following/share/crazyflie_ros2_multiranger_wall_following/hook/ament_prefix_path.sh'
[0.249s] INFO:colcon.colcon_core.shell:Skip shell extension 'powershell' for command environment: Not usable outside of PowerShell
[0.249s] DEBUG:colcon.colcon_core.shell:Skip shell extension 'dsv' for command environment
[0.252s] INFO:colcon.colcon_ros.task.ament_python.build:Building ROS package in '/home/raghav/crazyflie_mapping_demo/ros2_ws/src/ros_gz_crazyflie/ros_gz_crazyflie_control' with build type 'ament_python'
[0.252s] Level 1:colcon.colcon_core.shell:create_environment_hook('ros_gz_crazyflie_control', 'ament_prefix_path')
[0.252s] INFO:colcon.colcon_core.shell:Creating environment hook '/home/raghav/crazyflie_mapping_demo/ros2_ws/install/ros_gz_crazyflie_control/share/ros_gz_crazyflie_control/hook/ament_prefix_path.ps1'
[0.252s] INFO:colcon.colcon_core.shell:Creating environment descriptor '/home/raghav/crazyflie_mapping_demo/ros2_ws/install/ros_gz_crazyflie_control/share/ros_gz_crazyflie_control/hook/ament_prefix_path.dsv'
[0.252s] INFO:colcon.colcon_core.shell:Creating environment hook '/home/raghav/crazyflie_mapping_demo/ros2_ws/install/ros_gz_crazyflie_control/share/ros_gz_crazyflie_control/hook/ament_prefix_path.sh'
[0.253s] INFO:colcon.colcon_core.shell:Skip shell extension 'powershell' for command environment: Not usable outside of PowerShell
[0.253s] DEBUG:colcon.colcon_core.shell:Skip shell extension 'dsv' for command environment
[0.259s] DEBUG:colcon.colcon_core.event_handler.log_command:Invoking command in '/home/raghav/crazyflie_mapping_demo/ros2_ws/build/crazyflie_interfaces': CMAKE_PREFIX_PATH=${CMAKE_PREFIX_PATH}:/home/raghav/crazyflie_mapping_demo/ros2_ws/install/ros_gz_crazyflie_control:/home/raghav/crazyflie_mapping_demo/ros2_ws/install/crazyflie_ros2_multiranger_wall_following:/home/raghav/crazyflie_mapping_demo/ros2_ws/install/crazyflie_ros2_multiranger_simple_mapper:/home/raghav/crazyflie_mapping_demo/ros2_ws/install/crazyflie_py:/opt/ros/humble /usr/bin/cmake --build /home/raghav/crazyflie_mapping_demo/ros2_ws/build/crazyflie_interfaces -- -j20 -l20
[0.260s] DEBUG:colcon.colcon_core.event_handler.log_command:Invoking command in '/home/raghav/crazyflie_mapping_demo/ros2_ws/build/ros_gz_crazyflie_gazebo': CMAKE_PREFIX_PATH=${CMAKE_PREFIX_PATH}:/home/raghav/crazyflie_mapping_demo/ros2_ws/install/ros_gz_crazyflie_control:/home/raghav/crazyflie_mapping_demo/ros2_ws/install/crazyflie_ros2_multiranger_wall_following:/home/raghav/crazyflie_mapping_demo/ros2_ws/install/crazyflie_ros2_multiranger_simple_mapper:/home/raghav/crazyflie_mapping_demo/ros2_ws/install/crazyflie_py:/opt/ros/humble /usr/bin/cmake --build /home/raghav/crazyflie_mapping_demo/ros2_ws/build/ros_gz_crazyflie_gazebo -- -j20 -l20
[0.424s] INFO:colcon.colcon_core.task.python.build:Building Python package in '/home/raghav/crazyflie_mapping_demo/ros2_ws/src/crazyflie_ros2_multiranger/crazyflie_ros2_multiranger_simple_mapper'
[0.425s] INFO:colcon.colcon_core.shell:Skip shell extension 'powershell' for command environment: Not usable outside of PowerShell
[0.425s] DEBUG:colcon.colcon_core.shell:Skip shell extension 'dsv' for command environment
[0.583s] INFO:colcon.colcon_core.task.python.build:Building Python package in '/home/raghav/crazyflie_mapping_demo/ros2_ws/src/crazyflie_ros2_multiranger/crazyflie_ros2_multiranger_wall_following'
[0.583s] INFO:colcon.colcon_core.shell:Skip shell extension 'powershell' for command environment: Not usable outside of PowerShell
[0.583s] DEBUG:colcon.colcon_core.shell:Skip shell extension 'dsv' for command environment
[0.743s] INFO:colcon.colcon_core.task.python.build:Building Python package in '/home/raghav/crazyflie_mapping_demo/ros2_ws/src/ros_gz_crazyflie/ros_gz_crazyflie_control'
[0.744s] INFO:colcon.colcon_core.shell:Skip shell extension 'powershell' for command environment: Not usable outside of PowerShell
[0.744s] DEBUG:colcon.colcon_core.shell:Skip shell extension 'dsv' for command environment
[0.747s] DEBUG:colcon.colcon_core.event_handler.log_command:Invoked command in '/home/raghav/crazyflie_mapping_demo/ros2_ws/build/ros_gz_crazyflie_gazebo' returned '0': CMAKE_PREFIX_PATH=${CMAKE_PREFIX_PATH}:/home/raghav/crazyflie_mapping_demo/ros2_ws/install/ros_gz_crazyflie_control:/home/raghav/crazyflie_mapping_demo/ros2_ws/install/crazyflie_ros2_multiranger_wall_following:/home/raghav/crazyflie_mapping_demo/ros2_ws/install/crazyflie_ros2_multiranger_simple_mapper:/home/raghav/crazyflie_mapping_demo/ros2_ws/install/crazyflie_py:/opt/ros/humble /usr/bin/cmake --build /home/raghav/crazyflie_mapping_demo/ros2_ws/build/ros_gz_crazyflie_gazebo -- -j20 -l20
[0.754s] DEBUG:colcon.colcon_core.event_handler.log_command:Invoking command in '/home/raghav/crazyflie_mapping_demo/ros2_ws/build/ros_gz_crazyflie_gazebo': CMAKE_PREFIX_PATH=${CMAKE_PREFIX_PATH}:/home/raghav/crazyflie_mapping_demo/ros2_ws/install/ros_gz_crazyflie_control:/home/raghav/crazyflie_mapping_demo/ros2_ws/install/crazyflie_ros2_multiranger_wall_following:/home/raghav/crazyflie_mapping_demo/ros2_ws/install/crazyflie_ros2_multiranger_simple_mapper:/home/raghav/crazyflie_mapping_demo/ros2_ws/install/crazyflie_py:/opt/ros/humble /usr/bin/cmake --install /home/raghav/crazyflie_mapping_demo/ros2_ws/build/ros_gz_crazyflie_gazebo
[0.754s] DEBUG:colcon.colcon_core.event_handler.log_command:Invoked command in '/home/raghav/crazyflie_mapping_demo/ros2_ws/build/crazyflie_interfaces' returned '0': CMAKE_PREFIX_PATH=${CMAKE_PREFIX_PATH}:/home/raghav/crazyflie_mapping_demo/ros2_ws/install/ros_gz_crazyflie_control:/home/raghav/crazyflie_mapping_demo/ros2_ws/install/crazyflie_ros2_multiranger_wall_following:/home/raghav/crazyflie_mapping_demo/ros2_ws/install/crazyflie_ros2_multiranger_simple_mapper:/home/raghav/crazyflie_mapping_demo/ros2_ws/install/crazyflie_py:/opt/ros/humble /usr/bin/cmake --build /home/raghav/crazyflie_mapping_demo/ros2_ws/build/crazyflie_interfaces -- -j20 -l20
[0.755s] DEBUG:colcon.colcon_core.event_handler.log_command:Invoking command in '/home/raghav/crazyflie_mapping_demo/ros2_ws/build/crazyflie_interfaces': CMAKE_PREFIX_PATH=${CMAKE_PREFIX_PATH}:/home/raghav/crazyflie_mapping_demo/ros2_ws/install/ros_gz_crazyflie_control:/home/raghav/crazyflie_mapping_demo/ros2_ws/install/crazyflie_ros2_multiranger_wall_following:/home/raghav/crazyflie_mapping_demo/ros2_ws/install/crazyflie_ros2_multiranger_simple_mapper:/home/raghav/crazyflie_mapping_demo/ros2_ws/install/crazyflie_py:/opt/ros/humble /usr/bin/cmake --install /home/raghav/crazyflie_mapping_demo/ros2_ws/build/crazyflie_interfaces
[0.773s] Level 1:colcon.colcon_core.environment:create_environment_scripts_only(ros_gz_crazyflie_gazebo)
[0.774s] DEBUG:colcon.colcon_core.event_handler.log_command:Invoked command in '/home/raghav/crazyflie_mapping_demo/ros2_ws/build/ros_gz_crazyflie_gazebo' returned '0': CMAKE_PREFIX_PATH=${CMAKE_PREFIX_PATH}:/home/raghav/crazyflie_mapping_demo/ros2_ws/install/ros_gz_crazyflie_control:/home/raghav/crazyflie_mapping_demo/ros2_ws/install/crazyflie_ros2_multiranger_wall_following:/home/raghav/crazyflie_mapping_demo/ros2_ws/install/crazyflie_ros2_multiranger_simple_mapper:/home/raghav/crazyflie_mapping_demo/ros2_ws/install/crazyflie_py:/opt/ros/humble /usr/bin/cmake --install /home/raghav/crazyflie_mapping_demo/ros2_ws/build/ros_gz_crazyflie_gazebo
[0.778s] Level 1:colcon.colcon_core.environment:checking '/home/raghav/crazyflie_mapping_demo/ros2_ws/install/ros_gz_crazyflie_gazebo' for CMake module files
[0.779s] Level 1:colcon.colcon_core.environment:checking '/home/raghav/crazyflie_mapping_demo/ros2_ws/install/ros_gz_crazyflie_gazebo' for CMake config files
[0.780s] Level 1:colcon.colcon_core.shell:create_environment_hook('ros_gz_crazyflie_gazebo', 'cmake_prefix_path')
[0.780s] INFO:colcon.colcon_core.shell:Creating environment hook '/home/raghav/crazyflie_mapping_demo/ros2_ws/install/ros_gz_crazyflie_gazebo/share/ros_gz_crazyflie_gazebo/hook/cmake_prefix_path.ps1'
[0.781s] INFO:colcon.colcon_core.shell:Creating environment descriptor '/home/raghav/crazyflie_mapping_demo/ros2_ws/install/ros_gz_crazyflie_gazebo/share/ros_gz_crazyflie_gazebo/hook/cmake_prefix_path.dsv'
[0.781s] INFO:colcon.colcon_core.shell:Creating environment hook '/home/raghav/crazyflie_mapping_demo/ros2_ws/install/ros_gz_crazyflie_gazebo/share/ros_gz_crazyflie_gazebo/hook/cmake_prefix_path.sh'
[0.783s] Level 1:colcon.colcon_core.environment:checking '/home/raghav/crazyflie_mapping_demo/ros2_ws/install/ros_gz_crazyflie_gazebo/bin'
[0.783s] Level 1:colcon.colcon_core.environment:checking '/home/raghav/crazyflie_mapping_demo/ros2_ws/install/ros_gz_crazyflie_gazebo/lib/pkgconfig/ros_gz_crazyflie_gazebo.pc'
[0.783s] Level 1:colcon.colcon_core.environment:checking '/home/raghav/crazyflie_mapping_demo/ros2_ws/install/ros_gz_crazyflie_gazebo/lib/python3.10/site-packages'
[0.783s] Level 1:colcon.colcon_core.environment:checking '/home/raghav/crazyflie_mapping_demo/ros2_ws/install/ros_gz_crazyflie_gazebo/bin'
[0.783s] INFO:colcon.colcon_core.shell:Creating package script '/home/raghav/crazyflie_mapping_demo/ros2_ws/install/ros_gz_crazyflie_gazebo/share/ros_gz_crazyflie_gazebo/package.ps1'
[0.784s] INFO:colcon.colcon_core.shell:Creating package descriptor '/home/raghav/crazyflie_mapping_demo/ros2_ws/install/ros_gz_crazyflie_gazebo/share/ros_gz_crazyflie_gazebo/package.dsv'
[0.785s] INFO:colcon.colcon_core.shell:Creating package script '/home/raghav/crazyflie_mapping_demo/ros2_ws/install/ros_gz_crazyflie_gazebo/share/ros_gz_crazyflie_gazebo/package.sh'
[0.787s] INFO:colcon.colcon_core.shell:Creating package script '/home/raghav/crazyflie_mapping_demo/ros2_ws/install/ros_gz_crazyflie_gazebo/share/ros_gz_crazyflie_gazebo/package.bash'
[0.788s] INFO:colcon.colcon_core.shell:Creating package script '/home/raghav/crazyflie_mapping_demo/ros2_ws/install/ros_gz_crazyflie_gazebo/share/ros_gz_crazyflie_gazebo/package.zsh'
[0.789s] Level 1:colcon.colcon_core.environment:create_file_with_runtime_dependencies(/home/raghav/crazyflie_mapping_demo/ros2_ws/install/ros_gz_crazyflie_gazebo/share/colcon-core/packages/ros_gz_crazyflie_gazebo)
[0.791s] Level 1:colcon.colcon_core.environment:create_environment_scripts_only(ros_gz_crazyflie_gazebo)
[0.791s] Level 1:colcon.colcon_core.environment:checking '/home/raghav/crazyflie_mapping_demo/ros2_ws/install/ros_gz_crazyflie_gazebo' for CMake module files
[0.793s] Level 1:colcon.colcon_core.environment:checking '/home/raghav/crazyflie_mapping_demo/ros2_ws/install/ros_gz_crazyflie_gazebo' for CMake config files
[0.794s] Level 1:colcon.colcon_core.shell:create_environment_hook('ros_gz_crazyflie_gazebo', 'cmake_prefix_path')
[0.794s] INFO:colcon.colcon_core.shell:Creating environment hook '/home/raghav/crazyflie_mapping_demo/ros2_ws/install/ros_gz_crazyflie_gazebo/share/ros_gz_crazyflie_gazebo/hook/cmake_prefix_path.ps1'
[0.795s] INFO:colcon.colcon_core.shell:Creating environment descriptor '/home/raghav/crazyflie_mapping_demo/ros2_ws/install/ros_gz_crazyflie_gazebo/share/ros_gz_crazyflie_gazebo/hook/cmake_prefix_path.dsv'
[0.796s] INFO:colcon.colcon_core.shell:Creating environment hook '/home/raghav/crazyflie_mapping_demo/ros2_ws/install/ros_gz_crazyflie_gazebo/share/ros_gz_crazyflie_gazebo/hook/cmake_prefix_path.sh'
[0.798s] Level 1:colcon.colcon_core.environment:checking '/home/raghav/crazyflie_mapping_demo/ros2_ws/install/ros_gz_crazyflie_gazebo/bin'
[0.798s] Level 1:colcon.colcon_core.environment:checking '/home/raghav/crazyflie_mapping_demo/ros2_ws/install/ros_gz_crazyflie_gazebo/lib/pkgconfig/ros_gz_crazyflie_gazebo.pc'
[0.798s] Level 1:colcon.colcon_core.environment:checking '/home/raghav/crazyflie_mapping_demo/ros2_ws/install/ros_gz_crazyflie_gazebo/lib/python3.10/site-packages'
[0.799s] Level 1:colcon.colcon_core.environment:checking '/home/raghav/crazyflie_mapping_demo/ros2_ws/install/ros_gz_crazyflie_gazebo/bin'
[0.799s] INFO:colcon.colcon_core.shell:Creating package script '/home/raghav/crazyflie_mapping_demo/ros2_ws/install/ros_gz_crazyflie_gazebo/share/ros_gz_crazyflie_gazebo/package.ps1'
[0.800s] INFO:colcon.colcon_core.shell:Creating package descriptor '/home/raghav/crazyflie_mapping_demo/ros2_ws/install/ros_gz_crazyflie_gazebo/share/ros_gz_crazyflie_gazebo/package.dsv'
[0.802s] INFO:colcon.colcon_core.shell:Creating package script '/home/raghav/crazyflie_mapping_demo/ros2_ws/install/ros_gz_crazyflie_gazebo/share/ros_gz_crazyflie_gazebo/package.sh'
[0.803s] INFO:colcon.colcon_core.shell:Creating package script '/home/raghav/crazyflie_mapping_demo/ros2_ws/install/ros_gz_crazyflie_gazebo/share/ros_gz_crazyflie_gazebo/package.bash'
[0.804s] INFO:colcon.colcon_core.shell:Creating package script '/home/raghav/crazyflie_mapping_demo/ros2_ws/install/ros_gz_crazyflie_gazebo/share/ros_gz_crazyflie_gazebo/package.zsh'
[0.805s] Level 1:colcon.colcon_core.environment:create_file_with_runtime_dependencies(/home/raghav/crazyflie_mapping_demo/ros2_ws/install/ros_gz_crazyflie_gazebo/share/colcon-core/packages/ros_gz_crazyflie_gazebo)
[0.806s] INFO:colcon.colcon_ros.task.ament_cmake.build:Building ROS package in '/home/raghav/crazyflie_mapping_demo/ros2_ws/src/ros_gz_crazyflie/ros_gz_crazyflie_bringup' with build type 'ament_cmake'
[0.806s] INFO:colcon.colcon_cmake.task.cmake.build:Building CMake package in '/home/raghav/crazyflie_mapping_demo/ros2_ws/src/ros_gz_crazyflie/ros_gz_crazyflie_bringup'
[0.807s] INFO:colcon.colcon_core.shell:Skip shell extension 'powershell' for command environment: Not usable outside of PowerShell
[0.807s] DEBUG:colcon.colcon_core.shell:Skip shell extension 'dsv' for command environment
[0.824s] DEBUG:colcon.colcon_core.event_handler.log_command:Invoking command in '/home/raghav/crazyflie_mapping_demo/ros2_ws/build/ros_gz_crazyflie_bringup': CMAKE_PREFIX_PATH=/home/raghav/crazyflie_mapping_demo/ros2_ws/install/ros_gz_crazyflie_gazebo:/home/raghav/crazyflie_mapping_demo/ros2_ws/install/crazyflie_ros2_multiranger_bringup:/home/raghav/crazyflie_mapping_demo/ros2_ws/install/ros_gz_crazyflie_bringup:/home/raghav/crazyflie_mapping_demo/ros2_ws/install/crazyflie_sim:/home/raghav/crazyflie_mapping_demo/ros2_ws/install/crazyflie_examples:/home/raghav/crazyflie_mapping_demo/ros2_ws/install/crazyflie:/home/raghav/crazyflie_mapping_demo/ros2_ws/install/crazyflie_interfaces:/home/raghav/crazyflie_mapping_demo/ros2_ws/install/ros_gz_crazyflie_control:/home/raghav/crazyflie_mapping_demo/ros2_ws/install/crazyflie_ros2_multiranger_wall_following:/home/raghav/crazyflie_mapping_demo/ros2_ws/install/crazyflie_ros2_multiranger_simple_mapper:/home/raghav/crazyflie_mapping_demo/ros2_ws/install/crazyflie_py:/opt/ros/humble /usr/bin/cmake --build /home/raghav/crazyflie_mapping_demo/ros2_ws/build/ros_gz_crazyflie_bringup -- -j20 -l20
[0.848s] Level 1:colcon.colcon_core.environment:create_environment_scripts_only(crazyflie_interfaces)
[0.849s] Level 1:colcon.colcon_core.environment:checking '/home/raghav/crazyflie_mapping_demo/ros2_ws/install/crazyflie_interfaces' for CMake module files
[0.849s] DEBUG:colcon.colcon_core.event_handler.log_command:Invoked command in '/home/raghav/crazyflie_mapping_demo/ros2_ws/build/crazyflie_interfaces' returned '0': CMAKE_PREFIX_PATH=${CMAKE_PREFIX_PATH}:/home/raghav/crazyflie_mapping_demo/ros2_ws/install/ros_gz_crazyflie_control:/home/raghav/crazyflie_mapping_demo/ros2_ws/install/crazyflie_ros2_multiranger_wall_following:/home/raghav/crazyflie_mapping_demo/ros2_ws/install/crazyflie_ros2_multiranger_simple_mapper:/home/raghav/crazyflie_mapping_demo/ros2_ws/install/crazyflie_py:/opt/ros/humble /usr/bin/cmake --install /home/raghav/crazyflie_mapping_demo/ros2_ws/build/crazyflie_interfaces
[0.850s] Level 1:colcon.colcon_core.environment:checking '/home/raghav/crazyflie_mapping_demo/ros2_ws/install/crazyflie_interfaces' for CMake config files
[0.852s] Level 1:colcon.colcon_core.shell:create_environment_hook('crazyflie_interfaces', 'cmake_prefix_path')
[0.852s] INFO:colcon.colcon_core.shell:Creating environment hook '/home/raghav/crazyflie_mapping_demo/ros2_ws/install/crazyflie_interfaces/share/crazyflie_interfaces/hook/cmake_prefix_path.ps1'
[0.852s] INFO:colcon.colcon_core.shell:Creating environment descriptor '/home/raghav/crazyflie_mapping_demo/ros2_ws/install/crazyflie_interfaces/share/crazyflie_interfaces/hook/cmake_prefix_path.dsv'
[0.853s] INFO:colcon.colcon_core.shell:Creating environment hook '/home/raghav/crazyflie_mapping_demo/ros2_ws/install/crazyflie_interfaces/share/crazyflie_interfaces/hook/cmake_prefix_path.sh'
[0.853s] Level 1:colcon.colcon_core.environment:checking '/home/raghav/crazyflie_mapping_demo/ros2_ws/install/crazyflie_interfaces/lib'
[0.853s] Level 1:colcon.colcon_core.shell:create_environment_hook('crazyflie_interfaces', 'ld_library_path_lib')
[0.853s] INFO:colcon.colcon_core.shell:Creating environment hook '/home/raghav/crazyflie_mapping_demo/ros2_ws/install/crazyflie_interfaces/share/crazyflie_interfaces/hook/ld_library_path_lib.ps1'
[0.853s] INFO:colcon.colcon_core.shell:Creating environment descriptor '/home/raghav/crazyflie_mapping_demo/ros2_ws/install/crazyflie_interfaces/share/crazyflie_interfaces/hook/ld_library_path_lib.dsv'
[0.854s] INFO:colcon.colcon_core.shell:Creating environment hook '/home/raghav/crazyflie_mapping_demo/ros2_ws/install/crazyflie_interfaces/share/crazyflie_interfaces/hook/ld_library_path_lib.sh'
[0.854s] Level 1:colcon.colcon_core.environment:checking '/home/raghav/crazyflie_mapping_demo/ros2_ws/install/crazyflie_interfaces/bin'
[0.854s] Level 1:colcon.colcon_core.environment:checking '/home/raghav/crazyflie_mapping_demo/ros2_ws/install/crazyflie_interfaces/lib/pkgconfig/crazyflie_interfaces.pc'
[0.854s] Level 1:colcon.colcon_core.environment:checking '/home/raghav/crazyflie_mapping_demo/ros2_ws/install/crazyflie_interfaces/lib/python3.10/site-packages'
[0.854s] Level 1:colcon.colcon_core.environment:checking '/home/raghav/crazyflie_mapping_demo/ros2_ws/install/crazyflie_interfaces/bin'
[0.855s] INFO:colcon.colcon_core.shell:Creating package script '/home/raghav/crazyflie_mapping_demo/ros2_ws/install/crazyflie_interfaces/share/crazyflie_interfaces/package.ps1'
[0.855s] INFO:colcon.colcon_core.shell:Creating package descriptor '/home/raghav/crazyflie_mapping_demo/ros2_ws/install/crazyflie_interfaces/share/crazyflie_interfaces/package.dsv'
[0.856s] INFO:colcon.colcon_core.shell:Creating package script '/home/raghav/crazyflie_mapping_demo/ros2_ws/install/crazyflie_interfaces/share/crazyflie_interfaces/package.sh'
[0.856s] INFO:colcon.colcon_core.shell:Creating package script '/home/raghav/crazyflie_mapping_demo/ros2_ws/install/crazyflie_interfaces/share/crazyflie_interfaces/package.bash'
[0.856s] INFO:colcon.colcon_core.shell:Creating package script '/home/raghav/crazyflie_mapping_demo/ros2_ws/install/crazyflie_interfaces/share/crazyflie_interfaces/package.zsh'
[0.857s] Level 1:colcon.colcon_core.environment:create_file_with_runtime_dependencies(/home/raghav/crazyflie_mapping_demo/ros2_ws/install/crazyflie_interfaces/share/colcon-core/packages/crazyflie_interfaces)
[0.857s] Level 1:colcon.colcon_core.environment:create_environment_scripts_only(crazyflie_interfaces)
[0.857s] Level 1:colcon.colcon_core.environment:checking '/home/raghav/crazyflie_mapping_demo/ros2_ws/install/crazyflie_interfaces' for CMake module files
[0.858s] Level 1:colcon.colcon_core.environment:checking '/home/raghav/crazyflie_mapping_demo/ros2_ws/install/crazyflie_interfaces' for CMake config files
[0.859s] Level 1:colcon.colcon_core.shell:create_environment_hook('crazyflie_interfaces', 'cmake_prefix_path')
[0.859s] INFO:colcon.colcon_core.shell:Creating environment hook '/home/raghav/crazyflie_mapping_demo/ros2_ws/install/crazyflie_interfaces/share/crazyflie_interfaces/hook/cmake_prefix_path.ps1'
[0.860s] INFO:colcon.colcon_core.shell:Creating environment descriptor '/home/raghav/crazyflie_mapping_demo/ros2_ws/install/crazyflie_interfaces/share/crazyflie_interfaces/hook/cmake_prefix_path.dsv'
[0.860s] INFO:colcon.colcon_core.shell:Creating environment hook '/home/raghav/crazyflie_mapping_demo/ros2_ws/install/crazyflie_interfaces/share/crazyflie_interfaces/hook/cmake_prefix_path.sh'
[0.860s] Level 1:colcon.colcon_core.environment:checking '/home/raghav/crazyflie_mapping_demo/ros2_ws/install/crazyflie_interfaces/lib'
[0.860s] Level 1:colcon.colcon_core.shell:create_environment_hook('crazyflie_interfaces', 'ld_library_path_lib')
[0.860s] INFO:colcon.colcon_core.shell:Creating environment hook '/home/raghav/crazyflie_mapping_demo/ros2_ws/install/crazyflie_interfaces/share/crazyflie_interfaces/hook/ld_library_path_lib.ps1'
[0.861s] INFO:colcon.colcon_core.shell:Creating environment descriptor '/home/raghav/crazyflie_mapping_demo/ros2_ws/install/crazyflie_interfaces/share/crazyflie_interfaces/hook/ld_library_path_lib.dsv'
[0.861s] INFO:colcon.colcon_core.shell:Creating environment hook '/home/raghav/crazyflie_mapping_demo/ros2_ws/install/crazyflie_interfaces/share/crazyflie_interfaces/hook/ld_library_path_lib.sh'
[0.861s] Level 1:colcon.colcon_core.environment:checking '/home/raghav/crazyflie_mapping_demo/ros2_ws/install/crazyflie_interfaces/bin'
[0.861s] Level 1:colcon.colcon_core.environment:checking '/home/raghav/crazyflie_mapping_demo/ros2_ws/install/crazyflie_interfaces/lib/pkgconfig/crazyflie_interfaces.pc'
[0.861s] Level 1:colcon.colcon_core.environment:checking '/home/raghav/crazyflie_mapping_demo/ros2_ws/install/crazyflie_interfaces/lib/python3.10/site-packages'
[0.862s] Level 1:colcon.colcon_core.environment:checking '/home/raghav/crazyflie_mapping_demo/ros2_ws/install/crazyflie_interfaces/bin'
[0.862s] INFO:colcon.colcon_core.shell:Creating package script '/home/raghav/crazyflie_mapping_demo/ros2_ws/install/crazyflie_interfaces/share/crazyflie_interfaces/package.ps1'
[0.862s] INFO:colcon.colcon_core.shell:Creating package descriptor '/home/raghav/crazyflie_mapping_demo/ros2_ws/install/crazyflie_interfaces/share/crazyflie_interfaces/package.dsv'
[0.863s] INFO:colcon.colcon_core.shell:Creating package script '/home/raghav/crazyflie_mapping_demo/ros2_ws/install/crazyflie_interfaces/share/crazyflie_interfaces/package.sh'
[0.863s] INFO:colcon.colcon_core.shell:Creating package script '/home/raghav/crazyflie_mapping_demo/ros2_ws/install/crazyflie_interfaces/share/crazyflie_interfaces/package.bash'
[0.863s] INFO:colcon.colcon_core.shell:Creating package script '/home/raghav/crazyflie_mapping_demo/ros2_ws/install/crazyflie_interfaces/share/crazyflie_interfaces/package.zsh'
[0.863s] Level 1:colcon.colcon_core.environment:create_file_with_runtime_dependencies(/home/raghav/crazyflie_mapping_demo/ros2_ws/install/crazyflie_interfaces/share/colcon-core/packages/crazyflie_interfaces)
[0.864s] INFO:colcon.colcon_ros.task.ament_python.build:Building ROS package in '/home/raghav/crazyflie_mapping_demo/ros2_ws/src/crazyswarm2/crazyflie_py' with build type 'ament_python'
[0.864s] Level 1:colcon.colcon_core.shell:create_environment_hook('crazyflie_py', 'ament_prefix_path')
[0.864s] INFO:colcon.colcon_core.shell:Creating environment hook '/home/raghav/crazyflie_mapping_demo/ros2_ws/install/crazyflie_py/share/crazyflie_py/hook/ament_prefix_path.ps1'
[0.864s] INFO:colcon.colcon_core.shell:Creating environment descriptor '/home/raghav/crazyflie_mapping_demo/ros2_ws/install/crazyflie_py/share/crazyflie_py/hook/ament_prefix_path.dsv'
[0.865s] INFO:colcon.colcon_core.shell:Creating environment hook '/home/raghav/crazyflie_mapping_demo/ros2_ws/install/crazyflie_py/share/crazyflie_py/hook/ament_prefix_path.sh'
[0.865s] INFO:colcon.colcon_core.shell:Skip shell extension 'powershell' for command environment: Not usable outside of PowerShell
[0.865s] DEBUG:colcon.colcon_core.shell:Skip shell extension 'dsv' for command environment
[0.867s] INFO:colcon.colcon_ros.task.ament_cmake.build:Building ROS package in '/home/raghav/crazyflie_mapping_demo/ros2_ws/src/crazyswarm2/crazyflie' with build type 'ament_cmake'
[0.867s] INFO:colcon.colcon_cmake.task.cmake.build:Building CMake package in '/home/raghav/crazyflie_mapping_demo/ros2_ws/src/crazyswarm2/crazyflie'
[0.868s] INFO:colcon.colcon_core.shell:Skip shell extension 'powershell' for command environment: Not usable outside of PowerShell
[0.868s] DEBUG:colcon.colcon_core.shell:Skip shell extension 'dsv' for command environment
[0.870s] INFO:colcon.colcon_ros.task.ament_cmake.build:Building ROS package in '/home/raghav/crazyflie_mapping_demo/ros2_ws/src/crazyswarm2/crazyflie_sim' with build type 'ament_cmake'
[0.870s] INFO:colcon.colcon_cmake.task.cmake.build:Building CMake package in '/home/raghav/crazyflie_mapping_demo/ros2_ws/src/crazyswarm2/crazyflie_sim'
[0.870s] INFO:colcon.colcon_core.shell:Skip shell extension 'powershell' for command environment: Not usable outside of PowerShell
[0.870s] DEBUG:colcon.colcon_core.shell:Skip shell extension 'dsv' for command environment
[0.874s] DEBUG:colcon.colcon_core.event_handler.log_command:Invoked command in '/home/raghav/crazyflie_mapping_demo/ros2_ws/build/ros_gz_crazyflie_bringup' returned '0': CMAKE_PREFIX_PATH=/home/raghav/crazyflie_mapping_demo/ros2_ws/install/ros_gz_crazyflie_gazebo:/home/raghav/crazyflie_mapping_demo/ros2_ws/install/crazyflie_ros2_multiranger_bringup:/home/raghav/crazyflie_mapping_demo/ros2_ws/install/ros_gz_crazyflie_bringup:/home/raghav/crazyflie_mapping_demo/ros2_ws/install/crazyflie_sim:/home/raghav/crazyflie_mapping_demo/ros2_ws/install/crazyflie_examples:/home/raghav/crazyflie_mapping_demo/ros2_ws/install/crazyflie:/home/raghav/crazyflie_mapping_demo/ros2_ws/install/crazyflie_interfaces:/home/raghav/crazyflie_mapping_demo/ros2_ws/install/ros_gz_crazyflie_control:/home/raghav/crazyflie_mapping_demo/ros2_ws/install/crazyflie_ros2_multiranger_wall_following:/home/raghav/crazyflie_mapping_demo/ros2_ws/install/crazyflie_ros2_multiranger_simple_mapper:/home/raghav/crazyflie_mapping_demo/ros2_ws/install/crazyflie_py:/opt/ros/humble /usr/bin/cmake --build /home/raghav/crazyflie_mapping_demo/ros2_ws/build/ros_gz_crazyflie_bringup -- -j20 -l20
[0.875s] DEBUG:colcon.colcon_core.event_handler.log_command:Invoking command in '/home/raghav/crazyflie_mapping_demo/ros2_ws/build/ros_gz_crazyflie_bringup': CMAKE_PREFIX_PATH=/home/raghav/crazyflie_mapping_demo/ros2_ws/install/ros_gz_crazyflie_gazebo:/home/raghav/crazyflie_mapping_demo/ros2_ws/install/crazyflie_ros2_multiranger_bringup:/home/raghav/crazyflie_mapping_demo/ros2_ws/install/ros_gz_crazyflie_bringup:/home/raghav/crazyflie_mapping_demo/ros2_ws/install/crazyflie_sim:/home/raghav/crazyflie_mapping_demo/ros2_ws/install/crazyflie_examples:/home/raghav/crazyflie_mapping_demo/ros2_ws/install/crazyflie:/home/raghav/crazyflie_mapping_demo/ros2_ws/install/crazyflie_interfaces:/home/raghav/crazyflie_mapping_demo/ros2_ws/install/ros_gz_crazyflie_control:/home/raghav/crazyflie_mapping_demo/ros2_ws/install/crazyflie_ros2_multiranger_wall_following:/home/raghav/crazyflie_mapping_demo/ros2_ws/install/crazyflie_ros2_multiranger_simple_mapper:/home/raghav/crazyflie_mapping_demo/ros2_ws/install/crazyflie_py:/opt/ros/humble /usr/bin/cmake --install /home/raghav/crazyflie_mapping_demo/ros2_ws/build/ros_gz_crazyflie_bringup
[1.045s] INFO:colcon.colcon_core.task.python.build:Building Python package in '/home/raghav/crazyflie_mapping_demo/ros2_ws/src/crazyswarm2/crazyflie_py'
[1.045s] INFO:colcon.colcon_core.shell:Skip shell extension 'powershell' for command environment: Not usable outside of PowerShell
[1.045s] DEBUG:colcon.colcon_core.shell:Skip shell extension 'dsv' for command environment
[1.051s] DEBUG:colcon.colcon_core.event_handler.log_command:Invoking command in '/home/raghav/crazyflie_mapping_demo/ros2_ws/build/crazyflie': CMAKE_PREFIX_PATH=/home/raghav/crazyflie_mapping_demo/ros2_ws/install/crazyflie_interfaces:/home/raghav/crazyflie_mapping_demo/ros2_ws/install/crazyflie_ros2_multiranger_bringup:/home/raghav/crazyflie_mapping_demo/ros2_ws/install/ros_gz_crazyflie_bringup:/home/raghav/crazyflie_mapping_demo/ros2_ws/install/ros_gz_crazyflie_gazebo:/home/raghav/crazyflie_mapping_demo/ros2_ws/install/crazyflie_sim:/home/raghav/crazyflie_mapping_demo/ros2_ws/install/crazyflie_examples:/home/raghav/crazyflie_mapping_demo/ros2_ws/install/crazyflie:/home/raghav/crazyflie_mapping_demo/ros2_ws/install/ros_gz_crazyflie_control:/home/raghav/crazyflie_mapping_demo/ros2_ws/install/crazyflie_ros2_multiranger_wall_following:/home/raghav/crazyflie_mapping_demo/ros2_ws/install/crazyflie_ros2_multiranger_simple_mapper:/home/raghav/crazyflie_mapping_demo/ros2_ws/install/crazyflie_py:/opt/ros/humble /usr/bin/cmake --build /home/raghav/crazyflie_mapping_demo/ros2_ws/build/crazyflie -- -j20 -l20
[1.055s] Level 1:colcon.colcon_core.environment:create_environment_scripts_only(ros_gz_crazyflie_bringup)
[1.055s] Level 1:colcon.colcon_core.environment:checking '/home/raghav/crazyflie_mapping_demo/ros2_ws/install/ros_gz_crazyflie_bringup' for CMake module files
[1.056s] DEBUG:colcon.colcon_core.event_handler.log_command:Invoking command in '/home/raghav/crazyflie_mapping_demo/ros2_ws/build/crazyflie_sim': CMAKE_PREFIX_PATH=/home/raghav/crazyflie_mapping_demo/ros2_ws/install/crazyflie_interfaces:/home/raghav/crazyflie_mapping_demo/ros2_ws/install/crazyflie_ros2_multiranger_bringup:/home/raghav/crazyflie_mapping_demo/ros2_ws/install/ros_gz_crazyflie_bringup:/home/raghav/crazyflie_mapping_demo/ros2_ws/install/ros_gz_crazyflie_gazebo:/home/raghav/crazyflie_mapping_demo/ros2_ws/install/crazyflie_sim:/home/raghav/crazyflie_mapping_demo/ros2_ws/install/crazyflie_examples:/home/raghav/crazyflie_mapping_demo/ros2_ws/install/crazyflie:/home/raghav/crazyflie_mapping_demo/ros2_ws/install/ros_gz_crazyflie_control:/home/raghav/crazyflie_mapping_demo/ros2_ws/install/crazyflie_ros2_multiranger_wall_following:/home/raghav/crazyflie_mapping_demo/ros2_ws/install/crazyflie_ros2_multiranger_simple_mapper:/home/raghav/crazyflie_mapping_demo/ros2_ws/install/crazyflie_py:/opt/ros/humble /usr/bin/cmake --build /home/raghav/crazyflie_mapping_demo/ros2_ws/build/crazyflie_sim -- -j20 -l20
[1.056s] DEBUG:colcon.colcon_core.event_handler.log_command:Invoked command in '/home/raghav/crazyflie_mapping_demo/ros2_ws/build/ros_gz_crazyflie_bringup' returned '0': CMAKE_PREFIX_PATH=/home/raghav/crazyflie_mapping_demo/ros2_ws/install/ros_gz_crazyflie_gazebo:/home/raghav/crazyflie_mapping_demo/ros2_ws/install/crazyflie_ros2_multiranger_bringup:/home/raghav/crazyflie_mapping_demo/ros2_ws/install/ros_gz_crazyflie_bringup:/home/raghav/crazyflie_mapping_demo/ros2_ws/install/crazyflie_sim:/home/raghav/crazyflie_mapping_demo/ros2_ws/install/crazyflie_examples:/home/raghav/crazyflie_mapping_demo/ros2_ws/install/crazyflie:/home/raghav/crazyflie_mapping_demo/ros2_ws/install/crazyflie_interfaces:/home/raghav/crazyflie_mapping_demo/ros2_ws/install/ros_gz_crazyflie_control:/home/raghav/crazyflie_mapping_demo/ros2_ws/install/crazyflie_ros2_multiranger_wall_following:/home/raghav/crazyflie_mapping_demo/ros2_ws/install/crazyflie_ros2_multiranger_simple_mapper:/home/raghav/crazyflie_mapping_demo/ros2_ws/install/crazyflie_py:/opt/ros/humble /usr/bin/cmake --install /home/raghav/crazyflie_mapping_demo/ros2_ws/build/ros_gz_crazyflie_bringup
[1.057s] Level 1:colcon.colcon_core.environment:checking '/home/raghav/crazyflie_mapping_demo/ros2_ws/install/ros_gz_crazyflie_bringup' for CMake config files
[1.057s] Level 1:colcon.colcon_core.shell:create_environment_hook('ros_gz_crazyflie_bringup', 'cmake_prefix_path')
[1.057s] INFO:colcon.colcon_core.shell:Creating environment hook '/home/raghav/crazyflie_mapping_demo/ros2_ws/install/ros_gz_crazyflie_bringup/share/ros_gz_crazyflie_bringup/hook/cmake_prefix_path.ps1'
[1.058s] INFO:colcon.colcon_core.shell:Creating environment descriptor '/home/raghav/crazyflie_mapping_demo/ros2_ws/install/ros_gz_crazyflie_bringup/share/ros_gz_crazyflie_bringup/hook/cmake_prefix_path.dsv'
[1.059s] INFO:colcon.colcon_core.shell:Creating environment hook '/home/raghav/crazyflie_mapping_demo/ros2_ws/install/ros_gz_crazyflie_bringup/share/ros_gz_crazyflie_bringup/hook/cmake_prefix_path.sh'
[1.060s] Level 1:colcon.colcon_core.environment:checking '/home/raghav/crazyflie_mapping_demo/ros2_ws/install/ros_gz_crazyflie_bringup/bin'
[1.060s] Level 1:colcon.colcon_core.environment:checking '/home/raghav/crazyflie_mapping_demo/ros2_ws/install/ros_gz_crazyflie_bringup/lib/pkgconfig/ros_gz_crazyflie_bringup.pc'
[1.061s] Level 1:colcon.colcon_core.environment:checking '/home/raghav/crazyflie_mapping_demo/ros2_ws/install/ros_gz_crazyflie_bringup/lib/python3.10/site-packages'
[1.061s] Level 1:colcon.colcon_core.environment:checking '/home/raghav/crazyflie_mapping_demo/ros2_ws/install/ros_gz_crazyflie_bringup/bin'
[1.061s] INFO:colcon.colcon_core.shell:Creating package script '/home/raghav/crazyflie_mapping_demo/ros2_ws/install/ros_gz_crazyflie_bringup/share/ros_gz_crazyflie_bringup/package.ps1'
[1.062s] INFO:colcon.colcon_core.shell:Creating package descriptor '/home/raghav/crazyflie_mapping_demo/ros2_ws/install/ros_gz_crazyflie_bringup/share/ros_gz_crazyflie_bringup/package.dsv'
[1.063s] INFO:colcon.colcon_core.shell:Creating package script '/home/raghav/crazyflie_mapping_demo/ros2_ws/install/ros_gz_crazyflie_bringup/share/ros_gz_crazyflie_bringup/package.sh'
[1.063s] INFO:colcon.colcon_core.shell:Creating package script '/home/raghav/crazyflie_mapping_demo/ros2_ws/install/ros_gz_crazyflie_bringup/share/ros_gz_crazyflie_bringup/package.bash'
[1.064s] INFO:colcon.colcon_core.shell:Creating package script '/home/raghav/crazyflie_mapping_demo/ros2_ws/install/ros_gz_crazyflie_bringup/share/ros_gz_crazyflie_bringup/package.zsh'
[1.065s] Level 1:colcon.colcon_core.environment:create_file_with_runtime_dependencies(/home/raghav/crazyflie_mapping_demo/ros2_ws/install/ros_gz_crazyflie_bringup/share/colcon-core/packages/ros_gz_crazyflie_bringup)
[1.066s] Level 1:colcon.colcon_core.environment:create_environment_scripts_only(ros_gz_crazyflie_bringup)
[1.067s] Level 1:colcon.colcon_core.environment:checking '/home/raghav/crazyflie_mapping_demo/ros2_ws/install/ros_gz_crazyflie_bringup' for CMake module files
[1.068s] Level 1:colcon.colcon_core.environment:checking '/home/raghav/crazyflie_mapping_demo/ros2_ws/install/ros_gz_crazyflie_bringup' for CMake config files
[1.068s] Level 1:colcon.colcon_core.shell:create_environment_hook('ros_gz_crazyflie_bringup', 'cmake_prefix_path')
[1.069s] INFO:colcon.colcon_core.shell:Creating environment hook '/home/raghav/crazyflie_mapping_demo/ros2_ws/install/ros_gz_crazyflie_bringup/share/ros_gz_crazyflie_bringup/hook/cmake_prefix_path.ps1'
[1.070s] INFO:colcon.colcon_core.shell:Creating environment descriptor '/home/raghav/crazyflie_mapping_demo/ros2_ws/install/ros_gz_crazyflie_bringup/share/ros_gz_crazyflie_bringup/hook/cmake_prefix_path.dsv'
[1.070s] INFO:colcon.colcon_core.shell:Creating environment hook '/home/raghav/crazyflie_mapping_demo/ros2_ws/install/ros_gz_crazyflie_bringup/share/ros_gz_crazyflie_bringup/hook/cmake_prefix_path.sh'
[1.071s] Level 1:colcon.colcon_core.environment:checking '/home/raghav/crazyflie_mapping_demo/ros2_ws/install/ros_gz_crazyflie_bringup/bin'
[1.071s] Level 1:colcon.colcon_core.environment:checking '/home/raghav/crazyflie_mapping_demo/ros2_ws/install/ros_gz_crazyflie_bringup/lib/pkgconfig/ros_gz_crazyflie_bringup.pc'
[1.072s] Level 1:colcon.colcon_core.environment:checking '/home/raghav/crazyflie_mapping_demo/ros2_ws/install/ros_gz_crazyflie_bringup/lib/python3.10/site-packages'
[1.074s] Level 1:colcon.colcon_core.environment:checking '/home/raghav/crazyflie_mapping_demo/ros2_ws/install/ros_gz_crazyflie_bringup/bin'
[1.075s] INFO:colcon.colcon_core.shell:Creating package script '/home/raghav/crazyflie_mapping_demo/ros2_ws/install/ros_gz_crazyflie_bringup/share/ros_gz_crazyflie_bringup/package.ps1'
[1.076s] INFO:colcon.colcon_core.shell:Creating package descriptor '/home/raghav/crazyflie_mapping_demo/ros2_ws/install/ros_gz_crazyflie_bringup/share/ros_gz_crazyflie_bringup/package.dsv'
[1.077s] INFO:colcon.colcon_core.shell:Creating package script '/home/raghav/crazyflie_mapping_demo/ros2_ws/install/ros_gz_crazyflie_bringup/share/ros_gz_crazyflie_bringup/package.sh'
[1.078s] INFO:colcon.colcon_core.shell:Creating package script '/home/raghav/crazyflie_mapping_demo/ros2_ws/install/ros_gz_crazyflie_bringup/share/ros_gz_crazyflie_bringup/package.bash'
[1.079s] INFO:colcon.colcon_core.shell:Creating package script '/home/raghav/crazyflie_mapping_demo/ros2_ws/install/ros_gz_crazyflie_bringup/share/ros_gz_crazyflie_bringup/package.zsh'
[1.080s] Level 1:colcon.colcon_core.environment:create_file_with_runtime_dependencies(/home/raghav/crazyflie_mapping_demo/ros2_ws/install/ros_gz_crazyflie_bringup/share/colcon-core/packages/ros_gz_crazyflie_bringup)
[1.083s] DEBUG:colcon.colcon_core.event_handler.log_command:Invoking command in '/home/raghav/crazyflie_mapping_demo/ros2_ws/src/ros_gz_crazyflie/ros_gz_crazyflie_control': PYTHONPATH=/home/raghav/crazyflie_mapping_demo/ros2_ws/build/ros_gz_crazyflie_control/prefix_override:/usr/lib/python3/dist-packages/colcon_core/task/python/colcon_distutils_commands:/home/raghav/crazyflie_mapping_demo/ros2_ws/install/ros_gz_crazyflie_control/lib/python3.10/site-packages:${PYTHONPATH} /usr/bin/python3 -W ignore:setup.py install is deprecated -W ignore:easy_install command is deprecated setup.py egg_info --egg-base ../../../build/ros_gz_crazyflie_control build --build-base /home/raghav/crazyflie_mapping_demo/ros2_ws/build/ros_gz_crazyflie_control/build install --record /home/raghav/crazyflie_mapping_demo/ros2_ws/build/ros_gz_crazyflie_control/install.log --single-version-externally-managed install_data
[1.086s] INFO:colcon.colcon_ros.task.ament_cmake.build:Building ROS package in '/home/raghav/crazyflie_mapping_demo/ros2_ws/src/crazyflie_ros2_multiranger/crazyflie_ros2_multiranger_bringup' with build type 'ament_cmake'
[1.087s] INFO:colcon.colcon_cmake.task.cmake.build:Building CMake package in '/home/raghav/crazyflie_mapping_demo/ros2_ws/src/crazyflie_ros2_multiranger/crazyflie_ros2_multiranger_bringup'
[1.087s] INFO:colcon.colcon_core.shell:Skip shell extension 'powershell' for command environment: Not usable outside of PowerShell
[1.087s] DEBUG:colcon.colcon_core.shell:Skip shell extension 'dsv' for command environment
[1.088s] DEBUG:colcon.colcon_core.event_handler.log_command:Invoking command in '/home/raghav/crazyflie_mapping_demo/ros2_ws/src/crazyflie_ros2_multiranger/crazyflie_ros2_multiranger_wall_following': PYTHONPATH=/home/raghav/crazyflie_mapping_demo/ros2_ws/build/crazyflie_ros2_multiranger_wall_following/prefix_override:/usr/lib/python3/dist-packages/colcon_core/task/python/colcon_distutils_commands:/home/raghav/crazyflie_mapping_demo/ros2_ws/install/crazyflie_ros2_multiranger_wall_following/lib/python3.10/site-packages:${PYTHONPATH} /usr/bin/python3 -W ignore:setup.py install is deprecated -W ignore:easy_install command is deprecated setup.py egg_info --egg-base ../../../build/crazyflie_ros2_multiranger_wall_following build --build-base /home/raghav/crazyflie_mapping_demo/ros2_ws/build/crazyflie_ros2_multiranger_wall_following/build install --record /home/raghav/crazyflie_mapping_demo/ros2_ws/build/crazyflie_ros2_multiranger_wall_following/install.log --single-version-externally-managed install_data
[1.089s] DEBUG:colcon.colcon_core.event_handler.log_command:Invoking command in '/home/raghav/crazyflie_mapping_demo/ros2_ws/src/crazyflie_ros2_multiranger/crazyflie_ros2_multiranger_simple_mapper': PYTHONPATH=/home/raghav/crazyflie_mapping_demo/ros2_ws/build/crazyflie_ros2_multiranger_simple_mapper/prefix_override:/usr/lib/python3/dist-packages/colcon_core/task/python/colcon_distutils_commands:/home/raghav/crazyflie_mapping_demo/ros2_ws/install/crazyflie_ros2_multiranger_simple_mapper/lib/python3.10/site-packages:${PYTHONPATH} /usr/bin/python3 -W ignore:setup.py install is deprecated -W ignore:easy_install command is deprecated setup.py egg_info --egg-base ../../../build/crazyflie_ros2_multiranger_simple_mapper build --build-base /home/raghav/crazyflie_mapping_demo/ros2_ws/build/crazyflie_ros2_multiranger_simple_mapper/build install --record /home/raghav/crazyflie_mapping_demo/ros2_ws/build/crazyflie_ros2_multiranger_simple_mapper/install.log --single-version-externally-managed install_data
[1.111s] DEBUG:colcon.colcon_core.event_handler.log_command:Invoking command in '/home/raghav/crazyflie_mapping_demo/ros2_ws/build/crazyflie_ros2_multiranger_bringup': CMAKE_PREFIX_PATH=/home/raghav/crazyflie_mapping_demo/ros2_ws/install/ros_gz_crazyflie_bringup:/home/raghav/crazyflie_mapping_demo/ros2_ws/install/ros_gz_crazyflie_gazebo:/home/raghav/crazyflie_mapping_demo/ros2_ws/install/crazyflie_ros2_multiranger_bringup:/home/raghav/crazyflie_mapping_demo/ros2_ws/install/crazyflie_sim:/home/raghav/crazyflie_mapping_demo/ros2_ws/install/crazyflie_examples:/home/raghav/crazyflie_mapping_demo/ros2_ws/install/crazyflie:/home/raghav/crazyflie_mapping_demo/ros2_ws/install/crazyflie_interfaces:/home/raghav/crazyflie_mapping_demo/ros2_ws/install/ros_gz_crazyflie_control:/home/raghav/crazyflie_mapping_demo/ros2_ws/install/crazyflie_ros2_multiranger_wall_following:/home/raghav/crazyflie_mapping_demo/ros2_ws/install/crazyflie_ros2_multiranger_simple_mapper:/home/raghav/crazyflie_mapping_demo/ros2_ws/install/crazyflie_py:/opt/ros/humble /usr/bin/cmake --build /home/raghav/crazyflie_mapping_demo/ros2_ws/build/crazyflie_ros2_multiranger_bringup -- -j20 -l20
[1.155s] DEBUG:colcon.colcon_core.event_handler.log_command:Invoked command in '/home/raghav/crazyflie_mapping_demo/ros2_ws/build/crazyflie_ros2_multiranger_bringup' returned '0': CMAKE_PREFIX_PATH=/home/raghav/crazyflie_mapping_demo/ros2_ws/install/ros_gz_crazyflie_bringup:/home/raghav/crazyflie_mapping_demo/ros2_ws/install/ros_gz_crazyflie_gazebo:/home/raghav/crazyflie_mapping_demo/ros2_ws/install/crazyflie_ros2_multiranger_bringup:/home/raghav/crazyflie_mapping_demo/ros2_ws/install/crazyflie_sim:/home/raghav/crazyflie_mapping_demo/ros2_ws/install/crazyflie_examples:/home/raghav/crazyflie_mapping_demo/ros2_ws/install/crazyflie:/home/raghav/crazyflie_mapping_demo/ros2_ws/install/crazyflie_interfaces:/home/raghav/crazyflie_mapping_demo/ros2_ws/install/ros_gz_crazyflie_control:/home/raghav/crazyflie_mapping_demo/ros2_ws/install/crazyflie_ros2_multiranger_wall_following:/home/raghav/crazyflie_mapping_demo/ros2_ws/install/crazyflie_ros2_multiranger_simple_mapper:/home/raghav/crazyflie_mapping_demo/ros2_ws/install/crazyflie_py:/opt/ros/humble /usr/bin/cmake --build /home/raghav/crazyflie_mapping_demo/ros2_ws/build/crazyflie_ros2_multiranger_bringup -- -j20 -l20
[1.156s] DEBUG:colcon.colcon_core.event_handler.log_command:Invoking command in '/home/raghav/crazyflie_mapping_demo/ros2_ws/build/crazyflie_ros2_multiranger_bringup': CMAKE_PREFIX_PATH=/home/raghav/crazyflie_mapping_demo/ros2_ws/install/ros_gz_crazyflie_bringup:/home/raghav/crazyflie_mapping_demo/ros2_ws/install/ros_gz_crazyflie_gazebo:/home/raghav/crazyflie_mapping_demo/ros2_ws/install/crazyflie_ros2_multiranger_bringup:/home/raghav/crazyflie_mapping_demo/ros2_ws/install/crazyflie_sim:/home/raghav/crazyflie_mapping_demo/ros2_ws/install/crazyflie_examples:/home/raghav/crazyflie_mapping_demo/ros2_ws/install/crazyflie:/home/raghav/crazyflie_mapping_demo/ros2_ws/install/crazyflie_interfaces:/home/raghav/crazyflie_mapping_demo/ros2_ws/install/ros_gz_crazyflie_control:/home/raghav/crazyflie_mapping_demo/ros2_ws/install/crazyflie_ros2_multiranger_wall_following:/home/raghav/crazyflie_mapping_demo/ros2_ws/install/crazyflie_ros2_multiranger_simple_mapper:/home/raghav/crazyflie_mapping_demo/ros2_ws/install/crazyflie_py:/opt/ros/humble /usr/bin/cmake --install /home/raghav/crazyflie_mapping_demo/ros2_ws/build/crazyflie_ros2_multiranger_bringup
[1.190s] Level 1:colcon.colcon_core.environment:create_environment_scripts_only(crazyflie_ros2_multiranger_bringup)
[1.191s] Level 1:colcon.colcon_core.environment:checking '/home/raghav/crazyflie_mapping_demo/ros2_ws/install/crazyflie_ros2_multiranger_bringup' for CMake module files
[1.192s] DEBUG:colcon.colcon_core.event_handler.log_command:Invoked command in '/home/raghav/crazyflie_mapping_demo/ros2_ws/build/crazyflie_ros2_multiranger_bringup' returned '0': CMAKE_PREFIX_PATH=/home/raghav/crazyflie_mapping_demo/ros2_ws/install/ros_gz_crazyflie_bringup:/home/raghav/crazyflie_mapping_demo/ros2_ws/install/ros_gz_crazyflie_gazebo:/home/raghav/crazyflie_mapping_demo/ros2_ws/install/crazyflie_ros2_multiranger_bringup:/home/raghav/crazyflie_mapping_demo/ros2_ws/install/crazyflie_sim:/home/raghav/crazyflie_mapping_demo/ros2_ws/install/crazyflie_examples:/home/raghav/crazyflie_mapping_demo/ros2_ws/install/crazyflie:/home/raghav/crazyflie_mapping_demo/ros2_ws/install/crazyflie_interfaces:/home/raghav/crazyflie_mapping_demo/ros2_ws/install/ros_gz_crazyflie_control:/home/raghav/crazyflie_mapping_demo/ros2_ws/install/crazyflie_ros2_multiranger_wall_following:/home/raghav/crazyflie_mapping_demo/ros2_ws/install/crazyflie_ros2_multiranger_simple_mapper:/home/raghav/crazyflie_mapping_demo/ros2_ws/install/crazyflie_py:/opt/ros/humble /usr/bin/cmake --install /home/raghav/crazyflie_mapping_demo/ros2_ws/build/crazyflie_ros2_multiranger_bringup
[1.193s] Level 1:colcon.colcon_core.environment:checking '/home/raghav/crazyflie_mapping_demo/ros2_ws/install/crazyflie_ros2_multiranger_bringup' for CMake config files
[1.193s] Level 1:colcon.colcon_core.shell:create_environment_hook('crazyflie_ros2_multiranger_bringup', 'cmake_prefix_path')
[1.193s] INFO:colcon.colcon_core.shell:Creating environment hook '/home/raghav/crazyflie_mapping_demo/ros2_ws/install/crazyflie_ros2_multiranger_bringup/share/crazyflie_ros2_multiranger_bringup/hook/cmake_prefix_path.ps1'
[1.194s] INFO:colcon.colcon_core.shell:Creating environment descriptor '/home/raghav/crazyflie_mapping_demo/ros2_ws/install/crazyflie_ros2_multiranger_bringup/share/crazyflie_ros2_multiranger_bringup/hook/cmake_prefix_path.dsv'
[1.195s] INFO:colcon.colcon_core.shell:Creating environment hook '/home/raghav/crazyflie_mapping_demo/ros2_ws/install/crazyflie_ros2_multiranger_bringup/share/crazyflie_ros2_multiranger_bringup/hook/cmake_prefix_path.sh'
[1.196s] Level 1:colcon.colcon_core.environment:checking '/home/raghav/crazyflie_mapping_demo/ros2_ws/install/crazyflie_ros2_multiranger_bringup/bin'
[1.196s] Level 1:colcon.colcon_core.environment:checking '/home/raghav/crazyflie_mapping_demo/ros2_ws/install/crazyflie_ros2_multiranger_bringup/lib/pkgconfig/crazyflie_ros2_multiranger_bringup.pc'
[1.197s] Level 1:colcon.colcon_core.environment:checking '/home/raghav/crazyflie_mapping_demo/ros2_ws/install/crazyflie_ros2_multiranger_bringup/lib/python3.10/site-packages'
[1.197s] Level 1:colcon.colcon_core.environment:checking '/home/raghav/crazyflie_mapping_demo/ros2_ws/install/crazyflie_ros2_multiranger_bringup/bin'
[1.198s] INFO:colcon.colcon_core.shell:Creating package script '/home/raghav/crazyflie_mapping_demo/ros2_ws/install/crazyflie_ros2_multiranger_bringup/share/crazyflie_ros2_multiranger_bringup/package.ps1'
[1.198s] INFO:colcon.colcon_core.shell:Creating package descriptor '/home/raghav/crazyflie_mapping_demo/ros2_ws/install/crazyflie_ros2_multiranger_bringup/share/crazyflie_ros2_multiranger_bringup/package.dsv'
[1.199s] INFO:colcon.colcon_core.shell:Creating package script '/home/raghav/crazyflie_mapping_demo/ros2_ws/install/crazyflie_ros2_multiranger_bringup/share/crazyflie_ros2_multiranger_bringup/package.sh'
[1.199s] INFO:colcon.colcon_core.shell:Creating package script '/home/raghav/crazyflie_mapping_demo/ros2_ws/install/crazyflie_ros2_multiranger_bringup/share/crazyflie_ros2_multiranger_bringup/package.bash'
[1.200s] INFO:colcon.colcon_core.shell:Creating package script '/home/raghav/crazyflie_mapping_demo/ros2_ws/install/crazyflie_ros2_multiranger_bringup/share/crazyflie_ros2_multiranger_bringup/package.zsh'
[1.200s] Level 1:colcon.colcon_core.environment:create_file_with_runtime_dependencies(/home/raghav/crazyflie_mapping_demo/ros2_ws/install/crazyflie_ros2_multiranger_bringup/share/colcon-core/packages/crazyflie_ros2_multiranger_bringup)
[1.200s] Level 1:colcon.colcon_core.environment:create_environment_scripts_only(crazyflie_ros2_multiranger_bringup)
[1.201s] Level 1:colcon.colcon_core.environment:checking '/home/raghav/crazyflie_mapping_demo/ros2_ws/install/crazyflie_ros2_multiranger_bringup' for CMake module files
[1.201s] Level 1:colcon.colcon_core.environment:checking '/home/raghav/crazyflie_mapping_demo/ros2_ws/install/crazyflie_ros2_multiranger_bringup' for CMake config files
[1.201s] Level 1:colcon.colcon_core.shell:create_environment_hook('crazyflie_ros2_multiranger_bringup', 'cmake_prefix_path')
[1.201s] INFO:colcon.colcon_core.shell:Creating environment hook '/home/raghav/crazyflie_mapping_demo/ros2_ws/install/crazyflie_ros2_multiranger_bringup/share/crazyflie_ros2_multiranger_bringup/hook/cmake_prefix_path.ps1'
[1.202s] INFO:colcon.colcon_core.shell:Creating environment descriptor '/home/raghav/crazyflie_mapping_demo/ros2_ws/install/crazyflie_ros2_multiranger_bringup/share/crazyflie_ros2_multiranger_bringup/hook/cmake_prefix_path.dsv'
[1.202s] INFO:colcon.colcon_core.shell:Creating environment hook '/home/raghav/crazyflie_mapping_demo/ros2_ws/install/crazyflie_ros2_multiranger_bringup/share/crazyflie_ros2_multiranger_bringup/hook/cmake_prefix_path.sh'
[1.202s] Level 1:colcon.colcon_core.environment:checking '/home/raghav/crazyflie_mapping_demo/ros2_ws/install/crazyflie_ros2_multiranger_bringup/bin'
[1.203s] Level 1:colcon.colcon_core.environment:checking '/home/raghav/crazyflie_mapping_demo/ros2_ws/install/crazyflie_ros2_multiranger_bringup/lib/pkgconfig/crazyflie_ros2_multiranger_bringup.pc'
[1.203s] Level 1:colcon.colcon_core.environment:checking '/home/raghav/crazyflie_mapping_demo/ros2_ws/install/crazyflie_ros2_multiranger_bringup/lib/python3.10/site-packages'
[1.203s] Level 1:colcon.colcon_core.environment:checking '/home/raghav/crazyflie_mapping_demo/ros2_ws/install/crazyflie_ros2_multiranger_bringup/bin'
[1.203s] INFO:colcon.colcon_core.shell:Creating package script '/home/raghav/crazyflie_mapping_demo/ros2_ws/install/crazyflie_ros2_multiranger_bringup/share/crazyflie_ros2_multiranger_bringup/package.ps1'
[1.204s] INFO:colcon.colcon_core.shell:Creating package descriptor '/home/raghav/crazyflie_mapping_demo/ros2_ws/install/crazyflie_ros2_multiranger_bringup/share/crazyflie_ros2_multiranger_bringup/package.dsv'
[1.205s] INFO:colcon.colcon_core.shell:Creating package script '/home/raghav/crazyflie_mapping_demo/ros2_ws/install/crazyflie_ros2_multiranger_bringup/share/crazyflie_ros2_multiranger_bringup/package.sh'
[1.205s] INFO:colcon.colcon_core.shell:Creating package script '/home/raghav/crazyflie_mapping_demo/ros2_ws/install/crazyflie_ros2_multiranger_bringup/share/crazyflie_ros2_multiranger_bringup/package.bash'
[1.205s] INFO:colcon.colcon_core.shell:Creating package script '/home/raghav/crazyflie_mapping_demo/ros2_ws/install/crazyflie_ros2_multiranger_bringup/share/crazyflie_ros2_multiranger_bringup/package.zsh'
[1.206s] Level 1:colcon.colcon_core.environment:create_file_with_runtime_dependencies(/home/raghav/crazyflie_mapping_demo/ros2_ws/install/crazyflie_ros2_multiranger_bringup/share/colcon-core/packages/crazyflie_ros2_multiranger_bringup)
[1.213s] DEBUG:colcon.colcon_core.event_handler.log_command:Invoked command in '/home/raghav/crazyflie_mapping_demo/ros2_ws/build/crazyflie' returned '0': CMAKE_PREFIX_PATH=/home/raghav/crazyflie_mapping_demo/ros2_ws/install/crazyflie_interfaces:/home/raghav/crazyflie_mapping_demo/ros2_ws/install/crazyflie_ros2_multiranger_bringup:/home/raghav/crazyflie_mapping_demo/ros2_ws/install/ros_gz_crazyflie_bringup:/home/raghav/crazyflie_mapping_demo/ros2_ws/install/ros_gz_crazyflie_gazebo:/home/raghav/crazyflie_mapping_demo/ros2_ws/install/crazyflie_sim:/home/raghav/crazyflie_mapping_demo/ros2_ws/install/crazyflie_examples:/home/raghav/crazyflie_mapping_demo/ros2_ws/install/crazyflie:/home/raghav/crazyflie_mapping_demo/ros2_ws/install/ros_gz_crazyflie_control:/home/raghav/crazyflie_mapping_demo/ros2_ws/install/crazyflie_ros2_multiranger_wall_following:/home/raghav/crazyflie_mapping_demo/ros2_ws/install/crazyflie_ros2_multiranger_simple_mapper:/home/raghav/crazyflie_mapping_demo/ros2_ws/install/crazyflie_py:/opt/ros/humble /usr/bin/cmake --build /home/raghav/crazyflie_mapping_demo/ros2_ws/build/crazyflie -- -j20 -l20
[1.214s] DEBUG:colcon.colcon_core.event_handler.log_command:Invoking command in '/home/raghav/crazyflie_mapping_demo/ros2_ws/build/crazyflie': CMAKE_PREFIX_PATH=/home/raghav/crazyflie_mapping_demo/ros2_ws/install/crazyflie_interfaces:/home/raghav/crazyflie_mapping_demo/ros2_ws/install/crazyflie_ros2_multiranger_bringup:/home/raghav/crazyflie_mapping_demo/ros2_ws/install/ros_gz_crazyflie_bringup:/home/raghav/crazyflie_mapping_demo/ros2_ws/install/ros_gz_crazyflie_gazebo:/home/raghav/crazyflie_mapping_demo/ros2_ws/install/crazyflie_sim:/home/raghav/crazyflie_mapping_demo/ros2_ws/install/crazyflie_examples:/home/raghav/crazyflie_mapping_demo/ros2_ws/install/crazyflie:/home/raghav/crazyflie_mapping_demo/ros2_ws/install/ros_gz_crazyflie_control:/home/raghav/crazyflie_mapping_demo/ros2_ws/install/crazyflie_ros2_multiranger_wall_following:/home/raghav/crazyflie_mapping_demo/ros2_ws/install/crazyflie_ros2_multiranger_simple_mapper:/home/raghav/crazyflie_mapping_demo/ros2_ws/install/crazyflie_py:/opt/ros/humble /usr/bin/cmake --install /home/raghav/crazyflie_mapping_demo/ros2_ws/build/crazyflie
[1.229s] Level 1:colcon.colcon_core.environment:create_environment_scripts_only(crazyflie)
[1.230s] Level 1:colcon.colcon_core.environment:checking '/home/raghav/crazyflie_mapping_demo/ros2_ws/install/crazyflie' for CMake module files
[1.232s] DEBUG:colcon.colcon_core.event_handler.log_command:Invoked command in '/home/raghav/crazyflie_mapping_demo/ros2_ws/build/crazyflie' returned '0': CMAKE_PREFIX_PATH=/home/raghav/crazyflie_mapping_demo/ros2_ws/install/crazyflie_interfaces:/home/raghav/crazyflie_mapping_demo/ros2_ws/install/crazyflie_ros2_multiranger_bringup:/home/raghav/crazyflie_mapping_demo/ros2_ws/install/ros_gz_crazyflie_bringup:/home/raghav/crazyflie_mapping_demo/ros2_ws/install/ros_gz_crazyflie_gazebo:/home/raghav/crazyflie_mapping_demo/ros2_ws/install/crazyflie_sim:/home/raghav/crazyflie_mapping_demo/ros2_ws/install/crazyflie_examples:/home/raghav/crazyflie_mapping_demo/ros2_ws/install/crazyflie:/home/raghav/crazyflie_mapping_demo/ros2_ws/install/ros_gz_crazyflie_control:/home/raghav/crazyflie_mapping_demo/ros2_ws/install/crazyflie_ros2_multiranger_wall_following:/home/raghav/crazyflie_mapping_demo/ros2_ws/install/crazyflie_ros2_multiranger_simple_mapper:/home/raghav/crazyflie_mapping_demo/ros2_ws/install/crazyflie_py:/opt/ros/humble /usr/bin/cmake --install /home/raghav/crazyflie_mapping_demo/ros2_ws/build/crazyflie
[1.232s] Level 1:colcon.colcon_core.environment:checking '/home/raghav/crazyflie_mapping_demo/ros2_ws/install/crazyflie' for CMake config files
[1.233s] Level 1:colcon.colcon_core.shell:create_environment_hook('crazyflie', 'cmake_prefix_path')
[1.233s] INFO:colcon.colcon_core.shell:Creating environment hook '/home/raghav/crazyflie_mapping_demo/ros2_ws/install/crazyflie/share/crazyflie/hook/cmake_prefix_path.ps1'
[1.234s] INFO:colcon.colcon_core.shell:Creating environment descriptor '/home/raghav/crazyflie_mapping_demo/ros2_ws/install/crazyflie/share/crazyflie/hook/cmake_prefix_path.dsv'
[1.235s] INFO:colcon.colcon_core.shell:Creating environment hook '/home/raghav/crazyflie_mapping_demo/ros2_ws/install/crazyflie/share/crazyflie/hook/cmake_prefix_path.sh'
[1.235s] Level 1:colcon.colcon_core.environment:checking '/home/raghav/crazyflie_mapping_demo/ros2_ws/install/crazyflie/lib'
[1.236s] Level 1:colcon.colcon_core.environment:checking '/home/raghav/crazyflie_mapping_demo/ros2_ws/install/crazyflie/bin'
[1.236s] Level 1:colcon.colcon_core.environment:checking '/home/raghav/crazyflie_mapping_demo/ros2_ws/install/crazyflie/lib/pkgconfig/crazyflie.pc'
[1.236s] Level 1:colcon.colcon_core.environment:checking '/home/raghav/crazyflie_mapping_demo/ros2_ws/install/crazyflie/lib/python3.10/site-packages'
[1.237s] Level 1:colcon.colcon_core.environment:checking '/home/raghav/crazyflie_mapping_demo/ros2_ws/install/crazyflie/bin'
[1.237s] INFO:colcon.colcon_core.shell:Creating package script '/home/raghav/crazyflie_mapping_demo/ros2_ws/install/crazyflie/share/crazyflie/package.ps1'
[1.239s] INFO:colcon.colcon_core.shell:Creating package descriptor '/home/raghav/crazyflie_mapping_demo/ros2_ws/install/crazyflie/share/crazyflie/package.dsv'
[1.239s] INFO:colcon.colcon_core.shell:Creating package script '/home/raghav/crazyflie_mapping_demo/ros2_ws/install/crazyflie/share/crazyflie/package.sh'
[1.240s] INFO:colcon.colcon_core.shell:Creating package script '/home/raghav/crazyflie_mapping_demo/ros2_ws/install/crazyflie/share/crazyflie/package.bash'
[1.241s] INFO:colcon.colcon_core.shell:Creating package script '/home/raghav/crazyflie_mapping_demo/ros2_ws/install/crazyflie/share/crazyflie/package.zsh'
[1.241s] Level 1:colcon.colcon_core.environment:create_file_with_runtime_dependencies(/home/raghav/crazyflie_mapping_demo/ros2_ws/install/crazyflie/share/colcon-core/packages/crazyflie)
[1.242s] Level 1:colcon.colcon_core.environment:create_environment_scripts_only(crazyflie)
[1.242s] Level 1:colcon.colcon_core.environment:checking '/home/raghav/crazyflie_mapping_demo/ros2_ws/install/crazyflie' for CMake module files
[1.243s] Level 1:colcon.colcon_core.environment:checking '/home/raghav/crazyflie_mapping_demo/ros2_ws/install/crazyflie' for CMake config files
[1.244s] Level 1:colcon.colcon_core.shell:create_environment_hook('crazyflie', 'cmake_prefix_path')
[1.244s] INFO:colcon.colcon_core.shell:Creating environment hook '/home/raghav/crazyflie_mapping_demo/ros2_ws/install/crazyflie/share/crazyflie/hook/cmake_prefix_path.ps1'
[1.245s] INFO:colcon.colcon_core.shell:Creating environment descriptor '/home/raghav/crazyflie_mapping_demo/ros2_ws/install/crazyflie/share/crazyflie/hook/cmake_prefix_path.dsv'
[1.246s] INFO:colcon.colcon_core.shell:Creating environment hook '/home/raghav/crazyflie_mapping_demo/ros2_ws/install/crazyflie/share/crazyflie/hook/cmake_prefix_path.sh'
[1.246s] Level 1:colcon.colcon_core.environment:checking '/home/raghav/crazyflie_mapping_demo/ros2_ws/install/crazyflie/lib'
[1.247s] Level 1:colcon.colcon_core.environment:checking '/home/raghav/crazyflie_mapping_demo/ros2_ws/install/crazyflie/bin'
[1.247s] Level 1:colcon.colcon_core.environment:checking '/home/raghav/crazyflie_mapping_demo/ros2_ws/install/crazyflie/lib/pkgconfig/crazyflie.pc'
[1.247s] Level 1:colcon.colcon_core.environment:checking '/home/raghav/crazyflie_mapping_demo/ros2_ws/install/crazyflie/lib/python3.10/site-packages'
[1.248s] Level 1:colcon.colcon_core.environment:checking '/home/raghav/crazyflie_mapping_demo/ros2_ws/install/crazyflie/bin'
[1.248s] INFO:colcon.colcon_core.shell:Creating package script '/home/raghav/crazyflie_mapping_demo/ros2_ws/install/crazyflie/share/crazyflie/package.ps1'
[1.249s] INFO:colcon.colcon_core.shell:Creating package descriptor '/home/raghav/crazyflie_mapping_demo/ros2_ws/install/crazyflie/share/crazyflie/package.dsv'
[1.250s] INFO:colcon.colcon_core.shell:Creating package script '/home/raghav/crazyflie_mapping_demo/ros2_ws/install/crazyflie/share/crazyflie/package.sh'
[1.250s] INFO:colcon.colcon_core.shell:Creating package script '/home/raghav/crazyflie_mapping_demo/ros2_ws/install/crazyflie/share/crazyflie/package.bash'
[1.251s] INFO:colcon.colcon_core.shell:Creating package script '/home/raghav/crazyflie_mapping_demo/ros2_ws/install/crazyflie/share/crazyflie/package.zsh'
[1.252s] Level 1:colcon.colcon_core.environment:create_file_with_runtime_dependencies(/home/raghav/crazyflie_mapping_demo/ros2_ws/install/crazyflie/share/colcon-core/packages/crazyflie)
[1.354s] Level 1:colcon.colcon_core.environment:checking '/home/raghav/crazyflie_mapping_demo/ros2_ws/install/crazyflie_ros2_multiranger_simple_mapper' for CMake module files
[1.355s] DEBUG:colcon.colcon_core.event_handler.log_command:Invoked command in '/home/raghav/crazyflie_mapping_demo/ros2_ws/src/crazyflie_ros2_multiranger/crazyflie_ros2_multiranger_simple_mapper' returned '0': PYTHONPATH=/home/raghav/crazyflie_mapping_demo/ros2_ws/build/crazyflie_ros2_multiranger_simple_mapper/prefix_override:/usr/lib/python3/dist-packages/colcon_core/task/python/colcon_distutils_commands:/home/raghav/crazyflie_mapping_demo/ros2_ws/install/crazyflie_ros2_multiranger_simple_mapper/lib/python3.10/site-packages:${PYTHONPATH} /usr/bin/python3 -W ignore:setup.py install is deprecated -W ignore:easy_install command is deprecated setup.py egg_info --egg-base ../../../build/crazyflie_ros2_multiranger_simple_mapper build --build-base /home/raghav/crazyflie_mapping_demo/ros2_ws/build/crazyflie_ros2_multiranger_simple_mapper/build install --record /home/raghav/crazyflie_mapping_demo/ros2_ws/build/crazyflie_ros2_multiranger_simple_mapper/install.log --single-version-externally-managed install_data
[1.355s] Level 1:colcon.colcon_core.environment:checking '/home/raghav/crazyflie_mapping_demo/ros2_ws/install/crazyflie_ros2_multiranger_simple_mapper' for CMake config files
[1.356s] Level 1:colcon.colcon_core.environment:checking '/home/raghav/crazyflie_mapping_demo/ros2_ws/install/crazyflie_ros2_multiranger_simple_mapper/lib'
[1.356s] Level 1:colcon.colcon_core.environment:checking '/home/raghav/crazyflie_mapping_demo/ros2_ws/install/crazyflie_ros2_multiranger_simple_mapper/bin'
[1.356s] Level 1:colcon.colcon_core.environment:checking '/home/raghav/crazyflie_mapping_demo/ros2_ws/install/crazyflie_ros2_multiranger_simple_mapper/lib/pkgconfig/crazyflie_ros2_multiranger_simple_mapper.pc'
[1.356s] Level 1:colcon.colcon_core.environment:checking '/home/raghav/crazyflie_mapping_demo/ros2_ws/install/crazyflie_ros2_multiranger_simple_mapper/lib/python3.10/site-packages'
[1.356s] Level 1:colcon.colcon_core.shell:create_environment_hook('crazyflie_ros2_multiranger_simple_mapper', 'pythonpath')
[1.357s] INFO:colcon.colcon_core.shell:Creating environment hook '/home/raghav/crazyflie_mapping_demo/ros2_ws/install/crazyflie_ros2_multiranger_simple_mapper/share/crazyflie_ros2_multiranger_simple_mapper/hook/pythonpath.ps1'
[1.357s] INFO:colcon.colcon_core.shell:Creating environment descriptor '/home/raghav/crazyflie_mapping_demo/ros2_ws/install/crazyflie_ros2_multiranger_simple_mapper/share/crazyflie_ros2_multiranger_simple_mapper/hook/pythonpath.dsv'
[1.358s] INFO:colcon.colcon_core.shell:Creating environment hook '/home/raghav/crazyflie_mapping_demo/ros2_ws/install/crazyflie_ros2_multiranger_simple_mapper/share/crazyflie_ros2_multiranger_simple_mapper/hook/pythonpath.sh'
[1.359s] Level 1:colcon.colcon_core.environment:checking '/home/raghav/crazyflie_mapping_demo/ros2_ws/install/crazyflie_ros2_multiranger_simple_mapper/bin'
[1.359s] Level 1:colcon.colcon_core.environment:create_environment_scripts_only(crazyflie_ros2_multiranger_simple_mapper)
[1.359s] INFO:colcon.colcon_core.shell:Creating package script '/home/raghav/crazyflie_mapping_demo/ros2_ws/install/crazyflie_ros2_multiranger_simple_mapper/share/crazyflie_ros2_multiranger_simple_mapper/package.ps1'
[1.360s] INFO:colcon.colcon_core.shell:Creating package descriptor '/home/raghav/crazyflie_mapping_demo/ros2_ws/install/crazyflie_ros2_multiranger_simple_mapper/share/crazyflie_ros2_multiranger_simple_mapper/package.dsv'
[1.361s] INFO:colcon.colcon_core.shell:Creating package script '/home/raghav/crazyflie_mapping_demo/ros2_ws/install/crazyflie_ros2_multiranger_simple_mapper/share/crazyflie_ros2_multiranger_simple_mapper/package.sh'
[1.361s] INFO:colcon.colcon_core.shell:Creating package script '/home/raghav/crazyflie_mapping_demo/ros2_ws/install/crazyflie_ros2_multiranger_simple_mapper/share/crazyflie_ros2_multiranger_simple_mapper/package.bash'
[1.362s] INFO:colcon.colcon_core.shell:Creating package script '/home/raghav/crazyflie_mapping_demo/ros2_ws/install/crazyflie_ros2_multiranger_simple_mapper/share/crazyflie_ros2_multiranger_simple_mapper/package.zsh'
[1.362s] Level 1:colcon.colcon_core.environment:create_file_with_runtime_dependencies(/home/raghav/crazyflie_mapping_demo/ros2_ws/install/crazyflie_ros2_multiranger_simple_mapper/share/colcon-core/packages/crazyflie_ros2_multiranger_simple_mapper)
[1.389s] DEBUG:colcon.colcon_core.event_handler.log_command:Invoking command in '/home/raghav/crazyflie_mapping_demo/ros2_ws/src/crazyswarm2/crazyflie_py': CMAKE_PREFIX_PATH=/home/raghav/crazyflie_mapping_demo/ros2_ws/install/crazyflie_interfaces:/home/raghav/crazyflie_mapping_demo/ros2_ws/install/crazyflie_ros2_multiranger_bringup:/home/raghav/crazyflie_mapping_demo/ros2_ws/install/ros_gz_crazyflie_bringup:/home/raghav/crazyflie_mapping_demo/ros2_ws/install/ros_gz_crazyflie_gazebo:/home/raghav/crazyflie_mapping_demo/ros2_ws/install/crazyflie_sim:/home/raghav/crazyflie_mapping_demo/ros2_ws/install/crazyflie_examples:/home/raghav/crazyflie_mapping_demo/ros2_ws/install/crazyflie PYTHONPATH=/home/raghav/crazyflie_mapping_demo/ros2_ws/build/crazyflie_py/prefix_override:/usr/lib/python3/dist-packages/colcon_core/task/python/colcon_distutils_commands:/home/raghav/crazyflie_mapping_demo/ros2_ws/install/crazyflie_py/lib/python3.10/site-packages:${PYTHONPATH} /usr/bin/python3 -W ignore:setup.py install is deprecated -W ignore:easy_install command is deprecated setup.py egg_info --egg-base ../../../build/crazyflie_py build --build-base /home/raghav/crazyflie_mapping_demo/ros2_ws/build/crazyflie_py/build install --record /home/raghav/crazyflie_mapping_demo/ros2_ws/build/crazyflie_py/install.log --single-version-externally-managed install_data
[1.411s] Level 1:colcon.colcon_core.environment:checking '/home/raghav/crazyflie_mapping_demo/ros2_ws/install/ros_gz_crazyflie_control' for CMake module files
[1.412s] DEBUG:colcon.colcon_core.event_handler.log_command:Invoked command in '/home/raghav/crazyflie_mapping_demo/ros2_ws/src/ros_gz_crazyflie/ros_gz_crazyflie_control' returned '0': PYTHONPATH=/home/raghav/crazyflie_mapping_demo/ros2_ws/build/ros_gz_crazyflie_control/prefix_override:/usr/lib/python3/dist-packages/colcon_core/task/python/colcon_distutils_commands:/home/raghav/crazyflie_mapping_demo/ros2_ws/install/ros_gz_crazyflie_control/lib/python3.10/site-packages:${PYTHONPATH} /usr/bin/python3 -W ignore:setup.py install is deprecated -W ignore:easy_install command is deprecated setup.py egg_info --egg-base ../../../build/ros_gz_crazyflie_control build --build-base /home/raghav/crazyflie_mapping_demo/ros2_ws/build/ros_gz_crazyflie_control/build install --record /home/raghav/crazyflie_mapping_demo/ros2_ws/build/ros_gz_crazyflie_control/install.log --single-version-externally-managed install_data
[1.412s] Level 1:colcon.colcon_core.environment:checking '/home/raghav/crazyflie_mapping_demo/ros2_ws/install/ros_gz_crazyflie_control' for CMake config files
[1.413s] Level 1:colcon.colcon_core.environment:checking '/home/raghav/crazyflie_mapping_demo/ros2_ws/install/ros_gz_crazyflie_control/lib'
[1.414s] Level 1:colcon.colcon_core.environment:checking '/home/raghav/crazyflie_mapping_demo/ros2_ws/install/ros_gz_crazyflie_control/bin'
[1.414s] Level 1:colcon.colcon_core.environment:checking '/home/raghav/crazyflie_mapping_demo/ros2_ws/install/ros_gz_crazyflie_control/lib/pkgconfig/ros_gz_crazyflie_control.pc'
[1.414s] Level 1:colcon.colcon_core.environment:checking '/home/raghav/crazyflie_mapping_demo/ros2_ws/install/ros_gz_crazyflie_control/lib/python3.10/site-packages'
[1.414s] Level 1:colcon.colcon_core.shell:create_environment_hook('ros_gz_crazyflie_control', 'pythonpath')
[1.414s] INFO:colcon.colcon_core.shell:Creating environment hook '/home/raghav/crazyflie_mapping_demo/ros2_ws/install/ros_gz_crazyflie_control/share/ros_gz_crazyflie_control/hook/pythonpath.ps1'
[1.415s] INFO:colcon.colcon_core.shell:Creating environment descriptor '/home/raghav/crazyflie_mapping_demo/ros2_ws/install/ros_gz_crazyflie_control/share/ros_gz_crazyflie_control/hook/pythonpath.dsv'
[1.415s] INFO:colcon.colcon_core.shell:Creating environment hook '/home/raghav/crazyflie_mapping_demo/ros2_ws/install/ros_gz_crazyflie_control/share/ros_gz_crazyflie_control/hook/pythonpath.sh'
[1.416s] Level 1:colcon.colcon_core.environment:checking '/home/raghav/crazyflie_mapping_demo/ros2_ws/install/ros_gz_crazyflie_control/bin'
[1.417s] Level 1:colcon.colcon_core.environment:create_environment_scripts_only(ros_gz_crazyflie_control)
[1.417s] INFO:colcon.colcon_core.shell:Creating package script '/home/raghav/crazyflie_mapping_demo/ros2_ws/install/ros_gz_crazyflie_control/share/ros_gz_crazyflie_control/package.ps1'
[1.418s] INFO:colcon.colcon_core.shell:Creating package descriptor '/home/raghav/crazyflie_mapping_demo/ros2_ws/install/ros_gz_crazyflie_control/share/ros_gz_crazyflie_control/package.dsv'
[1.419s] INFO:colcon.colcon_core.shell:Creating package script '/home/raghav/crazyflie_mapping_demo/ros2_ws/install/ros_gz_crazyflie_control/share/ros_gz_crazyflie_control/package.sh'
[1.420s] INFO:colcon.colcon_core.shell:Creating package script '/home/raghav/crazyflie_mapping_demo/ros2_ws/install/ros_gz_crazyflie_control/share/ros_gz_crazyflie_control/package.bash'
[1.421s] INFO:colcon.colcon_core.shell:Creating package script '/home/raghav/crazyflie_mapping_demo/ros2_ws/install/ros_gz_crazyflie_control/share/ros_gz_crazyflie_control/package.zsh'
[1.421s] Level 1:colcon.colcon_core.environment:create_file_with_runtime_dependencies(/home/raghav/crazyflie_mapping_demo/ros2_ws/install/ros_gz_crazyflie_control/share/colcon-core/packages/ros_gz_crazyflie_control)
[1.423s] DEBUG:colcon.colcon_core.event_handler.log_command:Invoked command in '/home/raghav/crazyflie_mapping_demo/ros2_ws/build/crazyflie_sim' returned '0': CMAKE_PREFIX_PATH=/home/raghav/crazyflie_mapping_demo/ros2_ws/install/crazyflie_interfaces:/home/raghav/crazyflie_mapping_demo/ros2_ws/install/crazyflie_ros2_multiranger_bringup:/home/raghav/crazyflie_mapping_demo/ros2_ws/install/ros_gz_crazyflie_bringup:/home/raghav/crazyflie_mapping_demo/ros2_ws/install/ros_gz_crazyflie_gazebo:/home/raghav/crazyflie_mapping_demo/ros2_ws/install/crazyflie_sim:/home/raghav/crazyflie_mapping_demo/ros2_ws/install/crazyflie_examples:/home/raghav/crazyflie_mapping_demo/ros2_ws/install/crazyflie:/home/raghav/crazyflie_mapping_demo/ros2_ws/install/ros_gz_crazyflie_control:/home/raghav/crazyflie_mapping_demo/ros2_ws/install/crazyflie_ros2_multiranger_wall_following:/home/raghav/crazyflie_mapping_demo/ros2_ws/install/crazyflie_ros2_multiranger_simple_mapper:/home/raghav/crazyflie_mapping_demo/ros2_ws/install/crazyflie_py:/opt/ros/humble /usr/bin/cmake --build /home/raghav/crazyflie_mapping_demo/ros2_ws/build/crazyflie_sim -- -j20 -l20
[1.425s] DEBUG:colcon.colcon_core.event_handler.log_command:Invoking command in '/home/raghav/crazyflie_mapping_demo/ros2_ws/build/crazyflie_sim': CMAKE_PREFIX_PATH=/home/raghav/crazyflie_mapping_demo/ros2_ws/install/crazyflie_interfaces:/home/raghav/crazyflie_mapping_demo/ros2_ws/install/crazyflie_ros2_multiranger_bringup:/home/raghav/crazyflie_mapping_demo/ros2_ws/install/ros_gz_crazyflie_bringup:/home/raghav/crazyflie_mapping_demo/ros2_ws/install/ros_gz_crazyflie_gazebo:/home/raghav/crazyflie_mapping_demo/ros2_ws/install/crazyflie_sim:/home/raghav/crazyflie_mapping_demo/ros2_ws/install/crazyflie_examples:/home/raghav/crazyflie_mapping_demo/ros2_ws/install/crazyflie:/home/raghav/crazyflie_mapping_demo/ros2_ws/install/ros_gz_crazyflie_control:/home/raghav/crazyflie_mapping_demo/ros2_ws/install/crazyflie_ros2_multiranger_wall_following:/home/raghav/crazyflie_mapping_demo/ros2_ws/install/crazyflie_ros2_multiranger_simple_mapper:/home/raghav/crazyflie_mapping_demo/ros2_ws/install/crazyflie_py:/opt/ros/humble /usr/bin/cmake --install /home/raghav/crazyflie_mapping_demo/ros2_ws/build/crazyflie_sim
[1.469s] Level 1:colcon.colcon_core.environment:create_environment_scripts_only(crazyflie_sim)
[1.469s] Level 1:colcon.colcon_core.environment:checking '/home/raghav/crazyflie_mapping_demo/ros2_ws/install/crazyflie_sim' for CMake module files
[1.470s] DEBUG:colcon.colcon_core.event_handler.log_command:Invoked command in '/home/raghav/crazyflie_mapping_demo/ros2_ws/build/crazyflie_sim' returned '0': CMAKE_PREFIX_PATH=/home/raghav/crazyflie_mapping_demo/ros2_ws/install/crazyflie_interfaces:/home/raghav/crazyflie_mapping_demo/ros2_ws/install/crazyflie_ros2_multiranger_bringup:/home/raghav/crazyflie_mapping_demo/ros2_ws/install/ros_gz_crazyflie_bringup:/home/raghav/crazyflie_mapping_demo/ros2_ws/install/ros_gz_crazyflie_gazebo:/home/raghav/crazyflie_mapping_demo/ros2_ws/install/crazyflie_sim:/home/raghav/crazyflie_mapping_demo/ros2_ws/install/crazyflie_examples:/home/raghav/crazyflie_mapping_demo/ros2_ws/install/crazyflie:/home/raghav/crazyflie_mapping_demo/ros2_ws/install/ros_gz_crazyflie_control:/home/raghav/crazyflie_mapping_demo/ros2_ws/install/crazyflie_ros2_multiranger_wall_following:/home/raghav/crazyflie_mapping_demo/ros2_ws/install/crazyflie_ros2_multiranger_simple_mapper:/home/raghav/crazyflie_mapping_demo/ros2_ws/install/crazyflie_py:/opt/ros/humble /usr/bin/cmake --install /home/raghav/crazyflie_mapping_demo/ros2_ws/build/crazyflie_sim
[1.470s] Level 1:colcon.colcon_core.environment:checking '/home/raghav/crazyflie_mapping_demo/ros2_ws/install/crazyflie_sim' for CMake config files
[1.471s] Level 1:colcon.colcon_core.shell:create_environment_hook('crazyflie_sim', 'cmake_prefix_path')
[1.471s] INFO:colcon.colcon_core.shell:Creating environment hook '/home/raghav/crazyflie_mapping_demo/ros2_ws/install/crazyflie_sim/share/crazyflie_sim/hook/cmake_prefix_path.ps1'
[1.472s] INFO:colcon.colcon_core.shell:Creating environment descriptor '/home/raghav/crazyflie_mapping_demo/ros2_ws/install/crazyflie_sim/share/crazyflie_sim/hook/cmake_prefix_path.dsv'
[1.472s] INFO:colcon.colcon_core.shell:Creating environment hook '/home/raghav/crazyflie_mapping_demo/ros2_ws/install/crazyflie_sim/share/crazyflie_sim/hook/cmake_prefix_path.sh'
[1.473s] Level 1:colcon.colcon_core.environment:checking '/home/raghav/crazyflie_mapping_demo/ros2_ws/install/crazyflie_sim/lib'
[1.473s] Level 1:colcon.colcon_core.environment:checking '/home/raghav/crazyflie_mapping_demo/ros2_ws/install/crazyflie_sim/bin'
[1.473s] Level 1:colcon.colcon_core.environment:checking '/home/raghav/crazyflie_mapping_demo/ros2_ws/install/crazyflie_sim/lib/pkgconfig/crazyflie_sim.pc'
[1.473s] Level 1:colcon.colcon_core.environment:checking '/home/raghav/crazyflie_mapping_demo/ros2_ws/install/crazyflie_sim/lib/python3.10/site-packages'
[1.473s] Level 1:colcon.colcon_core.environment:checking '/home/raghav/crazyflie_mapping_demo/ros2_ws/install/crazyflie_sim/bin'
[1.474s] INFO:colcon.colcon_core.shell:Creating package script '/home/raghav/crazyflie_mapping_demo/ros2_ws/install/crazyflie_sim/share/crazyflie_sim/package.ps1'
[1.474s] INFO:colcon.colcon_core.shell:Creating package descriptor '/home/raghav/crazyflie_mapping_demo/ros2_ws/install/crazyflie_sim/share/crazyflie_sim/package.dsv'
[1.475s] INFO:colcon.colcon_core.shell:Creating package script '/home/raghav/crazyflie_mapping_demo/ros2_ws/install/crazyflie_sim/share/crazyflie_sim/package.sh'
[1.475s] INFO:colcon.colcon_core.shell:Creating package script '/home/raghav/crazyflie_mapping_demo/ros2_ws/install/crazyflie_sim/share/crazyflie_sim/package.bash'
[1.476s] INFO:colcon.colcon_core.shell:Creating package script '/home/raghav/crazyflie_mapping_demo/ros2_ws/install/crazyflie_sim/share/crazyflie_sim/package.zsh'
[1.476s] Level 1:colcon.colcon_core.environment:create_file_with_runtime_dependencies(/home/raghav/crazyflie_mapping_demo/ros2_ws/install/crazyflie_sim/share/colcon-core/packages/crazyflie_sim)
[1.477s] Level 1:colcon.colcon_core.environment:create_environment_scripts_only(crazyflie_sim)
[1.477s] Level 1:colcon.colcon_core.environment:checking '/home/raghav/crazyflie_mapping_demo/ros2_ws/install/crazyflie_sim' for CMake module files
[1.478s] Level 1:colcon.colcon_core.environment:checking '/home/raghav/crazyflie_mapping_demo/ros2_ws/install/crazyflie_sim' for CMake config files
[1.478s] Level 1:colcon.colcon_core.shell:create_environment_hook('crazyflie_sim', 'cmake_prefix_path')
[1.478s] INFO:colcon.colcon_core.shell:Creating environment hook '/home/raghav/crazyflie_mapping_demo/ros2_ws/install/crazyflie_sim/share/crazyflie_sim/hook/cmake_prefix_path.ps1'
[1.479s] INFO:colcon.colcon_core.shell:Creating environment descriptor '/home/raghav/crazyflie_mapping_demo/ros2_ws/install/crazyflie_sim/share/crazyflie_sim/hook/cmake_prefix_path.dsv'
[1.479s] INFO:colcon.colcon_core.shell:Creating environment hook '/home/raghav/crazyflie_mapping_demo/ros2_ws/install/crazyflie_sim/share/crazyflie_sim/hook/cmake_prefix_path.sh'
[1.479s] Level 1:colcon.colcon_core.environment:checking '/home/raghav/crazyflie_mapping_demo/ros2_ws/install/crazyflie_sim/lib'
[1.479s] Level 1:colcon.colcon_core.environment:checking '/home/raghav/crazyflie_mapping_demo/ros2_ws/install/crazyflie_sim/bin'
[1.480s] Level 1:colcon.colcon_core.environment:checking '/home/raghav/crazyflie_mapping_demo/ros2_ws/install/crazyflie_sim/lib/pkgconfig/crazyflie_sim.pc'
[1.480s] Level 1:colcon.colcon_core.environment:checking '/home/raghav/crazyflie_mapping_demo/ros2_ws/install/crazyflie_sim/lib/python3.10/site-packages'
[1.480s] Level 1:colcon.colcon_core.environment:checking '/home/raghav/crazyflie_mapping_demo/ros2_ws/install/crazyflie_sim/bin'
[1.480s] INFO:colcon.colcon_core.shell:Creating package script '/home/raghav/crazyflie_mapping_demo/ros2_ws/install/crazyflie_sim/share/crazyflie_sim/package.ps1'
[1.481s] INFO:colcon.colcon_core.shell:Creating package descriptor '/home/raghav/crazyflie_mapping_demo/ros2_ws/install/crazyflie_sim/share/crazyflie_sim/package.dsv'
[1.482s] INFO:colcon.colcon_core.shell:Creating package script '/home/raghav/crazyflie_mapping_demo/ros2_ws/install/crazyflie_sim/share/crazyflie_sim/package.sh'
[1.482s] INFO:colcon.colcon_core.shell:Creating package script '/home/raghav/crazyflie_mapping_demo/ros2_ws/install/crazyflie_sim/share/crazyflie_sim/package.bash'
[1.483s] INFO:colcon.colcon_core.shell:Creating package script '/home/raghav/crazyflie_mapping_demo/ros2_ws/install/crazyflie_sim/share/crazyflie_sim/package.zsh'
[1.483s] Level 1:colcon.colcon_core.environment:create_file_with_runtime_dependencies(/home/raghav/crazyflie_mapping_demo/ros2_ws/install/crazyflie_sim/share/colcon-core/packages/crazyflie_sim)
[1.491s] Level 1:colcon.colcon_core.environment:checking '/home/raghav/crazyflie_mapping_demo/ros2_ws/install/crazyflie_ros2_multiranger_wall_following' for CMake module files
[1.492s] DEBUG:colcon.colcon_core.event_handler.log_command:Invoked command in '/home/raghav/crazyflie_mapping_demo/ros2_ws/src/crazyflie_ros2_multiranger/crazyflie_ros2_multiranger_wall_following' returned '0': PYTHONPATH=/home/raghav/crazyflie_mapping_demo/ros2_ws/build/crazyflie_ros2_multiranger_wall_following/prefix_override:/usr/lib/python3/dist-packages/colcon_core/task/python/colcon_distutils_commands:/home/raghav/crazyflie_mapping_demo/ros2_ws/install/crazyflie_ros2_multiranger_wall_following/lib/python3.10/site-packages:${PYTHONPATH} /usr/bin/python3 -W ignore:setup.py install is deprecated -W ignore:easy_install command is deprecated setup.py egg_info --egg-base ../../../build/crazyflie_ros2_multiranger_wall_following build --build-base /home/raghav/crazyflie_mapping_demo/ros2_ws/build/crazyflie_ros2_multiranger_wall_following/build install --record /home/raghav/crazyflie_mapping_demo/ros2_ws/build/crazyflie_ros2_multiranger_wall_following/install.log --single-version-externally-managed install_data
[1.492s] Level 1:colcon.colcon_core.environment:checking '/home/raghav/crazyflie_mapping_demo/ros2_ws/install/crazyflie_ros2_multiranger_wall_following' for CMake config files
[1.492s] Level 1:colcon.colcon_core.environment:checking '/home/raghav/crazyflie_mapping_demo/ros2_ws/install/crazyflie_ros2_multiranger_wall_following/lib'
[1.492s] Level 1:colcon.colcon_core.environment:checking '/home/raghav/crazyflie_mapping_demo/ros2_ws/install/crazyflie_ros2_multiranger_wall_following/bin'
[1.492s] Level 1:colcon.colcon_core.environment:checking '/home/raghav/crazyflie_mapping_demo/ros2_ws/install/crazyflie_ros2_multiranger_wall_following/lib/pkgconfig/crazyflie_ros2_multiranger_wall_following.pc'
[1.493s] Level 1:colcon.colcon_core.environment:checking '/home/raghav/crazyflie_mapping_demo/ros2_ws/install/crazyflie_ros2_multiranger_wall_following/lib/python3.10/site-packages'
[1.493s] Level 1:colcon.colcon_core.shell:create_environment_hook('crazyflie_ros2_multiranger_wall_following', 'pythonpath')
[1.493s] INFO:colcon.colcon_core.shell:Creating environment hook '/home/raghav/crazyflie_mapping_demo/ros2_ws/install/crazyflie_ros2_multiranger_wall_following/share/crazyflie_ros2_multiranger_wall_following/hook/pythonpath.ps1'
[1.494s] INFO:colcon.colcon_core.shell:Creating environment descriptor '/home/raghav/crazyflie_mapping_demo/ros2_ws/install/crazyflie_ros2_multiranger_wall_following/share/crazyflie_ros2_multiranger_wall_following/hook/pythonpath.dsv'
[1.495s] INFO:colcon.colcon_core.shell:Creating environment hook '/home/raghav/crazyflie_mapping_demo/ros2_ws/install/crazyflie_ros2_multiranger_wall_following/share/crazyflie_ros2_multiranger_wall_following/hook/pythonpath.sh'
[1.496s] Level 1:colcon.colcon_core.environment:checking '/home/raghav/crazyflie_mapping_demo/ros2_ws/install/crazyflie_ros2_multiranger_wall_following/bin'
[1.496s] Level 1:colcon.colcon_core.environment:create_environment_scripts_only(crazyflie_ros2_multiranger_wall_following)
[1.496s] INFO:colcon.colcon_core.shell:Creating package script '/home/raghav/crazyflie_mapping_demo/ros2_ws/install/crazyflie_ros2_multiranger_wall_following/share/crazyflie_ros2_multiranger_wall_following/package.ps1'
[1.497s] INFO:colcon.colcon_core.shell:Creating package descriptor '/home/raghav/crazyflie_mapping_demo/ros2_ws/install/crazyflie_ros2_multiranger_wall_following/share/crazyflie_ros2_multiranger_wall_following/package.dsv'
[1.497s] INFO:colcon.colcon_core.shell:Creating package script '/home/raghav/crazyflie_mapping_demo/ros2_ws/install/crazyflie_ros2_multiranger_wall_following/share/crazyflie_ros2_multiranger_wall_following/package.sh'
[1.497s] INFO:colcon.colcon_core.shell:Creating package script '/home/raghav/crazyflie_mapping_demo/ros2_ws/install/crazyflie_ros2_multiranger_wall_following/share/crazyflie_ros2_multiranger_wall_following/package.bash'
[1.497s] INFO:colcon.colcon_core.shell:Creating package script '/home/raghav/crazyflie_mapping_demo/ros2_ws/install/crazyflie_ros2_multiranger_wall_following/share/crazyflie_ros2_multiranger_wall_following/package.zsh'
[1.498s] Level 1:colcon.colcon_core.environment:create_file_with_runtime_dependencies(/home/raghav/crazyflie_mapping_demo/ros2_ws/install/crazyflie_ros2_multiranger_wall_following/share/colcon-core/packages/crazyflie_ros2_multiranger_wall_following)
[1.599s] Level 1:colcon.colcon_core.environment:checking '/home/raghav/crazyflie_mapping_demo/ros2_ws/install/crazyflie_py' for CMake module files
[1.600s] DEBUG:colcon.colcon_core.event_handler.log_command:Invoked command in '/home/raghav/crazyflie_mapping_demo/ros2_ws/src/crazyswarm2/crazyflie_py' returned '0': CMAKE_PREFIX_PATH=/home/raghav/crazyflie_mapping_demo/ros2_ws/install/crazyflie_interfaces:/home/raghav/crazyflie_mapping_demo/ros2_ws/install/crazyflie_ros2_multiranger_bringup:/home/raghav/crazyflie_mapping_demo/ros2_ws/install/ros_gz_crazyflie_bringup:/home/raghav/crazyflie_mapping_demo/ros2_ws/install/ros_gz_crazyflie_gazebo:/home/raghav/crazyflie_mapping_demo/ros2_ws/install/crazyflie_sim:/home/raghav/crazyflie_mapping_demo/ros2_ws/install/crazyflie_examples:/home/raghav/crazyflie_mapping_demo/ros2_ws/install/crazyflie PYTHONPATH=/home/raghav/crazyflie_mapping_demo/ros2_ws/build/crazyflie_py/prefix_override:/usr/lib/python3/dist-packages/colcon_core/task/python/colcon_distutils_commands:/home/raghav/crazyflie_mapping_demo/ros2_ws/install/crazyflie_py/lib/python3.10/site-packages:${PYTHONPATH} /usr/bin/python3 -W ignore:setup.py install is deprecated -W ignore:easy_install command is deprecated setup.py egg_info --egg-base ../../../build/crazyflie_py build --build-base /home/raghav/crazyflie_mapping_demo/ros2_ws/build/crazyflie_py/build install --record /home/raghav/crazyflie_mapping_demo/ros2_ws/build/crazyflie_py/install.log --single-version-externally-managed install_data
[1.600s] Level 1:colcon.colcon_core.environment:checking '/home/raghav/crazyflie_mapping_demo/ros2_ws/install/crazyflie_py' for CMake config files
[1.601s] Level 1:colcon.colcon_core.environment:checking '/home/raghav/crazyflie_mapping_demo/ros2_ws/install/crazyflie_py/lib'
[1.601s] Level 1:colcon.colcon_core.environment:checking '/home/raghav/crazyflie_mapping_demo/ros2_ws/install/crazyflie_py/bin'
[1.601s] Level 1:colcon.colcon_core.environment:checking '/home/raghav/crazyflie_mapping_demo/ros2_ws/install/crazyflie_py/lib/pkgconfig/crazyflie_py.pc'
[1.601s] Level 1:colcon.colcon_core.environment:checking '/home/raghav/crazyflie_mapping_demo/ros2_ws/install/crazyflie_py/lib/python3.10/site-packages'
[1.601s] Level 1:colcon.colcon_core.shell:create_environment_hook('crazyflie_py', 'pythonpath')
[1.601s] INFO:colcon.colcon_core.shell:Creating environment hook '/home/raghav/crazyflie_mapping_demo/ros2_ws/install/crazyflie_py/share/crazyflie_py/hook/pythonpath.ps1'
[1.602s] INFO:colcon.colcon_core.shell:Creating environment descriptor '/home/raghav/crazyflie_mapping_demo/ros2_ws/install/crazyflie_py/share/crazyflie_py/hook/pythonpath.dsv'
[1.602s] INFO:colcon.colcon_core.shell:Creating environment hook '/home/raghav/crazyflie_mapping_demo/ros2_ws/install/crazyflie_py/share/crazyflie_py/hook/pythonpath.sh'
[1.603s] Level 1:colcon.colcon_core.environment:checking '/home/raghav/crazyflie_mapping_demo/ros2_ws/install/crazyflie_py/bin'
[1.603s] Level 1:colcon.colcon_core.environment:create_environment_scripts_only(crazyflie_py)
[1.603s] INFO:colcon.colcon_core.shell:Creating package script '/home/raghav/crazyflie_mapping_demo/ros2_ws/install/crazyflie_py/share/crazyflie_py/package.ps1'
[1.603s] INFO:colcon.colcon_core.shell:Creating package descriptor '/home/raghav/crazyflie_mapping_demo/ros2_ws/install/crazyflie_py/share/crazyflie_py/package.dsv'
[1.604s] INFO:colcon.colcon_core.shell:Creating package script '/home/raghav/crazyflie_mapping_demo/ros2_ws/install/crazyflie_py/share/crazyflie_py/package.sh'
[1.604s] INFO:colcon.colcon_core.shell:Creating package script '/home/raghav/crazyflie_mapping_demo/ros2_ws/install/crazyflie_py/share/crazyflie_py/package.bash'
[1.604s] INFO:colcon.colcon_core.shell:Creating package script '/home/raghav/crazyflie_mapping_demo/ros2_ws/install/crazyflie_py/share/crazyflie_py/package.zsh'
[1.604s] Level 1:colcon.colcon_core.environment:create_file_with_runtime_dependencies(/home/raghav/crazyflie_mapping_demo/ros2_ws/install/crazyflie_py/share/colcon-core/packages/crazyflie_py)
[1.604s] INFO:colcon.colcon_ros.task.ament_cmake.build:Building ROS package in '/home/raghav/crazyflie_mapping_demo/ros2_ws/src/crazyswarm2/crazyflie_examples' with build type 'ament_cmake'
[1.605s] INFO:colcon.colcon_cmake.task.cmake.build:Building CMake package in '/home/raghav/crazyflie_mapping_demo/ros2_ws/src/crazyswarm2/crazyflie_examples'
[1.605s] INFO:colcon.colcon_core.shell:Skip shell extension 'powershell' for command environment: Not usable outside of PowerShell
[1.605s] DEBUG:colcon.colcon_core.shell:Skip shell extension 'dsv' for command environment
[1.615s] DEBUG:colcon.colcon_core.event_handler.log_command:Invoking command in '/home/raghav/crazyflie_mapping_demo/ros2_ws/build/crazyflie_examples': AMENT_PREFIX_PATH=/home/raghav/crazyflie_mapping_demo/ros2_ws/install/crazyflie_py:/home/raghav/crazyflie_mapping_demo/ros2_ws/install/crazyflie_ros2_multiranger_bringup:/home/raghav/crazyflie_mapping_demo/ros2_ws/install/ros_gz_crazyflie_bringup:/home/raghav/crazyflie_mapping_demo/ros2_ws/install/ros_gz_crazyflie_gazebo:/home/raghav/crazyflie_mapping_demo/ros2_ws/install/ros_gz_crazyflie_control:/home/raghav/crazyflie_mapping_demo/ros2_ws/install/crazyflie_sim:/home/raghav/crazyflie_mapping_demo/ros2_ws/install/crazyflie_ros2_multiranger_wall_following:/home/raghav/crazyflie_mapping_demo/ros2_ws/install/crazyflie_ros2_multiranger_simple_mapper:/home/raghav/crazyflie_mapping_demo/ros2_ws/install/crazyflie_examples:/home/raghav/crazyflie_mapping_demo/ros2_ws/install/crazyflie:/home/raghav/crazyflie_mapping_demo/ros2_ws/install/crazyflie_interfaces:/opt/ros/humble CMAKE_PREFIX_PATH=/home/raghav/crazyflie_mapping_demo/ros2_ws/install/crazyflie_interfaces:/home/raghav/crazyflie_mapping_demo/ros2_ws/install/crazyflie_ros2_multiranger_bringup:/home/raghav/crazyflie_mapping_demo/ros2_ws/install/ros_gz_crazyflie_bringup:/home/raghav/crazyflie_mapping_demo/ros2_ws/install/ros_gz_crazyflie_gazebo:/home/raghav/crazyflie_mapping_demo/ros2_ws/install/crazyflie_sim:/home/raghav/crazyflie_mapping_demo/ros2_ws/install/crazyflie_examples:/home/raghav/crazyflie_mapping_demo/ros2_ws/install/crazyflie:/home/raghav/crazyflie_mapping_demo/ros2_ws/install/ros_gz_crazyflie_control:/home/raghav/crazyflie_mapping_demo/ros2_ws/install/crazyflie_ros2_multiranger_wall_following:/home/raghav/crazyflie_mapping_demo/ros2_ws/install/crazyflie_ros2_multiranger_simple_mapper:/home/raghav/crazyflie_mapping_demo/ros2_ws/install/crazyflie_py:/opt/ros/humble PYTHONPATH=/home/raghav/crazyflie_mapping_demo/ros2_ws/install/crazyflie_py/lib/python3.10/site-packages:/home/raghav/crazyflie_mapping_demo/ros2_ws/install/ros_gz_crazyflie_control/lib/python3.10/site-packages:/home/raghav/crazyflie_mapping_demo/ros2_ws/install/crazyflie_sim/local/lib/python3.10/dist-packages:/home/raghav/crazyflie_mapping_demo/ros2_ws/install/crazyflie_ros2_multiranger_wall_following/lib/python3.10/site-packages:/home/raghav/crazyflie_mapping_demo/ros2_ws/install/crazyflie_ros2_multiranger_simple_mapper/lib/python3.10/site-packages:/home/raghav/crazyflie_mapping_demo/ros2_ws/install/crazyflie_examples/local/lib/python3.10/dist-packages:/home/raghav/crazyflie_mapping_demo/ros2_ws/install/crazyflie_interfaces/local/lib/python3.10/dist-packages:/opt/ros/humble/lib/python3.10/site-packages:/opt/ros/humble/local/lib/python3.10/dist-packages /usr/bin/cmake --build /home/raghav/crazyflie_mapping_demo/ros2_ws/build/crazyflie_examples -- -j20 -l20
[1.889s] DEBUG:colcon.colcon_core.event_handler.log_command:Invoked command in '/home/raghav/crazyflie_mapping_demo/ros2_ws/build/crazyflie_examples' returned '0': AMENT_PREFIX_PATH=/home/raghav/crazyflie_mapping_demo/ros2_ws/install/crazyflie_py:/home/raghav/crazyflie_mapping_demo/ros2_ws/install/crazyflie_ros2_multiranger_bringup:/home/raghav/crazyflie_mapping_demo/ros2_ws/install/ros_gz_crazyflie_bringup:/home/raghav/crazyflie_mapping_demo/ros2_ws/install/ros_gz_crazyflie_gazebo:/home/raghav/crazyflie_mapping_demo/ros2_ws/install/ros_gz_crazyflie_control:/home/raghav/crazyflie_mapping_demo/ros2_ws/install/crazyflie_sim:/home/raghav/crazyflie_mapping_demo/ros2_ws/install/crazyflie_ros2_multiranger_wall_following:/home/raghav/crazyflie_mapping_demo/ros2_ws/install/crazyflie_ros2_multiranger_simple_mapper:/home/raghav/crazyflie_mapping_demo/ros2_ws/install/crazyflie_examples:/home/raghav/crazyflie_mapping_demo/ros2_ws/install/crazyflie:/home/raghav/crazyflie_mapping_demo/ros2_ws/install/crazyflie_interfaces:/opt/ros/humble CMAKE_PREFIX_PATH=/home/raghav/crazyflie_mapping_demo/ros2_ws/install/crazyflie_interfaces:/home/raghav/crazyflie_mapping_demo/ros2_ws/install/crazyflie_ros2_multiranger_bringup:/home/raghav/crazyflie_mapping_demo/ros2_ws/install/ros_gz_crazyflie_bringup:/home/raghav/crazyflie_mapping_demo/ros2_ws/install/ros_gz_crazyflie_gazebo:/home/raghav/crazyflie_mapping_demo/ros2_ws/install/crazyflie_sim:/home/raghav/crazyflie_mapping_demo/ros2_ws/install/crazyflie_examples:/home/raghav/crazyflie_mapping_demo/ros2_ws/install/crazyflie:/home/raghav/crazyflie_mapping_demo/ros2_ws/install/ros_gz_crazyflie_control:/home/raghav/crazyflie_mapping_demo/ros2_ws/install/crazyflie_ros2_multiranger_wall_following:/home/raghav/crazyflie_mapping_demo/ros2_ws/install/crazyflie_ros2_multiranger_simple_mapper:/home/raghav/crazyflie_mapping_demo/ros2_ws/install/crazyflie_py:/opt/ros/humble PYTHONPATH=/home/raghav/crazyflie_mapping_demo/ros2_ws/install/crazyflie_py/lib/python3.10/site-packages:/home/raghav/crazyflie_mapping_demo/ros2_ws/install/ros_gz_crazyflie_control/lib/python3.10/site-packages:/home/raghav/crazyflie_mapping_demo/ros2_ws/install/crazyflie_sim/local/lib/python3.10/dist-packages:/home/raghav/crazyflie_mapping_demo/ros2_ws/install/crazyflie_ros2_multiranger_wall_following/lib/python3.10/site-packages:/home/raghav/crazyflie_mapping_demo/ros2_ws/install/crazyflie_ros2_multiranger_simple_mapper/lib/python3.10/site-packages:/home/raghav/crazyflie_mapping_demo/ros2_ws/install/crazyflie_examples/local/lib/python3.10/dist-packages:/home/raghav/crazyflie_mapping_demo/ros2_ws/install/crazyflie_interfaces/local/lib/python3.10/dist-packages:/opt/ros/humble/lib/python3.10/site-packages:/opt/ros/humble/local/lib/python3.10/dist-packages /usr/bin/cmake --build /home/raghav/crazyflie_mapping_demo/ros2_ws/build/crazyflie_examples -- -j20 -l20
[1.890s] DEBUG:colcon.colcon_core.event_handler.log_command:Invoking command in '/home/raghav/crazyflie_mapping_demo/ros2_ws/build/crazyflie_examples': AMENT_PREFIX_PATH=/home/raghav/crazyflie_mapping_demo/ros2_ws/install/crazyflie_py:/home/raghav/crazyflie_mapping_demo/ros2_ws/install/crazyflie_ros2_multiranger_bringup:/home/raghav/crazyflie_mapping_demo/ros2_ws/install/ros_gz_crazyflie_bringup:/home/raghav/crazyflie_mapping_demo/ros2_ws/install/ros_gz_crazyflie_gazebo:/home/raghav/crazyflie_mapping_demo/ros2_ws/install/ros_gz_crazyflie_control:/home/raghav/crazyflie_mapping_demo/ros2_ws/install/crazyflie_sim:/home/raghav/crazyflie_mapping_demo/ros2_ws/install/crazyflie_ros2_multiranger_wall_following:/home/raghav/crazyflie_mapping_demo/ros2_ws/install/crazyflie_ros2_multiranger_simple_mapper:/home/raghav/crazyflie_mapping_demo/ros2_ws/install/crazyflie_examples:/home/raghav/crazyflie_mapping_demo/ros2_ws/install/crazyflie:/home/raghav/crazyflie_mapping_demo/ros2_ws/install/crazyflie_interfaces:/opt/ros/humble CMAKE_PREFIX_PATH=/home/raghav/crazyflie_mapping_demo/ros2_ws/install/crazyflie_interfaces:/home/raghav/crazyflie_mapping_demo/ros2_ws/install/crazyflie_ros2_multiranger_bringup:/home/raghav/crazyflie_mapping_demo/ros2_ws/install/ros_gz_crazyflie_bringup:/home/raghav/crazyflie_mapping_demo/ros2_ws/install/ros_gz_crazyflie_gazebo:/home/raghav/crazyflie_mapping_demo/ros2_ws/install/crazyflie_sim:/home/raghav/crazyflie_mapping_demo/ros2_ws/install/crazyflie_examples:/home/raghav/crazyflie_mapping_demo/ros2_ws/install/crazyflie:/home/raghav/crazyflie_mapping_demo/ros2_ws/install/ros_gz_crazyflie_control:/home/raghav/crazyflie_mapping_demo/ros2_ws/install/crazyflie_ros2_multiranger_wall_following:/home/raghav/crazyflie_mapping_demo/ros2_ws/install/crazyflie_ros2_multiranger_simple_mapper:/home/raghav/crazyflie_mapping_demo/ros2_ws/install/crazyflie_py:/opt/ros/humble PYTHONPATH=/home/raghav/crazyflie_mapping_demo/ros2_ws/install/crazyflie_py/lib/python3.10/site-packages:/home/raghav/crazyflie_mapping_demo/ros2_ws/install/ros_gz_crazyflie_control/lib/python3.10/site-packages:/home/raghav/crazyflie_mapping_demo/ros2_ws/install/crazyflie_sim/local/lib/python3.10/dist-packages:/home/raghav/crazyflie_mapping_demo/ros2_ws/install/crazyflie_ros2_multiranger_wall_following/lib/python3.10/site-packages:/home/raghav/crazyflie_mapping_demo/ros2_ws/install/crazyflie_ros2_multiranger_simple_mapper/lib/python3.10/site-packages:/home/raghav/crazyflie_mapping_demo/ros2_ws/install/crazyflie_examples/local/lib/python3.10/dist-packages:/home/raghav/crazyflie_mapping_demo/ros2_ws/install/crazyflie_interfaces/local/lib/python3.10/dist-packages:/opt/ros/humble/lib/python3.10/site-packages:/opt/ros/humble/local/lib/python3.10/dist-packages /usr/bin/cmake --install /home/raghav/crazyflie_mapping_demo/ros2_ws/build/crazyflie_examples
[1.936s] Level 1:colcon.colcon_core.environment:create_environment_scripts_only(crazyflie_examples)
[1.936s] Level 1:colcon.colcon_core.environment:checking '/home/raghav/crazyflie_mapping_demo/ros2_ws/install/crazyflie_examples' for CMake module files
[1.937s] DEBUG:colcon.colcon_core.event_handler.log_command:Invoked command in '/home/raghav/crazyflie_mapping_demo/ros2_ws/build/crazyflie_examples' returned '0': AMENT_PREFIX_PATH=/home/raghav/crazyflie_mapping_demo/ros2_ws/install/crazyflie_py:/home/raghav/crazyflie_mapping_demo/ros2_ws/install/crazyflie_ros2_multiranger_bringup:/home/raghav/crazyflie_mapping_demo/ros2_ws/install/ros_gz_crazyflie_bringup:/home/raghav/crazyflie_mapping_demo/ros2_ws/install/ros_gz_crazyflie_gazebo:/home/raghav/crazyflie_mapping_demo/ros2_ws/install/ros_gz_crazyflie_control:/home/raghav/crazyflie_mapping_demo/ros2_ws/install/crazyflie_sim:/home/raghav/crazyflie_mapping_demo/ros2_ws/install/crazyflie_ros2_multiranger_wall_following:/home/raghav/crazyflie_mapping_demo/ros2_ws/install/crazyflie_ros2_multiranger_simple_mapper:/home/raghav/crazyflie_mapping_demo/ros2_ws/install/crazyflie_examples:/home/raghav/crazyflie_mapping_demo/ros2_ws/install/crazyflie:/home/raghav/crazyflie_mapping_demo/ros2_ws/install/crazyflie_interfaces:/opt/ros/humble CMAKE_PREFIX_PATH=/home/raghav/crazyflie_mapping_demo/ros2_ws/install/crazyflie_interfaces:/home/raghav/crazyflie_mapping_demo/ros2_ws/install/crazyflie_ros2_multiranger_bringup:/home/raghav/crazyflie_mapping_demo/ros2_ws/install/ros_gz_crazyflie_bringup:/home/raghav/crazyflie_mapping_demo/ros2_ws/install/ros_gz_crazyflie_gazebo:/home/raghav/crazyflie_mapping_demo/ros2_ws/install/crazyflie_sim:/home/raghav/crazyflie_mapping_demo/ros2_ws/install/crazyflie_examples:/home/raghav/crazyflie_mapping_demo/ros2_ws/install/crazyflie:/home/raghav/crazyflie_mapping_demo/ros2_ws/install/ros_gz_crazyflie_control:/home/raghav/crazyflie_mapping_demo/ros2_ws/install/crazyflie_ros2_multiranger_wall_following:/home/raghav/crazyflie_mapping_demo/ros2_ws/install/crazyflie_ros2_multiranger_simple_mapper:/home/raghav/crazyflie_mapping_demo/ros2_ws/install/crazyflie_py:/opt/ros/humble PYTHONPATH=/home/raghav/crazyflie_mapping_demo/ros2_ws/install/crazyflie_py/lib/python3.10/site-packages:/home/raghav/crazyflie_mapping_demo/ros2_ws/install/ros_gz_crazyflie_control/lib/python3.10/site-packages:/home/raghav/crazyflie_mapping_demo/ros2_ws/install/crazyflie_sim/local/lib/python3.10/dist-packages:/home/raghav/crazyflie_mapping_demo/ros2_ws/install/crazyflie_ros2_multiranger_wall_following/lib/python3.10/site-packages:/home/raghav/crazyflie_mapping_demo/ros2_ws/install/crazyflie_ros2_multiranger_simple_mapper/lib/python3.10/site-packages:/home/raghav/crazyflie_mapping_demo/ros2_ws/install/crazyflie_examples/local/lib/python3.10/dist-packages:/home/raghav/crazyflie_mapping_demo/ros2_ws/install/crazyflie_interfaces/local/lib/python3.10/dist-packages:/opt/ros/humble/lib/python3.10/site-packages:/opt/ros/humble/local/lib/python3.10/dist-packages /usr/bin/cmake --install /home/raghav/crazyflie_mapping_demo/ros2_ws/build/crazyflie_examples
[1.937s] Level 1:colcon.colcon_core.environment:checking '/home/raghav/crazyflie_mapping_demo/ros2_ws/install/crazyflie_examples' for CMake config files
[1.937s] Level 1:colcon.colcon_core.shell:create_environment_hook('crazyflie_examples', 'cmake_prefix_path')
[1.937s] INFO:colcon.colcon_core.shell:Creating environment hook '/home/raghav/crazyflie_mapping_demo/ros2_ws/install/crazyflie_examples/share/crazyflie_examples/hook/cmake_prefix_path.ps1'
[1.937s] INFO:colcon.colcon_core.shell:Creating environment descriptor '/home/raghav/crazyflie_mapping_demo/ros2_ws/install/crazyflie_examples/share/crazyflie_examples/hook/cmake_prefix_path.dsv'
[1.938s] INFO:colcon.colcon_core.shell:Creating environment hook '/home/raghav/crazyflie_mapping_demo/ros2_ws/install/crazyflie_examples/share/crazyflie_examples/hook/cmake_prefix_path.sh'
[1.938s] Level 1:colcon.colcon_core.environment:checking '/home/raghav/crazyflie_mapping_demo/ros2_ws/install/crazyflie_examples/lib'
[1.938s] Level 1:colcon.colcon_core.environment:checking '/home/raghav/crazyflie_mapping_demo/ros2_ws/install/crazyflie_examples/bin'
[1.938s] Level 1:colcon.colcon_core.environment:checking '/home/raghav/crazyflie_mapping_demo/ros2_ws/install/crazyflie_examples/lib/pkgconfig/crazyflie_examples.pc'
[1.939s] Level 1:colcon.colcon_core.environment:checking '/home/raghav/crazyflie_mapping_demo/ros2_ws/install/crazyflie_examples/lib/python3.10/site-packages'
[1.939s] Level 1:colcon.colcon_core.environment:checking '/home/raghav/crazyflie_mapping_demo/ros2_ws/install/crazyflie_examples/bin'
[1.939s] INFO:colcon.colcon_core.shell:Creating package script '/home/raghav/crazyflie_mapping_demo/ros2_ws/install/crazyflie_examples/share/crazyflie_examples/package.ps1'
[1.939s] INFO:colcon.colcon_core.shell:Creating package descriptor '/home/raghav/crazyflie_mapping_demo/ros2_ws/install/crazyflie_examples/share/crazyflie_examples/package.dsv'
[1.940s] INFO:colcon.colcon_core.shell:Creating package script '/home/raghav/crazyflie_mapping_demo/ros2_ws/install/crazyflie_examples/share/crazyflie_examples/package.sh'
[1.940s] INFO:colcon.colcon_core.shell:Creating package script '/home/raghav/crazyflie_mapping_demo/ros2_ws/install/crazyflie_examples/share/crazyflie_examples/package.bash'
[1.940s] INFO:colcon.colcon_core.shell:Creating package script '/home/raghav/crazyflie_mapping_demo/ros2_ws/install/crazyflie_examples/share/crazyflie_examples/package.zsh'
[1.940s] Level 1:colcon.colcon_core.environment:create_file_with_runtime_dependencies(/home/raghav/crazyflie_mapping_demo/ros2_ws/install/crazyflie_examples/share/colcon-core/packages/crazyflie_examples)
[1.941s] Level 1:colcon.colcon_core.environment:create_environment_scripts_only(crazyflie_examples)
[1.941s] Level 1:colcon.colcon_core.environment:checking '/home/raghav/crazyflie_mapping_demo/ros2_ws/install/crazyflie_examples' for CMake module files
[1.941s] Level 1:colcon.colcon_core.environment:checking '/home/raghav/crazyflie_mapping_demo/ros2_ws/install/crazyflie_examples' for CMake config files
[1.941s] Level 1:colcon.colcon_core.shell:create_environment_hook('crazyflie_examples', 'cmake_prefix_path')
[1.941s] INFO:colcon.colcon_core.shell:Creating environment hook '/home/raghav/crazyflie_mapping_demo/ros2_ws/install/crazyflie_examples/share/crazyflie_examples/hook/cmake_prefix_path.ps1'
[1.942s] INFO:colcon.colcon_core.shell:Creating environment descriptor '/home/raghav/crazyflie_mapping_demo/ros2_ws/install/crazyflie_examples/share/crazyflie_examples/hook/cmake_prefix_path.dsv'
[1.942s] INFO:colcon.colcon_core.shell:Creating environment hook '/home/raghav/crazyflie_mapping_demo/ros2_ws/install/crazyflie_examples/share/crazyflie_examples/hook/cmake_prefix_path.sh'
[1.942s] Level 1:colcon.colcon_core.environment:checking '/home/raghav/crazyflie_mapping_demo/ros2_ws/install/crazyflie_examples/lib'
[1.942s] Level 1:colcon.colcon_core.environment:checking '/home/raghav/crazyflie_mapping_demo/ros2_ws/install/crazyflie_examples/bin'
[1.942s] Level 1:colcon.colcon_core.environment:checking '/home/raghav/crazyflie_mapping_demo/ros2_ws/install/crazyflie_examples/lib/pkgconfig/crazyflie_examples.pc'
[1.942s] Level 1:colcon.colcon_core.environment:checking '/home/raghav/crazyflie_mapping_demo/ros2_ws/install/crazyflie_examples/lib/python3.10/site-packages'
[1.943s] Level 1:colcon.colcon_core.environment:checking '/home/raghav/crazyflie_mapping_demo/ros2_ws/install/crazyflie_examples/bin'
[1.943s] INFO:colcon.colcon_core.shell:Creating package script '/home/raghav/crazyflie_mapping_demo/ros2_ws/install/crazyflie_examples/share/crazyflie_examples/package.ps1'
[1.943s] INFO:colcon.colcon_core.shell:Creating package descriptor '/home/raghav/crazyflie_mapping_demo/ros2_ws/install/crazyflie_examples/share/crazyflie_examples/package.dsv'
[1.943s] INFO:colcon.colcon_core.shell:Creating package script '/home/raghav/crazyflie_mapping_demo/ros2_ws/install/crazyflie_examples/share/crazyflie_examples/package.sh'
[1.944s] INFO:colcon.colcon_core.shell:Creating package script '/home/raghav/crazyflie_mapping_demo/ros2_ws/install/crazyflie_examples/share/crazyflie_examples/package.bash'
[1.944s] INFO:colcon.colcon_core.shell:Creating package script '/home/raghav/crazyflie_mapping_demo/ros2_ws/install/crazyflie_examples/share/crazyflie_examples/package.zsh'
[1.944s] Level 1:colcon.colcon_core.environment:create_file_with_runtime_dependencies(/home/raghav/crazyflie_mapping_demo/ros2_ws/install/crazyflie_examples/share/colcon-core/packages/crazyflie_examples)
[1.944s] DEBUG:colcon.colcon_parallel_executor.executor.parallel:closing loop
[1.945s] DEBUG:colcon.colcon_parallel_executor.executor.parallel:loop closed
[1.945s] DEBUG:colcon.colcon_parallel_executor.executor.parallel:run_until_complete finished with '0'
[1.945s] DEBUG:colcon.colcon_core.event_reactor:joining thread
[1.949s] INFO:colcon.colcon_core.plugin_system:Skipping extension 'colcon_notification.desktop_notification.terminal_notifier': Not used on non-Darwin systems
[1.949s] INFO:colcon.colcon_core.plugin_system:Skipping extension 'colcon_notification.desktop_notification.win32': Not used on non-Windows systems
[1.949s] INFO:colcon.colcon_notification.desktop_notification:Sending desktop notification using 'notify2'
[1.958s] DEBUG:colcon.colcon_core.event_reactor:joined thread
[1.958s] INFO:colcon.colcon_core.shell:Creating prefix script '/home/raghav/crazyflie_mapping_demo/ros2_ws/install/local_setup.ps1'
[1.959s] INFO:colcon.colcon_core.shell:Creating prefix util module '/home/raghav/crazyflie_mapping_demo/ros2_ws/install/_local_setup_util_ps1.py'
[1.960s] INFO:colcon.colcon_core.shell:Creating prefix chain script '/home/raghav/crazyflie_mapping_demo/ros2_ws/install/setup.ps1'
[1.961s] INFO:colcon.colcon_core.shell:Creating prefix script '/home/raghav/crazyflie_mapping_demo/ros2_ws/install/local_setup.sh'
[1.962s] INFO:colcon.colcon_core.shell:Creating prefix util module '/home/raghav/crazyflie_mapping_demo/ros2_ws/install/_local_setup_util_sh.py'
[1.962s] INFO:colcon.colcon_core.shell:Creating prefix chain script '/home/raghav/crazyflie_mapping_demo/ros2_ws/install/setup.sh'
[1.963s] INFO:colcon.colcon_core.shell:Creating prefix script '/home/raghav/crazyflie_mapping_demo/ros2_ws/install/local_setup.bash'
[1.964s] INFO:colcon.colcon_core.shell:Creating prefix chain script '/home/raghav/crazyflie_mapping_demo/ros2_ws/install/setup.bash'
[1.965s] INFO:colcon.colcon_core.shell:Creating prefix script '/home/raghav/crazyflie_mapping_demo/ros2_ws/install/local_setup.zsh'
[1.965s] INFO:colcon.colcon_core.shell:Creating prefix chain script '/home/raghav/crazyflie_mapping_demo/ros2_ws/install/setup.zsh'
