[0.064s] DEBUG:colcon:Command line arguments: ['/usr/bin/colcon', 'build', '--cmake-args', '-DBUILD_TESTING=ON']
[0.064s] DEBUG:colcon:Parsed command line arguments: Namespace(log_base=None, log_level=None, verb_name='build', build_base='build', install_base='install', merge_install=False, symlink_install=False, test_result_base=None, continue_on_error=False, executor='parallel', parallel_workers=20, event_handlers=None, ignore_user_meta=False, metas=['./colcon.meta'], base_paths=['.'], packages_ignore=None, packages_ignore_regex=None, paths=None, packages_up_to=None, packages_up_to_regex=None, packages_above=None, packages_above_and_dependencies=None, packages_above_depth=None, packages_select_by_dep=None, packages_skip_by_dep=None, packages_skip_up_to=None, packages_select_build_failed=False, packages_skip_build_finished=False, packages_select_test_failures=False, packages_skip_test_passed=False, packages_select=None, packages_skip=None, packages_select_regex=None, packages_skip_regex=None, packages_start=None, packages_end=None, allow_overriding=[], cmake_args=['-DBUILD_TESTING=ON'], cmake_target=None, cmake_target_skip_unavailable=False, cmake_clean_cache=False, cmake_clean_first=False, cmake_force_configure=False, ament_cmake_args=None, catkin_cmake_args=None, catkin_skip_building_tests=False, verb_parser=<colcon_defaults.argument_parser.defaults.DefaultArgumentsDecorator object at 0x703d26f10f70>, verb_extension=<colcon_core.verb.build.BuildVerb object at 0x703d26ffeb30>, main=<bound method BuildVerb.main of <colcon_core.verb.build.BuildVerb object at 0x703d26ffeb30>>)
[0.159s] Level 1:colcon.colcon_core.package_discovery:discover_packages(colcon_meta) check parameters
[0.159s] Level 1:colcon.colcon_core.package_discovery:discover_packages(recursive) check parameters
[0.159s] Level 1:colcon.colcon_core.package_discovery:discover_packages(ignore) check parameters
[0.159s] Level 1:colcon.colcon_core.package_discovery:discover_packages(path) check parameters
[0.159s] Level 1:colcon.colcon_core.package_discovery:discover_packages(colcon_meta) discover
[0.159s] Level 1:colcon.colcon_core.package_discovery:discover_packages(recursive) discover
[0.159s] INFO:colcon.colcon_core.package_discovery:Crawling recursively for packages in '/home/raghav/crazyflie_mapping_demo/ros2_ws'
[0.159s] Level 1:colcon.colcon_core.package_identification:_identify(.) by extensions ['ignore', 'ignore_ament_install']
[0.159s] Level 1:colcon.colcon_core.package_identification:_identify(.) by extension 'ignore'
[0.159s] Level 1:colcon.colcon_core.package_identification:_identify(.) by extension 'ignore_ament_install'
[0.159s] Level 1:colcon.colcon_core.package_identification:_identify(.) by extensions ['colcon_pkg']
[0.159s] Level 1:colcon.colcon_core.package_identification:_identify(.) by extension 'colcon_pkg'
[0.159s] Level 1:colcon.colcon_core.package_identification:_identify(.) by extensions ['colcon_meta']
[0.159s] Level 1:colcon.colcon_core.package_identification:_identify(.) by extension 'colcon_meta'
[0.159s] Level 1:colcon.colcon_core.package_identification:_identify(.) by extensions ['ros']
[0.159s] Level 1:colcon.colcon_core.package_identification:_identify(.) by extension 'ros'
[0.166s] Level 1:colcon.colcon_core.package_identification:_identify(.) by extensions ['cmake', 'python']
[0.166s] Level 1:colcon.colcon_core.package_identification:_identify(.) by extension 'cmake'
[0.166s] Level 1:colcon.colcon_core.package_identification:_identify(.) by extension 'python'
[0.166s] Level 1:colcon.colcon_core.package_identification:_identify(.) by extensions ['python_setup_py']
[0.166s] Level 1:colcon.colcon_core.package_identification:_identify(.) by extension 'python_setup_py'
[0.167s] Level 1:colcon.colcon_core.package_identification:_identify(build) by extensions ['ignore', 'ignore_ament_install']
[0.167s] Level 1:colcon.colcon_core.package_identification:_identify(build) by extension 'ignore'
[0.167s] Level 1:colcon.colcon_core.package_identification:_identify(build) ignored
[0.167s] Level 1:colcon.colcon_core.package_identification:_identify(install) by extensions ['ignore', 'ignore_ament_install']
[0.167s] Level 1:colcon.colcon_core.package_identification:_identify(install) by extension 'ignore'
[0.167s] Level 1:colcon.colcon_core.package_identification:_identify(install) ignored
[0.167s] Level 1:colcon.colcon_core.package_identification:_identify(log) by extensions ['ignore', 'ignore_ament_install']
[0.167s] Level 1:colcon.colcon_core.package_identification:_identify(log) by extension 'ignore'
[0.167s] Level 1:colcon.colcon_core.package_identification:_identify(log) ignored
[0.167s] Level 1:colcon.colcon_core.package_identification:_identify(src) by extensions ['ignore', 'ignore_ament_install']
[0.167s] Level 1:colcon.colcon_core.package_identification:_identify(src) by extension 'ignore'
[0.167s] Level 1:colcon.colcon_core.package_identification:_identify(src) by extension 'ignore_ament_install'
[0.167s] Level 1:colcon.colcon_core.package_identification:_identify(src) by extensions ['colcon_pkg']
[0.167s] Level 1:colcon.colcon_core.package_identification:_identify(src) by extension 'colcon_pkg'
[0.167s] Level 1:colcon.colcon_core.package_identification:_identify(src) by extensions ['colcon_meta']
[0.167s] Level 1:colcon.colcon_core.package_identification:_identify(src) by extension 'colcon_meta'
[0.167s] Level 1:colcon.colcon_core.package_identification:_identify(src) by extensions ['ros']
[0.167s] Level 1:colcon.colcon_core.package_identification:_identify(src) by extension 'ros'
[0.167s] Level 1:colcon.colcon_core.package_identification:_identify(src) by extensions ['cmake', 'python']
[0.167s] Level 1:colcon.colcon_core.package_identification:_identify(src) by extension 'cmake'
[0.167s] Level 1:colcon.colcon_core.package_identification:_identify(src) by extension 'python'
[0.167s] Level 1:colcon.colcon_core.package_identification:_identify(src) by extensions ['python_setup_py']
[0.167s] Level 1:colcon.colcon_core.package_identification:_identify(src) by extension 'python_setup_py'
[0.167s] Level 1:colcon.colcon_core.package_identification:_identify(src/crazyflie_ros2_multiranger) by extensions ['ignore', 'ignore_ament_install']
[0.167s] Level 1:colcon.colcon_core.package_identification:_identify(src/crazyflie_ros2_multiranger) by extension 'ignore'
[0.167s] Level 1:colcon.colcon_core.package_identification:_identify(src/crazyflie_ros2_multiranger) by extension 'ignore_ament_install'
[0.167s] Level 1:colcon.colcon_core.package_identification:_identify(src/crazyflie_ros2_multiranger) by extensions ['colcon_pkg']
[0.167s] Level 1:colcon.colcon_core.package_identification:_identify(src/crazyflie_ros2_multiranger) by extension 'colcon_pkg'
[0.167s] Level 1:colcon.colcon_core.package_identification:_identify(src/crazyflie_ros2_multiranger) by extensions ['colcon_meta']
[0.167s] Level 1:colcon.colcon_core.package_identification:_identify(src/crazyflie_ros2_multiranger) by extension 'colcon_meta'
[0.167s] Level 1:colcon.colcon_core.package_identification:_identify(src/crazyflie_ros2_multiranger) by extensions ['ros']
[0.167s] Level 1:colcon.colcon_core.package_identification:_identify(src/crazyflie_ros2_multiranger) by extension 'ros'
[0.168s] Level 1:colcon.colcon_core.package_identification:_identify(src/crazyflie_ros2_multiranger) by extensions ['cmake', 'python']
[0.168s] Level 1:colcon.colcon_core.package_identification:_identify(src/crazyflie_ros2_multiranger) by extension 'cmake'
[0.168s] Level 1:colcon.colcon_core.package_identification:_identify(src/crazyflie_ros2_multiranger) by extension 'python'
[0.168s] Level 1:colcon.colcon_core.package_identification:_identify(src/crazyflie_ros2_multiranger) by extensions ['python_setup_py']
[0.168s] Level 1:colcon.colcon_core.package_identification:_identify(src/crazyflie_ros2_multiranger) by extension 'python_setup_py'
[0.168s] Level 1:colcon.colcon_core.package_identification:_identify(src/crazyflie_ros2_multiranger/crazyflie_ros2_multiranger_bringup) by extensions ['ignore', 'ignore_ament_install']
[0.168s] Level 1:colcon.colcon_core.package_identification:_identify(src/crazyflie_ros2_multiranger/crazyflie_ros2_multiranger_bringup) by extension 'ignore'
[0.168s] Level 1:colcon.colcon_core.package_identification:_identify(src/crazyflie_ros2_multiranger/crazyflie_ros2_multiranger_bringup) by extension 'ignore_ament_install'
[0.168s] Level 1:colcon.colcon_core.package_identification:_identify(src/crazyflie_ros2_multiranger/crazyflie_ros2_multiranger_bringup) by extensions ['colcon_pkg']
[0.168s] Level 1:colcon.colcon_core.package_identification:_identify(src/crazyflie_ros2_multiranger/crazyflie_ros2_multiranger_bringup) by extension 'colcon_pkg'
[0.168s] Level 1:colcon.colcon_core.package_identification:_identify(src/crazyflie_ros2_multiranger/crazyflie_ros2_multiranger_bringup) by extensions ['colcon_meta']
[0.168s] Level 1:colcon.colcon_core.package_identification:_identify(src/crazyflie_ros2_multiranger/crazyflie_ros2_multiranger_bringup) by extension 'colcon_meta'
[0.168s] Level 1:colcon.colcon_core.package_identification:_identify(src/crazyflie_ros2_multiranger/crazyflie_ros2_multiranger_bringup) by extensions ['ros']
[0.168s] Level 1:colcon.colcon_core.package_identification:_identify(src/crazyflie_ros2_multiranger/crazyflie_ros2_multiranger_bringup) by extension 'ros'
[0.169s] DEBUG:colcon.colcon_core.package_identification:Package 'src/crazyflie_ros2_multiranger/crazyflie_ros2_multiranger_bringup' with type 'ros.ament_cmake' and name 'crazyflie_ros2_multiranger_bringup'
[0.169s] Level 1:colcon.colcon_core.package_identification:_identify(src/crazyflie_ros2_multiranger/crazyflie_ros2_multiranger_simple_mapper) by extensions ['ignore', 'ignore_ament_install']
[0.170s] Level 1:colcon.colcon_core.package_identification:_identify(src/crazyflie_ros2_multiranger/crazyflie_ros2_multiranger_simple_mapper) by extension 'ignore'
[0.170s] Level 1:colcon.colcon_core.package_identification:_identify(src/crazyflie_ros2_multiranger/crazyflie_ros2_multiranger_simple_mapper) by extension 'ignore_ament_install'
[0.170s] Level 1:colcon.colcon_core.package_identification:_identify(src/crazyflie_ros2_multiranger/crazyflie_ros2_multiranger_simple_mapper) by extensions ['colcon_pkg']
[0.170s] Level 1:colcon.colcon_core.package_identification:_identify(src/crazyflie_ros2_multiranger/crazyflie_ros2_multiranger_simple_mapper) by extension 'colcon_pkg'
[0.170s] Level 1:colcon.colcon_core.package_identification:_identify(src/crazyflie_ros2_multiranger/crazyflie_ros2_multiranger_simple_mapper) by extensions ['colcon_meta']
[0.170s] Level 1:colcon.colcon_core.package_identification:_identify(src/crazyflie_ros2_multiranger/crazyflie_ros2_multiranger_simple_mapper) by extension 'colcon_meta'
[0.170s] Level 1:colcon.colcon_core.package_identification:_identify(src/crazyflie_ros2_multiranger/crazyflie_ros2_multiranger_simple_mapper) by extensions ['ros']
[0.170s] Level 1:colcon.colcon_core.package_identification:_identify(src/crazyflie_ros2_multiranger/crazyflie_ros2_multiranger_simple_mapper) by extension 'ros'
[0.170s] DEBUG:colcon.colcon_core.package_identification:Package 'src/crazyflie_ros2_multiranger/crazyflie_ros2_multiranger_simple_mapper' with type 'ros.ament_python' and name 'crazyflie_ros2_multiranger_simple_mapper'
[0.170s] Level 1:colcon.colcon_core.package_identification:_identify(src/crazyflie_ros2_multiranger/crazyflie_ros2_multiranger_wall_following) by extensions ['ignore', 'ignore_ament_install']
[0.170s] Level 1:colcon.colcon_core.package_identification:_identify(src/crazyflie_ros2_multiranger/crazyflie_ros2_multiranger_wall_following) by extension 'ignore'
[0.170s] Level 1:colcon.colcon_core.package_identification:_identify(src/crazyflie_ros2_multiranger/crazyflie_ros2_multiranger_wall_following) by extension 'ignore_ament_install'
[0.170s] Level 1:colcon.colcon_core.package_identification:_identify(src/crazyflie_ros2_multiranger/crazyflie_ros2_multiranger_wall_following) by extensions ['colcon_pkg']
[0.170s] Level 1:colcon.colcon_core.package_identification:_identify(src/crazyflie_ros2_multiranger/crazyflie_ros2_multiranger_wall_following) by extension 'colcon_pkg'
[0.170s] Level 1:colcon.colcon_core.package_identification:_identify(src/crazyflie_ros2_multiranger/crazyflie_ros2_multiranger_wall_following) by extensions ['colcon_meta']
[0.170s] Level 1:colcon.colcon_core.package_identification:_identify(src/crazyflie_ros2_multiranger/crazyflie_ros2_multiranger_wall_following) by extension 'colcon_meta'
[0.170s] Level 1:colcon.colcon_core.package_identification:_identify(src/crazyflie_ros2_multiranger/crazyflie_ros2_multiranger_wall_following) by extensions ['ros']
[0.170s] Level 1:colcon.colcon_core.package_identification:_identify(src/crazyflie_ros2_multiranger/crazyflie_ros2_multiranger_wall_following) by extension 'ros'
[0.171s] DEBUG:colcon.colcon_core.package_identification:Package 'src/crazyflie_ros2_multiranger/crazyflie_ros2_multiranger_wall_following' with type 'ros.ament_python' and name 'crazyflie_ros2_multiranger_wall_following'
[0.171s] Level 1:colcon.colcon_core.package_identification:_identify(src/crazyswarm2) by extensions ['ignore', 'ignore_ament_install']
[0.171s] Level 1:colcon.colcon_core.package_identification:_identify(src/crazyswarm2) by extension 'ignore'
[0.171s] Level 1:colcon.colcon_core.package_identification:_identify(src/crazyswarm2) by extension 'ignore_ament_install'
[0.171s] Level 1:colcon.colcon_core.package_identification:_identify(src/crazyswarm2) by extensions ['colcon_pkg']
[0.171s] Level 1:colcon.colcon_core.package_identification:_identify(src/crazyswarm2) by extension 'colcon_pkg'
[0.171s] Level 1:colcon.colcon_core.package_identification:_identify(src/crazyswarm2) by extensions ['colcon_meta']
[0.171s] Level 1:colcon.colcon_core.package_identification:_identify(src/crazyswarm2) by extension 'colcon_meta'
[0.171s] Level 1:colcon.colcon_core.package_identification:_identify(src/crazyswarm2) by extensions ['ros']
[0.171s] Level 1:colcon.colcon_core.package_identification:_identify(src/crazyswarm2) by extension 'ros'
[0.171s] Level 1:colcon.colcon_core.package_identification:_identify(src/crazyswarm2) by extensions ['cmake', 'python']
[0.171s] Level 1:colcon.colcon_core.package_identification:_identify(src/crazyswarm2) by extension 'cmake'
[0.171s] Level 1:colcon.colcon_core.package_identification:_identify(src/crazyswarm2) by extension 'python'
[0.171s] Level 1:colcon.colcon_core.package_identification:_identify(src/crazyswarm2) by extensions ['python_setup_py']
[0.171s] Level 1:colcon.colcon_core.package_identification:_identify(src/crazyswarm2) by extension 'python_setup_py'
[0.171s] Level 1:colcon.colcon_core.package_identification:_identify(src/crazyswarm2/crazyflie) by extensions ['ignore', 'ignore_ament_install']
[0.171s] Level 1:colcon.colcon_core.package_identification:_identify(src/crazyswarm2/crazyflie) by extension 'ignore'
[0.171s] Level 1:colcon.colcon_core.package_identification:_identify(src/crazyswarm2/crazyflie) by extension 'ignore_ament_install'
[0.171s] Level 1:colcon.colcon_core.package_identification:_identify(src/crazyswarm2/crazyflie) by extensions ['colcon_pkg']
[0.171s] Level 1:colcon.colcon_core.package_identification:_identify(src/crazyswarm2/crazyflie) by extension 'colcon_pkg'
[0.171s] Level 1:colcon.colcon_core.package_identification:_identify(src/crazyswarm2/crazyflie) by extensions ['colcon_meta']
[0.171s] Level 1:colcon.colcon_core.package_identification:_identify(src/crazyswarm2/crazyflie) by extension 'colcon_meta'
[0.171s] Level 1:colcon.colcon_core.package_identification:_identify(src/crazyswarm2/crazyflie) by extensions ['ros']
[0.171s] Level 1:colcon.colcon_core.package_identification:_identify(src/crazyswarm2/crazyflie) by extension 'ros'
[0.172s] DEBUG:colcon.colcon_core.package_identification:Package 'src/crazyswarm2/crazyflie' with type 'ros.ament_cmake' and name 'crazyflie'
[0.172s] Level 1:colcon.colcon_core.package_identification:_identify(src/crazyswarm2/crazyflie_examples) by extensions ['ignore', 'ignore_ament_install']
[0.172s] Level 1:colcon.colcon_core.package_identification:_identify(src/crazyswarm2/crazyflie_examples) by extension 'ignore'
[0.172s] Level 1:colcon.colcon_core.package_identification:_identify(src/crazyswarm2/crazyflie_examples) by extension 'ignore_ament_install'
[0.172s] Level 1:colcon.colcon_core.package_identification:_identify(src/crazyswarm2/crazyflie_examples) by extensions ['colcon_pkg']
[0.172s] Level 1:colcon.colcon_core.package_identification:_identify(src/crazyswarm2/crazyflie_examples) by extension 'colcon_pkg'
[0.172s] Level 1:colcon.colcon_core.package_identification:_identify(src/crazyswarm2/crazyflie_examples) by extensions ['colcon_meta']
[0.172s] Level 1:colcon.colcon_core.package_identification:_identify(src/crazyswarm2/crazyflie_examples) by extension 'colcon_meta'
[0.172s] Level 1:colcon.colcon_core.package_identification:_identify(src/crazyswarm2/crazyflie_examples) by extensions ['ros']
[0.172s] Level 1:colcon.colcon_core.package_identification:_identify(src/crazyswarm2/crazyflie_examples) by extension 'ros'
[0.173s] DEBUG:colcon.colcon_core.package_identification:Package 'src/crazyswarm2/crazyflie_examples' with type 'ros.ament_cmake' and name 'crazyflie_examples'
[0.173s] Level 1:colcon.colcon_core.package_identification:_identify(src/crazyswarm2/crazyflie_interfaces) by extensions ['ignore', 'ignore_ament_install']
[0.173s] Level 1:colcon.colcon_core.package_identification:_identify(src/crazyswarm2/crazyflie_interfaces) by extension 'ignore'
[0.173s] Level 1:colcon.colcon_core.package_identification:_identify(src/crazyswarm2/crazyflie_interfaces) by extension 'ignore_ament_install'
[0.173s] Level 1:colcon.colcon_core.package_identification:_identify(src/crazyswarm2/crazyflie_interfaces) by extensions ['colcon_pkg']
[0.173s] Level 1:colcon.colcon_core.package_identification:_identify(src/crazyswarm2/crazyflie_interfaces) by extension 'colcon_pkg'
[0.173s] Level 1:colcon.colcon_core.package_identification:_identify(src/crazyswarm2/crazyflie_interfaces) by extensions ['colcon_meta']
[0.173s] Level 1:colcon.colcon_core.package_identification:_identify(src/crazyswarm2/crazyflie_interfaces) by extension 'colcon_meta'
[0.173s] Level 1:colcon.colcon_core.package_identification:_identify(src/crazyswarm2/crazyflie_interfaces) by extensions ['ros']
[0.173s] Level 1:colcon.colcon_core.package_identification:_identify(src/crazyswarm2/crazyflie_interfaces) by extension 'ros'
[0.174s] DEBUG:colcon.colcon_core.package_identification:Package 'src/crazyswarm2/crazyflie_interfaces' with type 'ros.ament_cmake' and name 'crazyflie_interfaces'
[0.174s] Level 1:colcon.colcon_core.package_identification:_identify(src/crazyswarm2/crazyflie_py) by extensions ['ignore', 'ignore_ament_install']
[0.174s] Level 1:colcon.colcon_core.package_identification:_identify(src/crazyswarm2/crazyflie_py) by extension 'ignore'
[0.174s] Level 1:colcon.colcon_core.package_identification:_identify(src/crazyswarm2/crazyflie_py) by extension 'ignore_ament_install'
[0.174s] Level 1:colcon.colcon_core.package_identification:_identify(src/crazyswarm2/crazyflie_py) by extensions ['colcon_pkg']
[0.174s] Level 1:colcon.colcon_core.package_identification:_identify(src/crazyswarm2/crazyflie_py) by extension 'colcon_pkg'
[0.174s] Level 1:colcon.colcon_core.package_identification:_identify(src/crazyswarm2/crazyflie_py) by extensions ['colcon_meta']
[0.174s] Level 1:colcon.colcon_core.package_identification:_identify(src/crazyswarm2/crazyflie_py) by extension 'colcon_meta'
[0.174s] Level 1:colcon.colcon_core.package_identification:_identify(src/crazyswarm2/crazyflie_py) by extensions ['ros']
[0.174s] Level 1:colcon.colcon_core.package_identification:_identify(src/crazyswarm2/crazyflie_py) by extension 'ros'
[0.174s] DEBUG:colcon.colcon_core.package_identification:Package 'src/crazyswarm2/crazyflie_py' with type 'ros.ament_python' and name 'crazyflie_py'
[0.174s] Level 1:colcon.colcon_core.package_identification:_identify(src/crazyswarm2/crazyflie_sim) by extensions ['ignore', 'ignore_ament_install']
[0.174s] Level 1:colcon.colcon_core.package_identification:_identify(src/crazyswarm2/crazyflie_sim) by extension 'ignore'
[0.174s] Level 1:colcon.colcon_core.package_identification:_identify(src/crazyswarm2/crazyflie_sim) by extension 'ignore_ament_install'
[0.174s] Level 1:colcon.colcon_core.package_identification:_identify(src/crazyswarm2/crazyflie_sim) by extensions ['colcon_pkg']
[0.174s] Level 1:colcon.colcon_core.package_identification:_identify(src/crazyswarm2/crazyflie_sim) by extension 'colcon_pkg'
[0.174s] Level 1:colcon.colcon_core.package_identification:_identify(src/crazyswarm2/crazyflie_sim) by extensions ['colcon_meta']
[0.174s] Level 1:colcon.colcon_core.package_identification:_identify(src/crazyswarm2/crazyflie_sim) by extension 'colcon_meta'
[0.174s] Level 1:colcon.colcon_core.package_identification:_identify(src/crazyswarm2/crazyflie_sim) by extensions ['ros']
[0.174s] Level 1:colcon.colcon_core.package_identification:_identify(src/crazyswarm2/crazyflie_sim) by extension 'ros'
[0.175s] DEBUG:colcon.colcon_core.package_identification:Package 'src/crazyswarm2/crazyflie_sim' with type 'ros.ament_cmake' and name 'crazyflie_sim'
[0.175s] Level 1:colcon.colcon_core.package_identification:_identify(src/crazyswarm2/docs) by extensions ['ignore', 'ignore_ament_install']
[0.175s] Level 1:colcon.colcon_core.package_identification:_identify(src/crazyswarm2/docs) by extension 'ignore'
[0.175s] Level 1:colcon.colcon_core.package_identification:_identify(src/crazyswarm2/docs) by extension 'ignore_ament_install'
[0.175s] Level 1:colcon.colcon_core.package_identification:_identify(src/crazyswarm2/docs) by extensions ['colcon_pkg']
[0.175s] Level 1:colcon.colcon_core.package_identification:_identify(src/crazyswarm2/docs) by extension 'colcon_pkg'
[0.175s] Level 1:colcon.colcon_core.package_identification:_identify(src/crazyswarm2/docs) by extensions ['colcon_meta']
[0.175s] Level 1:colcon.colcon_core.package_identification:_identify(src/crazyswarm2/docs) by extension 'colcon_meta'
[0.175s] Level 1:colcon.colcon_core.package_identification:_identify(src/crazyswarm2/docs) by extensions ['ros']
[0.175s] Level 1:colcon.colcon_core.package_identification:_identify(src/crazyswarm2/docs) by extension 'ros'
[0.175s] Level 1:colcon.colcon_core.package_identification:_identify(src/crazyswarm2/docs) by extensions ['cmake', 'python']
[0.175s] Level 1:colcon.colcon_core.package_identification:_identify(src/crazyswarm2/docs) by extension 'cmake'
[0.175s] Level 1:colcon.colcon_core.package_identification:_identify(src/crazyswarm2/docs) by extension 'python'
[0.175s] Level 1:colcon.colcon_core.package_identification:_identify(src/crazyswarm2/docs) by extensions ['python_setup_py']
[0.175s] Level 1:colcon.colcon_core.package_identification:_identify(src/crazyswarm2/docs) by extension 'python_setup_py'
[0.175s] Level 1:colcon.colcon_core.package_identification:_identify(src/crazyswarm2/docs/generated) by extensions ['ignore', 'ignore_ament_install']
[0.175s] Level 1:colcon.colcon_core.package_identification:_identify(src/crazyswarm2/docs/generated) by extension 'ignore'
[0.175s] Level 1:colcon.colcon_core.package_identification:_identify(src/crazyswarm2/docs/generated) by extension 'ignore_ament_install'
[0.175s] Level 1:colcon.colcon_core.package_identification:_identify(src/crazyswarm2/docs/generated) by extensions ['colcon_pkg']
[0.175s] Level 1:colcon.colcon_core.package_identification:_identify(src/crazyswarm2/docs/generated) by extension 'colcon_pkg'
[0.175s] Level 1:colcon.colcon_core.package_identification:_identify(src/crazyswarm2/docs/generated) by extensions ['colcon_meta']
[0.175s] Level 1:colcon.colcon_core.package_identification:_identify(src/crazyswarm2/docs/generated) by extension 'colcon_meta'
[0.175s] Level 1:colcon.colcon_core.package_identification:_identify(src/crazyswarm2/docs/generated) by extensions ['ros']
[0.175s] Level 1:colcon.colcon_core.package_identification:_identify(src/crazyswarm2/docs/generated) by extension 'ros'
[0.176s] Level 1:colcon.colcon_core.package_identification:_identify(src/crazyswarm2/docs/generated) by extensions ['cmake', 'python']
[0.176s] Level 1:colcon.colcon_core.package_identification:_identify(src/crazyswarm2/docs/generated) by extension 'cmake'
[0.176s] Level 1:colcon.colcon_core.package_identification:_identify(src/crazyswarm2/docs/generated) by extension 'python'
[0.176s] Level 1:colcon.colcon_core.package_identification:_identify(src/crazyswarm2/docs/generated) by extensions ['python_setup_py']
[0.176s] Level 1:colcon.colcon_core.package_identification:_identify(src/crazyswarm2/docs/generated) by extension 'python_setup_py'
[0.176s] Level 1:colcon.colcon_core.package_identification:_identify(src/crazyswarm2/docs/howto) by extensions ['ignore', 'ignore_ament_install']
[0.176s] Level 1:colcon.colcon_core.package_identification:_identify(src/crazyswarm2/docs/howto) by extension 'ignore'
[0.176s] Level 1:colcon.colcon_core.package_identification:_identify(src/crazyswarm2/docs/howto) by extension 'ignore_ament_install'
[0.176s] Level 1:colcon.colcon_core.package_identification:_identify(src/crazyswarm2/docs/howto) by extensions ['colcon_pkg']
[0.176s] Level 1:colcon.colcon_core.package_identification:_identify(src/crazyswarm2/docs/howto) by extension 'colcon_pkg'
[0.176s] Level 1:colcon.colcon_core.package_identification:_identify(src/crazyswarm2/docs/howto) by extensions ['colcon_meta']
[0.176s] Level 1:colcon.colcon_core.package_identification:_identify(src/crazyswarm2/docs/howto) by extension 'colcon_meta'
[0.176s] Level 1:colcon.colcon_core.package_identification:_identify(src/crazyswarm2/docs/howto) by extensions ['ros']
[0.176s] Level 1:colcon.colcon_core.package_identification:_identify(src/crazyswarm2/docs/howto) by extension 'ros'
[0.176s] Level 1:colcon.colcon_core.package_identification:_identify(src/crazyswarm2/docs/howto) by extensions ['cmake', 'python']
[0.176s] Level 1:colcon.colcon_core.package_identification:_identify(src/crazyswarm2/docs/howto) by extension 'cmake'
[0.176s] Level 1:colcon.colcon_core.package_identification:_identify(src/crazyswarm2/docs/howto) by extension 'python'
[0.176s] Level 1:colcon.colcon_core.package_identification:_identify(src/crazyswarm2/docs/howto) by extensions ['python_setup_py']
[0.176s] Level 1:colcon.colcon_core.package_identification:_identify(src/crazyswarm2/docs/howto) by extension 'python_setup_py'
[0.176s] Level 1:colcon.colcon_core.package_identification:_identify(src/crazyswarm2/docs/images) by extensions ['ignore', 'ignore_ament_install']
[0.176s] Level 1:colcon.colcon_core.package_identification:_identify(src/crazyswarm2/docs/images) by extension 'ignore'
[0.176s] Level 1:colcon.colcon_core.package_identification:_identify(src/crazyswarm2/docs/images) by extension 'ignore_ament_install'
[0.176s] Level 1:colcon.colcon_core.package_identification:_identify(src/crazyswarm2/docs/images) by extensions ['colcon_pkg']
[0.176s] Level 1:colcon.colcon_core.package_identification:_identify(src/crazyswarm2/docs/images) by extension 'colcon_pkg'
[0.176s] Level 1:colcon.colcon_core.package_identification:_identify(src/crazyswarm2/docs/images) by extensions ['colcon_meta']
[0.176s] Level 1:colcon.colcon_core.package_identification:_identify(src/crazyswarm2/docs/images) by extension 'colcon_meta'
[0.176s] Level 1:colcon.colcon_core.package_identification:_identify(src/crazyswarm2/docs/images) by extensions ['ros']
[0.176s] Level 1:colcon.colcon_core.package_identification:_identify(src/crazyswarm2/docs/images) by extension 'ros'
[0.176s] Level 1:colcon.colcon_core.package_identification:_identify(src/crazyswarm2/docs/images) by extensions ['cmake', 'python']
[0.176s] Level 1:colcon.colcon_core.package_identification:_identify(src/crazyswarm2/docs/images) by extension 'cmake'
[0.176s] Level 1:colcon.colcon_core.package_identification:_identify(src/crazyswarm2/docs/images) by extension 'python'
[0.176s] Level 1:colcon.colcon_core.package_identification:_identify(src/crazyswarm2/docs/images) by extensions ['python_setup_py']
[0.176s] Level 1:colcon.colcon_core.package_identification:_identify(src/crazyswarm2/docs/images) by extension 'python_setup_py'
[0.176s] Level 1:colcon.colcon_core.package_identification:_identify(src/crazyswarm2/docs/tutorials) by extensions ['ignore', 'ignore_ament_install']
[0.176s] Level 1:colcon.colcon_core.package_identification:_identify(src/crazyswarm2/docs/tutorials) by extension 'ignore'
[0.176s] Level 1:colcon.colcon_core.package_identification:_identify(src/crazyswarm2/docs/tutorials) by extension 'ignore_ament_install'
[0.176s] Level 1:colcon.colcon_core.package_identification:_identify(src/crazyswarm2/docs/tutorials) by extensions ['colcon_pkg']
[0.176s] Level 1:colcon.colcon_core.package_identification:_identify(src/crazyswarm2/docs/tutorials) by extension 'colcon_pkg'
[0.176s] Level 1:colcon.colcon_core.package_identification:_identify(src/crazyswarm2/docs/tutorials) by extensions ['colcon_meta']
[0.177s] Level 1:colcon.colcon_core.package_identification:_identify(src/crazyswarm2/docs/tutorials) by extension 'colcon_meta'
[0.177s] Level 1:colcon.colcon_core.package_identification:_identify(src/crazyswarm2/docs/tutorials) by extensions ['ros']
[0.177s] Level 1:colcon.colcon_core.package_identification:_identify(src/crazyswarm2/docs/tutorials) by extension 'ros'
[0.177s] Level 1:colcon.colcon_core.package_identification:_identify(src/crazyswarm2/docs/tutorials) by extensions ['cmake', 'python']
[0.177s] Level 1:colcon.colcon_core.package_identification:_identify(src/crazyswarm2/docs/tutorials) by extension 'cmake'
[0.177s] Level 1:colcon.colcon_core.package_identification:_identify(src/crazyswarm2/docs/tutorials) by extension 'python'
[0.177s] Level 1:colcon.colcon_core.package_identification:_identify(src/crazyswarm2/docs/tutorials) by extensions ['python_setup_py']
[0.177s] Level 1:colcon.colcon_core.package_identification:_identify(src/crazyswarm2/docs/tutorials) by extension 'python_setup_py'
[0.177s] Level 1:colcon.colcon_core.package_identification:_identify(src/crazyswarm2/docs2) by extensions ['ignore', 'ignore_ament_install']
[0.177s] Level 1:colcon.colcon_core.package_identification:_identify(src/crazyswarm2/docs2) by extension 'ignore'
[0.177s] Level 1:colcon.colcon_core.package_identification:_identify(src/crazyswarm2/docs2) by extension 'ignore_ament_install'
[0.177s] Level 1:colcon.colcon_core.package_identification:_identify(src/crazyswarm2/docs2) by extensions ['colcon_pkg']
[0.177s] Level 1:colcon.colcon_core.package_identification:_identify(src/crazyswarm2/docs2) by extension 'colcon_pkg'
[0.177s] Level 1:colcon.colcon_core.package_identification:_identify(src/crazyswarm2/docs2) by extensions ['colcon_meta']
[0.177s] Level 1:colcon.colcon_core.package_identification:_identify(src/crazyswarm2/docs2) by extension 'colcon_meta'
[0.177s] Level 1:colcon.colcon_core.package_identification:_identify(src/crazyswarm2/docs2) by extensions ['ros']
[0.177s] Level 1:colcon.colcon_core.package_identification:_identify(src/crazyswarm2/docs2) by extension 'ros'
[0.177s] Level 1:colcon.colcon_core.package_identification:_identify(src/crazyswarm2/docs2) by extensions ['cmake', 'python']
[0.177s] Level 1:colcon.colcon_core.package_identification:_identify(src/crazyswarm2/docs2) by extension 'cmake'
[0.177s] Level 1:colcon.colcon_core.package_identification:_identify(src/crazyswarm2/docs2) by extension 'python'
[0.177s] Level 1:colcon.colcon_core.package_identification:_identify(src/crazyswarm2/docs2) by extensions ['python_setup_py']
[0.177s] Level 1:colcon.colcon_core.package_identification:_identify(src/crazyswarm2/docs2) by extension 'python_setup_py'
[0.177s] Level 1:colcon.colcon_core.package_identification:_identify(src/crazyswarm2/docs2/images) by extensions ['ignore', 'ignore_ament_install']
[0.177s] Level 1:colcon.colcon_core.package_identification:_identify(src/crazyswarm2/docs2/images) by extension 'ignore'
[0.177s] Level 1:colcon.colcon_core.package_identification:_identify(src/crazyswarm2/docs2/images) by extension 'ignore_ament_install'
[0.177s] Level 1:colcon.colcon_core.package_identification:_identify(src/crazyswarm2/docs2/images) by extensions ['colcon_pkg']
[0.177s] Level 1:colcon.colcon_core.package_identification:_identify(src/crazyswarm2/docs2/images) by extension 'colcon_pkg'
[0.177s] Level 1:colcon.colcon_core.package_identification:_identify(src/crazyswarm2/docs2/images) by extensions ['colcon_meta']
[0.177s] Level 1:colcon.colcon_core.package_identification:_identify(src/crazyswarm2/docs2/images) by extension 'colcon_meta'
[0.177s] Level 1:colcon.colcon_core.package_identification:_identify(src/crazyswarm2/docs2/images) by extensions ['ros']
[0.177s] Level 1:colcon.colcon_core.package_identification:_identify(src/crazyswarm2/docs2/images) by extension 'ros'
[0.177s] Level 1:colcon.colcon_core.package_identification:_identify(src/crazyswarm2/docs2/images) by extensions ['cmake', 'python']
[0.177s] Level 1:colcon.colcon_core.package_identification:_identify(src/crazyswarm2/docs2/images) by extension 'cmake'
[0.177s] Level 1:colcon.colcon_core.package_identification:_identify(src/crazyswarm2/docs2/images) by extension 'python'
[0.177s] Level 1:colcon.colcon_core.package_identification:_identify(src/crazyswarm2/docs2/images) by extensions ['python_setup_py']
[0.177s] Level 1:colcon.colcon_core.package_identification:_identify(src/crazyswarm2/docs2/images) by extension 'python_setup_py'
[0.177s] Level 1:colcon.colcon_core.package_identification:_identify(src/crazyswarm2/prebuilt) by extensions ['ignore', 'ignore_ament_install']
[0.177s] Level 1:colcon.colcon_core.package_identification:_identify(src/crazyswarm2/prebuilt) by extension 'ignore'
[0.177s] Level 1:colcon.colcon_core.package_identification:_identify(src/crazyswarm2/prebuilt) by extension 'ignore_ament_install'
[0.178s] Level 1:colcon.colcon_core.package_identification:_identify(src/crazyswarm2/prebuilt) by extensions ['colcon_pkg']
[0.178s] Level 1:colcon.colcon_core.package_identification:_identify(src/crazyswarm2/prebuilt) by extension 'colcon_pkg'
[0.178s] Level 1:colcon.colcon_core.package_identification:_identify(src/crazyswarm2/prebuilt) by extensions ['colcon_meta']
[0.178s] Level 1:colcon.colcon_core.package_identification:_identify(src/crazyswarm2/prebuilt) by extension 'colcon_meta'
[0.178s] Level 1:colcon.colcon_core.package_identification:_identify(src/crazyswarm2/prebuilt) by extensions ['ros']
[0.178s] Level 1:colcon.colcon_core.package_identification:_identify(src/crazyswarm2/prebuilt) by extension 'ros'
[0.178s] Level 1:colcon.colcon_core.package_identification:_identify(src/crazyswarm2/prebuilt) by extensions ['cmake', 'python']
[0.178s] Level 1:colcon.colcon_core.package_identification:_identify(src/crazyswarm2/prebuilt) by extension 'cmake'
[0.178s] Level 1:colcon.colcon_core.package_identification:_identify(src/crazyswarm2/prebuilt) by extension 'python'
[0.178s] Level 1:colcon.colcon_core.package_identification:_identify(src/crazyswarm2/prebuilt) by extensions ['python_setup_py']
[0.178s] Level 1:colcon.colcon_core.package_identification:_identify(src/crazyswarm2/prebuilt) by extension 'python_setup_py'
[0.178s] Level 1:colcon.colcon_core.package_identification:_identify(src/crazyswarm2/ros_ws) by extensions ['ignore', 'ignore_ament_install']
[0.178s] Level 1:colcon.colcon_core.package_identification:_identify(src/crazyswarm2/ros_ws) by extension 'ignore'
[0.178s] Level 1:colcon.colcon_core.package_identification:_identify(src/crazyswarm2/ros_ws) by extension 'ignore_ament_install'
[0.178s] Level 1:colcon.colcon_core.package_identification:_identify(src/crazyswarm2/ros_ws) by extensions ['colcon_pkg']
[0.178s] Level 1:colcon.colcon_core.package_identification:_identify(src/crazyswarm2/ros_ws) by extension 'colcon_pkg'
[0.178s] Level 1:colcon.colcon_core.package_identification:_identify(src/crazyswarm2/ros_ws) by extensions ['colcon_meta']
[0.178s] Level 1:colcon.colcon_core.package_identification:_identify(src/crazyswarm2/ros_ws) by extension 'colcon_meta'
[0.178s] Level 1:colcon.colcon_core.package_identification:_identify(src/crazyswarm2/ros_ws) by extensions ['ros']
[0.178s] Level 1:colcon.colcon_core.package_identification:_identify(src/crazyswarm2/ros_ws) by extension 'ros'
[0.178s] Level 1:colcon.colcon_core.package_identification:_identify(src/crazyswarm2/ros_ws) by extensions ['cmake', 'python']
[0.178s] Level 1:colcon.colcon_core.package_identification:_identify(src/crazyswarm2/ros_ws) by extension 'cmake'
[0.178s] Level 1:colcon.colcon_core.package_identification:_identify(src/crazyswarm2/ros_ws) by extension 'python'
[0.178s] Level 1:colcon.colcon_core.package_identification:_identify(src/crazyswarm2/ros_ws) by extensions ['python_setup_py']
[0.178s] Level 1:colcon.colcon_core.package_identification:_identify(src/crazyswarm2/ros_ws) by extension 'python_setup_py'
[0.178s] Level 1:colcon.colcon_core.package_identification:_identify(src/crazyswarm2/ros_ws/src) by extensions ['ignore', 'ignore_ament_install']
[0.178s] Level 1:colcon.colcon_core.package_identification:_identify(src/crazyswarm2/ros_ws/src) by extension 'ignore'
[0.178s] Level 1:colcon.colcon_core.package_identification:_identify(src/crazyswarm2/ros_ws/src) by extension 'ignore_ament_install'
[0.178s] Level 1:colcon.colcon_core.package_identification:_identify(src/crazyswarm2/ros_ws/src) by extensions ['colcon_pkg']
[0.178s] Level 1:colcon.colcon_core.package_identification:_identify(src/crazyswarm2/ros_ws/src) by extension 'colcon_pkg'
[0.178s] Level 1:colcon.colcon_core.package_identification:_identify(src/crazyswarm2/ros_ws/src) by extensions ['colcon_meta']
[0.178s] Level 1:colcon.colcon_core.package_identification:_identify(src/crazyswarm2/ros_ws/src) by extension 'colcon_meta'
[0.178s] Level 1:colcon.colcon_core.package_identification:_identify(src/crazyswarm2/ros_ws/src) by extensions ['ros']
[0.178s] Level 1:colcon.colcon_core.package_identification:_identify(src/crazyswarm2/ros_ws/src) by extension 'ros'
[0.178s] Level 1:colcon.colcon_core.package_identification:_identify(src/crazyswarm2/ros_ws/src) by extensions ['cmake', 'python']
[0.178s] Level 1:colcon.colcon_core.package_identification:_identify(src/crazyswarm2/ros_ws/src) by extension 'cmake'
[0.178s] Level 1:colcon.colcon_core.package_identification:_identify(src/crazyswarm2/ros_ws/src) by extension 'python'
[0.178s] Level 1:colcon.colcon_core.package_identification:_identify(src/crazyswarm2/ros_ws/src) by extensions ['python_setup_py']
[0.178s] Level 1:colcon.colcon_core.package_identification:_identify(src/crazyswarm2/ros_ws/src) by extension 'python_setup_py'
[0.178s] Level 1:colcon.colcon_core.package_identification:_identify(src/crazyswarm2/ros_ws/src/crazyswarm) by extensions ['ignore', 'ignore_ament_install']
[0.178s] Level 1:colcon.colcon_core.package_identification:_identify(src/crazyswarm2/ros_ws/src/crazyswarm) by extension 'ignore'
[0.179s] Level 1:colcon.colcon_core.package_identification:_identify(src/crazyswarm2/ros_ws/src/crazyswarm) by extension 'ignore_ament_install'
[0.179s] Level 1:colcon.colcon_core.package_identification:_identify(src/crazyswarm2/ros_ws/src/crazyswarm) by extensions ['colcon_pkg']
[0.179s] Level 1:colcon.colcon_core.package_identification:_identify(src/crazyswarm2/ros_ws/src/crazyswarm) by extension 'colcon_pkg'
[0.179s] Level 1:colcon.colcon_core.package_identification:_identify(src/crazyswarm2/ros_ws/src/crazyswarm) by extensions ['colcon_meta']
[0.179s] Level 1:colcon.colcon_core.package_identification:_identify(src/crazyswarm2/ros_ws/src/crazyswarm) by extension 'colcon_meta'
[0.179s] Level 1:colcon.colcon_core.package_identification:_identify(src/crazyswarm2/ros_ws/src/crazyswarm) by extensions ['ros']
[0.179s] Level 1:colcon.colcon_core.package_identification:_identify(src/crazyswarm2/ros_ws/src/crazyswarm) by extension 'ros'
[0.179s] Level 1:colcon.colcon_core.package_identification:_identify(src/crazyswarm2/ros_ws/src/crazyswarm) by extensions ['cmake', 'python']
[0.179s] Level 1:colcon.colcon_core.package_identification:_identify(src/crazyswarm2/ros_ws/src/crazyswarm) by extension 'cmake'
[0.179s] Level 1:colcon.colcon_core.package_identification:_identify(src/crazyswarm2/ros_ws/src/crazyswarm) by extension 'python'
[0.179s] Level 1:colcon.colcon_core.package_identification:_identify(src/crazyswarm2/ros_ws/src/crazyswarm) by extensions ['python_setup_py']
[0.179s] Level 1:colcon.colcon_core.package_identification:_identify(src/crazyswarm2/ros_ws/src/crazyswarm) by extension 'python_setup_py'
[0.179s] Level 1:colcon.colcon_core.package_identification:_identify(src/crazyswarm2/ros_ws/src/crazyswarm/launch) by extensions ['ignore', 'ignore_ament_install']
[0.179s] Level 1:colcon.colcon_core.package_identification:_identify(src/crazyswarm2/ros_ws/src/crazyswarm/launch) by extension 'ignore'
[0.179s] Level 1:colcon.colcon_core.package_identification:_identify(src/crazyswarm2/ros_ws/src/crazyswarm/launch) by extension 'ignore_ament_install'
[0.179s] Level 1:colcon.colcon_core.package_identification:_identify(src/crazyswarm2/ros_ws/src/crazyswarm/launch) by extensions ['colcon_pkg']
[0.179s] Level 1:colcon.colcon_core.package_identification:_identify(src/crazyswarm2/ros_ws/src/crazyswarm/launch) by extension 'colcon_pkg'
[0.179s] Level 1:colcon.colcon_core.package_identification:_identify(src/crazyswarm2/ros_ws/src/crazyswarm/launch) by extensions ['colcon_meta']
[0.179s] Level 1:colcon.colcon_core.package_identification:_identify(src/crazyswarm2/ros_ws/src/crazyswarm/launch) by extension 'colcon_meta'
[0.179s] Level 1:colcon.colcon_core.package_identification:_identify(src/crazyswarm2/ros_ws/src/crazyswarm/launch) by extensions ['ros']
[0.179s] Level 1:colcon.colcon_core.package_identification:_identify(src/crazyswarm2/ros_ws/src/crazyswarm/launch) by extension 'ros'
[0.179s] Level 1:colcon.colcon_core.package_identification:_identify(src/crazyswarm2/ros_ws/src/crazyswarm/launch) by extensions ['cmake', 'python']
[0.179s] Level 1:colcon.colcon_core.package_identification:_identify(src/crazyswarm2/ros_ws/src/crazyswarm/launch) by extension 'cmake'
[0.179s] Level 1:colcon.colcon_core.package_identification:_identify(src/crazyswarm2/ros_ws/src/crazyswarm/launch) by extension 'python'
[0.179s] Level 1:colcon.colcon_core.package_identification:_identify(src/crazyswarm2/ros_ws/src/crazyswarm/launch) by extensions ['python_setup_py']
[0.179s] Level 1:colcon.colcon_core.package_identification:_identify(src/crazyswarm2/ros_ws/src/crazyswarm/launch) by extension 'python_setup_py'
[0.179s] Level 1:colcon.colcon_core.package_identification:_identify(src/crazyswarm2/ros_ws/src/crazyswarm/scripts) by extensions ['ignore', 'ignore_ament_install']
[0.179s] Level 1:colcon.colcon_core.package_identification:_identify(src/crazyswarm2/ros_ws/src/crazyswarm/scripts) by extension 'ignore'
[0.179s] Level 1:colcon.colcon_core.package_identification:_identify(src/crazyswarm2/ros_ws/src/crazyswarm/scripts) by extension 'ignore_ament_install'
[0.179s] Level 1:colcon.colcon_core.package_identification:_identify(src/crazyswarm2/ros_ws/src/crazyswarm/scripts) by extensions ['colcon_pkg']
[0.179s] Level 1:colcon.colcon_core.package_identification:_identify(src/crazyswarm2/ros_ws/src/crazyswarm/scripts) by extension 'colcon_pkg'
[0.179s] Level 1:colcon.colcon_core.package_identification:_identify(src/crazyswarm2/ros_ws/src/crazyswarm/scripts) by extensions ['colcon_meta']
[0.179s] Level 1:colcon.colcon_core.package_identification:_identify(src/crazyswarm2/ros_ws/src/crazyswarm/scripts) by extension 'colcon_meta'
[0.179s] Level 1:colcon.colcon_core.package_identification:_identify(src/crazyswarm2/ros_ws/src/crazyswarm/scripts) by extensions ['ros']
[0.179s] Level 1:colcon.colcon_core.package_identification:_identify(src/crazyswarm2/ros_ws/src/crazyswarm/scripts) by extension 'ros'
[0.179s] Level 1:colcon.colcon_core.package_identification:_identify(src/crazyswarm2/ros_ws/src/crazyswarm/scripts) by extensions ['cmake', 'python']
[0.179s] Level 1:colcon.colcon_core.package_identification:_identify(src/crazyswarm2/ros_ws/src/crazyswarm/scripts) by extension 'cmake'
[0.179s] Level 1:colcon.colcon_core.package_identification:_identify(src/crazyswarm2/ros_ws/src/crazyswarm/scripts) by extension 'python'
[0.179s] Level 1:colcon.colcon_core.package_identification:_identify(src/crazyswarm2/ros_ws/src/crazyswarm/scripts) by extensions ['python_setup_py']
[0.179s] Level 1:colcon.colcon_core.package_identification:_identify(src/crazyswarm2/ros_ws/src/crazyswarm/scripts) by extension 'python_setup_py'
[0.180s] Level 1:colcon.colcon_core.package_identification:_identify(src/crazyswarm2/ros_ws/src/crazyswarm/scripts/crossing2_pps) by extensions ['ignore', 'ignore_ament_install']
[0.180s] Level 1:colcon.colcon_core.package_identification:_identify(src/crazyswarm2/ros_ws/src/crazyswarm/scripts/crossing2_pps) by extension 'ignore'
[0.180s] Level 1:colcon.colcon_core.package_identification:_identify(src/crazyswarm2/ros_ws/src/crazyswarm/scripts/crossing2_pps) by extension 'ignore_ament_install'
[0.180s] Level 1:colcon.colcon_core.package_identification:_identify(src/crazyswarm2/ros_ws/src/crazyswarm/scripts/crossing2_pps) by extensions ['colcon_pkg']
[0.180s] Level 1:colcon.colcon_core.package_identification:_identify(src/crazyswarm2/ros_ws/src/crazyswarm/scripts/crossing2_pps) by extension 'colcon_pkg'
[0.180s] Level 1:colcon.colcon_core.package_identification:_identify(src/crazyswarm2/ros_ws/src/crazyswarm/scripts/crossing2_pps) by extensions ['colcon_meta']
[0.180s] Level 1:colcon.colcon_core.package_identification:_identify(src/crazyswarm2/ros_ws/src/crazyswarm/scripts/crossing2_pps) by extension 'colcon_meta'
[0.180s] Level 1:colcon.colcon_core.package_identification:_identify(src/crazyswarm2/ros_ws/src/crazyswarm/scripts/crossing2_pps) by extensions ['ros']
[0.180s] Level 1:colcon.colcon_core.package_identification:_identify(src/crazyswarm2/ros_ws/src/crazyswarm/scripts/crossing2_pps) by extension 'ros'
[0.180s] Level 1:colcon.colcon_core.package_identification:_identify(src/crazyswarm2/ros_ws/src/crazyswarm/scripts/crossing2_pps) by extensions ['cmake', 'python']
[0.180s] Level 1:colcon.colcon_core.package_identification:_identify(src/crazyswarm2/ros_ws/src/crazyswarm/scripts/crossing2_pps) by extension 'cmake'
[0.180s] Level 1:colcon.colcon_core.package_identification:_identify(src/crazyswarm2/ros_ws/src/crazyswarm/scripts/crossing2_pps) by extension 'python'
[0.180s] Level 1:colcon.colcon_core.package_identification:_identify(src/crazyswarm2/ros_ws/src/crazyswarm/scripts/crossing2_pps) by extensions ['python_setup_py']
[0.180s] Level 1:colcon.colcon_core.package_identification:_identify(src/crazyswarm2/ros_ws/src/crazyswarm/scripts/crossing2_pps) by extension 'python_setup_py'
[0.180s] Level 1:colcon.colcon_core.package_identification:_identify(src/crazyswarm2/ros_ws/src/crazyswarm/scripts/crossing4_pps) by extensions ['ignore', 'ignore_ament_install']
[0.180s] Level 1:colcon.colcon_core.package_identification:_identify(src/crazyswarm2/ros_ws/src/crazyswarm/scripts/crossing4_pps) by extension 'ignore'
[0.180s] Level 1:colcon.colcon_core.package_identification:_identify(src/crazyswarm2/ros_ws/src/crazyswarm/scripts/crossing4_pps) by extension 'ignore_ament_install'
[0.180s] Level 1:colcon.colcon_core.package_identification:_identify(src/crazyswarm2/ros_ws/src/crazyswarm/scripts/crossing4_pps) by extensions ['colcon_pkg']
[0.180s] Level 1:colcon.colcon_core.package_identification:_identify(src/crazyswarm2/ros_ws/src/crazyswarm/scripts/crossing4_pps) by extension 'colcon_pkg'
[0.180s] Level 1:colcon.colcon_core.package_identification:_identify(src/crazyswarm2/ros_ws/src/crazyswarm/scripts/crossing4_pps) by extensions ['colcon_meta']
[0.180s] Level 1:colcon.colcon_core.package_identification:_identify(src/crazyswarm2/ros_ws/src/crazyswarm/scripts/crossing4_pps) by extension 'colcon_meta'
[0.180s] Level 1:colcon.colcon_core.package_identification:_identify(src/crazyswarm2/ros_ws/src/crazyswarm/scripts/crossing4_pps) by extensions ['ros']
[0.180s] Level 1:colcon.colcon_core.package_identification:_identify(src/crazyswarm2/ros_ws/src/crazyswarm/scripts/crossing4_pps) by extension 'ros'
[0.180s] Level 1:colcon.colcon_core.package_identification:_identify(src/crazyswarm2/ros_ws/src/crazyswarm/scripts/crossing4_pps) by extensions ['cmake', 'python']
[0.180s] Level 1:colcon.colcon_core.package_identification:_identify(src/crazyswarm2/ros_ws/src/crazyswarm/scripts/crossing4_pps) by extension 'cmake'
[0.180s] Level 1:colcon.colcon_core.package_identification:_identify(src/crazyswarm2/ros_ws/src/crazyswarm/scripts/crossing4_pps) by extension 'python'
[0.180s] Level 1:colcon.colcon_core.package_identification:_identify(src/crazyswarm2/ros_ws/src/crazyswarm/scripts/crossing4_pps) by extensions ['python_setup_py']
[0.180s] Level 1:colcon.colcon_core.package_identification:_identify(src/crazyswarm2/ros_ws/src/crazyswarm/scripts/crossing4_pps) by extension 'python_setup_py'
[0.180s] Level 1:colcon.colcon_core.package_identification:_identify(src/crazyswarm2/ros_ws/src/crazyswarm/scripts/sequence_trajectories) by extensions ['ignore', 'ignore_ament_install']
[0.180s] Level 1:colcon.colcon_core.package_identification:_identify(src/crazyswarm2/ros_ws/src/crazyswarm/scripts/sequence_trajectories) by extension 'ignore'
[0.180s] Level 1:colcon.colcon_core.package_identification:_identify(src/crazyswarm2/ros_ws/src/crazyswarm/scripts/sequence_trajectories) by extension 'ignore_ament_install'
[0.180s] Level 1:colcon.colcon_core.package_identification:_identify(src/crazyswarm2/ros_ws/src/crazyswarm/scripts/sequence_trajectories) by extensions ['colcon_pkg']
[0.180s] Level 1:colcon.colcon_core.package_identification:_identify(src/crazyswarm2/ros_ws/src/crazyswarm/scripts/sequence_trajectories) by extension 'colcon_pkg'
[0.180s] Level 1:colcon.colcon_core.package_identification:_identify(src/crazyswarm2/ros_ws/src/crazyswarm/scripts/sequence_trajectories) by extensions ['colcon_meta']
[0.180s] Level 1:colcon.colcon_core.package_identification:_identify(src/crazyswarm2/ros_ws/src/crazyswarm/scripts/sequence_trajectories) by extension 'colcon_meta'
[0.180s] Level 1:colcon.colcon_core.package_identification:_identify(src/crazyswarm2/ros_ws/src/crazyswarm/scripts/sequence_trajectories) by extensions ['ros']
[0.180s] Level 1:colcon.colcon_core.package_identification:_identify(src/crazyswarm2/ros_ws/src/crazyswarm/scripts/sequence_trajectories) by extension 'ros'
[0.181s] Level 1:colcon.colcon_core.package_identification:_identify(src/crazyswarm2/ros_ws/src/crazyswarm/scripts/sequence_trajectories) by extensions ['cmake', 'python']
[0.181s] Level 1:colcon.colcon_core.package_identification:_identify(src/crazyswarm2/ros_ws/src/crazyswarm/scripts/sequence_trajectories) by extension 'cmake'
[0.181s] Level 1:colcon.colcon_core.package_identification:_identify(src/crazyswarm2/ros_ws/src/crazyswarm/scripts/sequence_trajectories) by extension 'python'
[0.181s] Level 1:colcon.colcon_core.package_identification:_identify(src/crazyswarm2/ros_ws/src/crazyswarm/scripts/sequence_trajectories) by extensions ['python_setup_py']
[0.181s] Level 1:colcon.colcon_core.package_identification:_identify(src/crazyswarm2/ros_ws/src/crazyswarm/scripts/sequence_trajectories) by extension 'python_setup_py'
[0.181s] Level 1:colcon.colcon_core.package_identification:_identify(src/crazyswarm2/ros_ws/src/crazyswarm/scripts/sequence_trajectories/1) by extensions ['ignore', 'ignore_ament_install']
[0.181s] Level 1:colcon.colcon_core.package_identification:_identify(src/crazyswarm2/ros_ws/src/crazyswarm/scripts/sequence_trajectories/1) by extension 'ignore'
[0.181s] Level 1:colcon.colcon_core.package_identification:_identify(src/crazyswarm2/ros_ws/src/crazyswarm/scripts/sequence_trajectories/1) by extension 'ignore_ament_install'
[0.181s] Level 1:colcon.colcon_core.package_identification:_identify(src/crazyswarm2/ros_ws/src/crazyswarm/scripts/sequence_trajectories/1) by extensions ['colcon_pkg']
[0.181s] Level 1:colcon.colcon_core.package_identification:_identify(src/crazyswarm2/ros_ws/src/crazyswarm/scripts/sequence_trajectories/1) by extension 'colcon_pkg'
[0.181s] Level 1:colcon.colcon_core.package_identification:_identify(src/crazyswarm2/ros_ws/src/crazyswarm/scripts/sequence_trajectories/1) by extensions ['colcon_meta']
[0.181s] Level 1:colcon.colcon_core.package_identification:_identify(src/crazyswarm2/ros_ws/src/crazyswarm/scripts/sequence_trajectories/1) by extension 'colcon_meta'
[0.181s] Level 1:colcon.colcon_core.package_identification:_identify(src/crazyswarm2/ros_ws/src/crazyswarm/scripts/sequence_trajectories/1) by extensions ['ros']
[0.181s] Level 1:colcon.colcon_core.package_identification:_identify(src/crazyswarm2/ros_ws/src/crazyswarm/scripts/sequence_trajectories/1) by extension 'ros'
[0.181s] Level 1:colcon.colcon_core.package_identification:_identify(src/crazyswarm2/ros_ws/src/crazyswarm/scripts/sequence_trajectories/1) by extensions ['cmake', 'python']
[0.181s] Level 1:colcon.colcon_core.package_identification:_identify(src/crazyswarm2/ros_ws/src/crazyswarm/scripts/sequence_trajectories/1) by extension 'cmake'
[0.181s] Level 1:colcon.colcon_core.package_identification:_identify(src/crazyswarm2/ros_ws/src/crazyswarm/scripts/sequence_trajectories/1) by extension 'python'
[0.181s] Level 1:colcon.colcon_core.package_identification:_identify(src/crazyswarm2/ros_ws/src/crazyswarm/scripts/sequence_trajectories/1) by extensions ['python_setup_py']
[0.181s] Level 1:colcon.colcon_core.package_identification:_identify(src/crazyswarm2/ros_ws/src/crazyswarm/scripts/sequence_trajectories/1) by extension 'python_setup_py'
[0.181s] Level 1:colcon.colcon_core.package_identification:_identify(src/crazyswarm2/ros_ws/src/crazyswarm/scripts/sequence_trajectories/2) by extensions ['ignore', 'ignore_ament_install']
[0.181s] Level 1:colcon.colcon_core.package_identification:_identify(src/crazyswarm2/ros_ws/src/crazyswarm/scripts/sequence_trajectories/2) by extension 'ignore'
[0.181s] Level 1:colcon.colcon_core.package_identification:_identify(src/crazyswarm2/ros_ws/src/crazyswarm/scripts/sequence_trajectories/2) by extension 'ignore_ament_install'
[0.181s] Level 1:colcon.colcon_core.package_identification:_identify(src/crazyswarm2/ros_ws/src/crazyswarm/scripts/sequence_trajectories/2) by extensions ['colcon_pkg']
[0.181s] Level 1:colcon.colcon_core.package_identification:_identify(src/crazyswarm2/ros_ws/src/crazyswarm/scripts/sequence_trajectories/2) by extension 'colcon_pkg'
[0.181s] Level 1:colcon.colcon_core.package_identification:_identify(src/crazyswarm2/ros_ws/src/crazyswarm/scripts/sequence_trajectories/2) by extensions ['colcon_meta']
[0.181s] Level 1:colcon.colcon_core.package_identification:_identify(src/crazyswarm2/ros_ws/src/crazyswarm/scripts/sequence_trajectories/2) by extension 'colcon_meta'
[0.181s] Level 1:colcon.colcon_core.package_identification:_identify(src/crazyswarm2/ros_ws/src/crazyswarm/scripts/sequence_trajectories/2) by extensions ['ros']
[0.181s] Level 1:colcon.colcon_core.package_identification:_identify(src/crazyswarm2/ros_ws/src/crazyswarm/scripts/sequence_trajectories/2) by extension 'ros'
[0.181s] Level 1:colcon.colcon_core.package_identification:_identify(src/crazyswarm2/ros_ws/src/crazyswarm/scripts/sequence_trajectories/2) by extensions ['cmake', 'python']
[0.181s] Level 1:colcon.colcon_core.package_identification:_identify(src/crazyswarm2/ros_ws/src/crazyswarm/scripts/sequence_trajectories/2) by extension 'cmake'
[0.181s] Level 1:colcon.colcon_core.package_identification:_identify(src/crazyswarm2/ros_ws/src/crazyswarm/scripts/sequence_trajectories/2) by extension 'python'
[0.181s] Level 1:colcon.colcon_core.package_identification:_identify(src/crazyswarm2/ros_ws/src/crazyswarm/scripts/sequence_trajectories/2) by extensions ['python_setup_py']
[0.181s] Level 1:colcon.colcon_core.package_identification:_identify(src/crazyswarm2/ros_ws/src/crazyswarm/scripts/sequence_trajectories/2) by extension 'python_setup_py'
[0.181s] Level 1:colcon.colcon_core.package_identification:_identify(src/crazyswarm2/ros_ws/src/crazyswarm/scripts/sequence_trajectories/3) by extensions ['ignore', 'ignore_ament_install']
[0.181s] Level 1:colcon.colcon_core.package_identification:_identify(src/crazyswarm2/ros_ws/src/crazyswarm/scripts/sequence_trajectories/3) by extension 'ignore'
[0.181s] Level 1:colcon.colcon_core.package_identification:_identify(src/crazyswarm2/ros_ws/src/crazyswarm/scripts/sequence_trajectories/3) by extension 'ignore_ament_install'
[0.181s] Level 1:colcon.colcon_core.package_identification:_identify(src/crazyswarm2/ros_ws/src/crazyswarm/scripts/sequence_trajectories/3) by extensions ['colcon_pkg']
[0.182s] Level 1:colcon.colcon_core.package_identification:_identify(src/crazyswarm2/ros_ws/src/crazyswarm/scripts/sequence_trajectories/3) by extension 'colcon_pkg'
[0.182s] Level 1:colcon.colcon_core.package_identification:_identify(src/crazyswarm2/ros_ws/src/crazyswarm/scripts/sequence_trajectories/3) by extensions ['colcon_meta']
[0.182s] Level 1:colcon.colcon_core.package_identification:_identify(src/crazyswarm2/ros_ws/src/crazyswarm/scripts/sequence_trajectories/3) by extension 'colcon_meta'
[0.182s] Level 1:colcon.colcon_core.package_identification:_identify(src/crazyswarm2/ros_ws/src/crazyswarm/scripts/sequence_trajectories/3) by extensions ['ros']
[0.182s] Level 1:colcon.colcon_core.package_identification:_identify(src/crazyswarm2/ros_ws/src/crazyswarm/scripts/sequence_trajectories/3) by extension 'ros'
[0.182s] Level 1:colcon.colcon_core.package_identification:_identify(src/crazyswarm2/ros_ws/src/crazyswarm/scripts/sequence_trajectories/3) by extensions ['cmake', 'python']
[0.182s] Level 1:colcon.colcon_core.package_identification:_identify(src/crazyswarm2/ros_ws/src/crazyswarm/scripts/sequence_trajectories/3) by extension 'cmake'
[0.182s] Level 1:colcon.colcon_core.package_identification:_identify(src/crazyswarm2/ros_ws/src/crazyswarm/scripts/sequence_trajectories/3) by extension 'python'
[0.182s] Level 1:colcon.colcon_core.package_identification:_identify(src/crazyswarm2/ros_ws/src/crazyswarm/scripts/sequence_trajectories/3) by extensions ['python_setup_py']
[0.182s] Level 1:colcon.colcon_core.package_identification:_identify(src/crazyswarm2/ros_ws/src/crazyswarm/scripts/sequence_trajectories/3) by extension 'python_setup_py'
[0.182s] Level 1:colcon.colcon_core.package_identification:_identify(src/crazyswarm2/ros_ws/src/crazyswarm/scripts/sequence_trajectories/4) by extensions ['ignore', 'ignore_ament_install']
[0.182s] Level 1:colcon.colcon_core.package_identification:_identify(src/crazyswarm2/ros_ws/src/crazyswarm/scripts/sequence_trajectories/4) by extension 'ignore'
[0.182s] Level 1:colcon.colcon_core.package_identification:_identify(src/crazyswarm2/ros_ws/src/crazyswarm/scripts/sequence_trajectories/4) by extension 'ignore_ament_install'
[0.182s] Level 1:colcon.colcon_core.package_identification:_identify(src/crazyswarm2/ros_ws/src/crazyswarm/scripts/sequence_trajectories/4) by extensions ['colcon_pkg']
[0.182s] Level 1:colcon.colcon_core.package_identification:_identify(src/crazyswarm2/ros_ws/src/crazyswarm/scripts/sequence_trajectories/4) by extension 'colcon_pkg'
[0.182s] Level 1:colcon.colcon_core.package_identification:_identify(src/crazyswarm2/ros_ws/src/crazyswarm/scripts/sequence_trajectories/4) by extensions ['colcon_meta']
[0.182s] Level 1:colcon.colcon_core.package_identification:_identify(src/crazyswarm2/ros_ws/src/crazyswarm/scripts/sequence_trajectories/4) by extension 'colcon_meta'
[0.182s] Level 1:colcon.colcon_core.package_identification:_identify(src/crazyswarm2/ros_ws/src/crazyswarm/scripts/sequence_trajectories/4) by extensions ['ros']
[0.182s] Level 1:colcon.colcon_core.package_identification:_identify(src/crazyswarm2/ros_ws/src/crazyswarm/scripts/sequence_trajectories/4) by extension 'ros'
[0.182s] Level 1:colcon.colcon_core.package_identification:_identify(src/crazyswarm2/ros_ws/src/crazyswarm/scripts/sequence_trajectories/4) by extensions ['cmake', 'python']
[0.182s] Level 1:colcon.colcon_core.package_identification:_identify(src/crazyswarm2/ros_ws/src/crazyswarm/scripts/sequence_trajectories/4) by extension 'cmake'
[0.182s] Level 1:colcon.colcon_core.package_identification:_identify(src/crazyswarm2/ros_ws/src/crazyswarm/scripts/sequence_trajectories/4) by extension 'python'
[0.182s] Level 1:colcon.colcon_core.package_identification:_identify(src/crazyswarm2/ros_ws/src/crazyswarm/scripts/sequence_trajectories/4) by extensions ['python_setup_py']
[0.182s] Level 1:colcon.colcon_core.package_identification:_identify(src/crazyswarm2/ros_ws/src/crazyswarm/scripts/sequence_trajectories/4) by extension 'python_setup_py'
[0.182s] Level 1:colcon.colcon_core.package_identification:_identify(src/crazyswarm2/ros_ws/src/crazyswarm/scripts/sequence_trajectories/5) by extensions ['ignore', 'ignore_ament_install']
[0.182s] Level 1:colcon.colcon_core.package_identification:_identify(src/crazyswarm2/ros_ws/src/crazyswarm/scripts/sequence_trajectories/5) by extension 'ignore'
[0.182s] Level 1:colcon.colcon_core.package_identification:_identify(src/crazyswarm2/ros_ws/src/crazyswarm/scripts/sequence_trajectories/5) by extension 'ignore_ament_install'
[0.182s] Level 1:colcon.colcon_core.package_identification:_identify(src/crazyswarm2/ros_ws/src/crazyswarm/scripts/sequence_trajectories/5) by extensions ['colcon_pkg']
[0.182s] Level 1:colcon.colcon_core.package_identification:_identify(src/crazyswarm2/ros_ws/src/crazyswarm/scripts/sequence_trajectories/5) by extension 'colcon_pkg'
[0.182s] Level 1:colcon.colcon_core.package_identification:_identify(src/crazyswarm2/ros_ws/src/crazyswarm/scripts/sequence_trajectories/5) by extensions ['colcon_meta']
[0.182s] Level 1:colcon.colcon_core.package_identification:_identify(src/crazyswarm2/ros_ws/src/crazyswarm/scripts/sequence_trajectories/5) by extension 'colcon_meta'
[0.182s] Level 1:colcon.colcon_core.package_identification:_identify(src/crazyswarm2/ros_ws/src/crazyswarm/scripts/sequence_trajectories/5) by extensions ['ros']
[0.182s] Level 1:colcon.colcon_core.package_identification:_identify(src/crazyswarm2/ros_ws/src/crazyswarm/scripts/sequence_trajectories/5) by extension 'ros'
[0.182s] Level 1:colcon.colcon_core.package_identification:_identify(src/crazyswarm2/ros_ws/src/crazyswarm/scripts/sequence_trajectories/5) by extensions ['cmake', 'python']
[0.182s] Level 1:colcon.colcon_core.package_identification:_identify(src/crazyswarm2/ros_ws/src/crazyswarm/scripts/sequence_trajectories/5) by extension 'cmake'
[0.182s] Level 1:colcon.colcon_core.package_identification:_identify(src/crazyswarm2/ros_ws/src/crazyswarm/scripts/sequence_trajectories/5) by extension 'python'
[0.183s] Level 1:colcon.colcon_core.package_identification:_identify(src/crazyswarm2/ros_ws/src/crazyswarm/scripts/sequence_trajectories/5) by extensions ['python_setup_py']
[0.183s] Level 1:colcon.colcon_core.package_identification:_identify(src/crazyswarm2/ros_ws/src/crazyswarm/scripts/sequence_trajectories/5) by extension 'python_setup_py'
[0.183s] Level 1:colcon.colcon_core.package_identification:_identify(src/crazyswarm2/ros_ws/src/crazyswarm/scripts/sequence_trajectories/6) by extensions ['ignore', 'ignore_ament_install']
[0.183s] Level 1:colcon.colcon_core.package_identification:_identify(src/crazyswarm2/ros_ws/src/crazyswarm/scripts/sequence_trajectories/6) by extension 'ignore'
[0.183s] Level 1:colcon.colcon_core.package_identification:_identify(src/crazyswarm2/ros_ws/src/crazyswarm/scripts/sequence_trajectories/6) by extension 'ignore_ament_install'
[0.183s] Level 1:colcon.colcon_core.package_identification:_identify(src/crazyswarm2/ros_ws/src/crazyswarm/scripts/sequence_trajectories/6) by extensions ['colcon_pkg']
[0.183s] Level 1:colcon.colcon_core.package_identification:_identify(src/crazyswarm2/ros_ws/src/crazyswarm/scripts/sequence_trajectories/6) by extension 'colcon_pkg'
[0.183s] Level 1:colcon.colcon_core.package_identification:_identify(src/crazyswarm2/ros_ws/src/crazyswarm/scripts/sequence_trajectories/6) by extensions ['colcon_meta']
[0.183s] Level 1:colcon.colcon_core.package_identification:_identify(src/crazyswarm2/ros_ws/src/crazyswarm/scripts/sequence_trajectories/6) by extension 'colcon_meta'
[0.183s] Level 1:colcon.colcon_core.package_identification:_identify(src/crazyswarm2/ros_ws/src/crazyswarm/scripts/sequence_trajectories/6) by extensions ['ros']
[0.183s] Level 1:colcon.colcon_core.package_identification:_identify(src/crazyswarm2/ros_ws/src/crazyswarm/scripts/sequence_trajectories/6) by extension 'ros'
[0.183s] Level 1:colcon.colcon_core.package_identification:_identify(src/crazyswarm2/ros_ws/src/crazyswarm/scripts/sequence_trajectories/6) by extensions ['cmake', 'python']
[0.183s] Level 1:colcon.colcon_core.package_identification:_identify(src/crazyswarm2/ros_ws/src/crazyswarm/scripts/sequence_trajectories/6) by extension 'cmake'
[0.183s] Level 1:colcon.colcon_core.package_identification:_identify(src/crazyswarm2/ros_ws/src/crazyswarm/scripts/sequence_trajectories/6) by extension 'python'
[0.183s] Level 1:colcon.colcon_core.package_identification:_identify(src/crazyswarm2/ros_ws/src/crazyswarm/scripts/sequence_trajectories/6) by extensions ['python_setup_py']
[0.183s] Level 1:colcon.colcon_core.package_identification:_identify(src/crazyswarm2/ros_ws/src/crazyswarm/scripts/sequence_trajectories/6) by extension 'python_setup_py'
[0.183s] Level 1:colcon.colcon_core.package_identification:_identify(src/crazyswarm2/ros_ws/src/crazyswarm/scripts/sequence_trajectories/7) by extensions ['ignore', 'ignore_ament_install']
[0.183s] Level 1:colcon.colcon_core.package_identification:_identify(src/crazyswarm2/ros_ws/src/crazyswarm/scripts/sequence_trajectories/7) by extension 'ignore'
[0.183s] Level 1:colcon.colcon_core.package_identification:_identify(src/crazyswarm2/ros_ws/src/crazyswarm/scripts/sequence_trajectories/7) by extension 'ignore_ament_install'
[0.183s] Level 1:colcon.colcon_core.package_identification:_identify(src/crazyswarm2/ros_ws/src/crazyswarm/scripts/sequence_trajectories/7) by extensions ['colcon_pkg']
[0.183s] Level 1:colcon.colcon_core.package_identification:_identify(src/crazyswarm2/ros_ws/src/crazyswarm/scripts/sequence_trajectories/7) by extension 'colcon_pkg'
[0.183s] Level 1:colcon.colcon_core.package_identification:_identify(src/crazyswarm2/ros_ws/src/crazyswarm/scripts/sequence_trajectories/7) by extensions ['colcon_meta']
[0.183s] Level 1:colcon.colcon_core.package_identification:_identify(src/crazyswarm2/ros_ws/src/crazyswarm/scripts/sequence_trajectories/7) by extension 'colcon_meta'
[0.183s] Level 1:colcon.colcon_core.package_identification:_identify(src/crazyswarm2/ros_ws/src/crazyswarm/scripts/sequence_trajectories/7) by extensions ['ros']
[0.183s] Level 1:colcon.colcon_core.package_identification:_identify(src/crazyswarm2/ros_ws/src/crazyswarm/scripts/sequence_trajectories/7) by extension 'ros'
[0.183s] Level 1:colcon.colcon_core.package_identification:_identify(src/crazyswarm2/ros_ws/src/crazyswarm/scripts/sequence_trajectories/7) by extensions ['cmake', 'python']
[0.183s] Level 1:colcon.colcon_core.package_identification:_identify(src/crazyswarm2/ros_ws/src/crazyswarm/scripts/sequence_trajectories/7) by extension 'cmake'
[0.183s] Level 1:colcon.colcon_core.package_identification:_identify(src/crazyswarm2/ros_ws/src/crazyswarm/scripts/sequence_trajectories/7) by extension 'python'
[0.183s] Level 1:colcon.colcon_core.package_identification:_identify(src/crazyswarm2/ros_ws/src/crazyswarm/scripts/sequence_trajectories/7) by extensions ['python_setup_py']
[0.183s] Level 1:colcon.colcon_core.package_identification:_identify(src/crazyswarm2/ros_ws/src/crazyswarm/scripts/sequence_trajectories/7) by extension 'python_setup_py'
[0.183s] Level 1:colcon.colcon_core.package_identification:_identify(src/crazyswarm2/ros_ws/src/crazyswarm/scripts/swap6v_pps) by extensions ['ignore', 'ignore_ament_install']
[0.183s] Level 1:colcon.colcon_core.package_identification:_identify(src/crazyswarm2/ros_ws/src/crazyswarm/scripts/swap6v_pps) by extension 'ignore'
[0.183s] Level 1:colcon.colcon_core.package_identification:_identify(src/crazyswarm2/ros_ws/src/crazyswarm/scripts/swap6v_pps) by extension 'ignore_ament_install'
[0.183s] Level 1:colcon.colcon_core.package_identification:_identify(src/crazyswarm2/ros_ws/src/crazyswarm/scripts/swap6v_pps) by extensions ['colcon_pkg']
[0.183s] Level 1:colcon.colcon_core.package_identification:_identify(src/crazyswarm2/ros_ws/src/crazyswarm/scripts/swap6v_pps) by extension 'colcon_pkg'
[0.183s] Level 1:colcon.colcon_core.package_identification:_identify(src/crazyswarm2/ros_ws/src/crazyswarm/scripts/swap6v_pps) by extensions ['colcon_meta']
[0.183s] Level 1:colcon.colcon_core.package_identification:_identify(src/crazyswarm2/ros_ws/src/crazyswarm/scripts/swap6v_pps) by extension 'colcon_meta'
[0.184s] Level 1:colcon.colcon_core.package_identification:_identify(src/crazyswarm2/ros_ws/src/crazyswarm/scripts/swap6v_pps) by extensions ['ros']
[0.184s] Level 1:colcon.colcon_core.package_identification:_identify(src/crazyswarm2/ros_ws/src/crazyswarm/scripts/swap6v_pps) by extension 'ros'
[0.184s] Level 1:colcon.colcon_core.package_identification:_identify(src/crazyswarm2/ros_ws/src/crazyswarm/scripts/swap6v_pps) by extensions ['cmake', 'python']
[0.184s] Level 1:colcon.colcon_core.package_identification:_identify(src/crazyswarm2/ros_ws/src/crazyswarm/scripts/swap6v_pps) by extension 'cmake'
[0.184s] Level 1:colcon.colcon_core.package_identification:_identify(src/crazyswarm2/ros_ws/src/crazyswarm/scripts/swap6v_pps) by extension 'python'
[0.184s] Level 1:colcon.colcon_core.package_identification:_identify(src/crazyswarm2/ros_ws/src/crazyswarm/scripts/swap6v_pps) by extensions ['python_setup_py']
[0.184s] Level 1:colcon.colcon_core.package_identification:_identify(src/crazyswarm2/ros_ws/src/crazyswarm/scripts/swap6v_pps) by extension 'python_setup_py'
[0.184s] Level 1:colcon.colcon_core.package_identification:_identify(src/crazyswarm2/systemtests) by extensions ['ignore', 'ignore_ament_install']
[0.184s] Level 1:colcon.colcon_core.package_identification:_identify(src/crazyswarm2/systemtests) by extension 'ignore'
[0.184s] Level 1:colcon.colcon_core.package_identification:_identify(src/crazyswarm2/systemtests) by extension 'ignore_ament_install'
[0.184s] Level 1:colcon.colcon_core.package_identification:_identify(src/crazyswarm2/systemtests) by extensions ['colcon_pkg']
[0.184s] Level 1:colcon.colcon_core.package_identification:_identify(src/crazyswarm2/systemtests) by extension 'colcon_pkg'
[0.184s] Level 1:colcon.colcon_core.package_identification:_identify(src/crazyswarm2/systemtests) by extensions ['colcon_meta']
[0.184s] Level 1:colcon.colcon_core.package_identification:_identify(src/crazyswarm2/systemtests) by extension 'colcon_meta'
[0.184s] Level 1:colcon.colcon_core.package_identification:_identify(src/crazyswarm2/systemtests) by extensions ['ros']
[0.184s] Level 1:colcon.colcon_core.package_identification:_identify(src/crazyswarm2/systemtests) by extension 'ros'
[0.184s] Level 1:colcon.colcon_core.package_identification:_identify(src/crazyswarm2/systemtests) by extensions ['cmake', 'python']
[0.184s] Level 1:colcon.colcon_core.package_identification:_identify(src/crazyswarm2/systemtests) by extension 'cmake'
[0.184s] Level 1:colcon.colcon_core.package_identification:_identify(src/crazyswarm2/systemtests) by extension 'python'
[0.184s] Level 1:colcon.colcon_core.package_identification:_identify(src/crazyswarm2/systemtests) by extensions ['python_setup_py']
[0.184s] Level 1:colcon.colcon_core.package_identification:_identify(src/crazyswarm2/systemtests) by extension 'python_setup_py'
[0.184s] Level 1:colcon.colcon_core.package_identification:_identify(src/crazyswarm2/systemtests/SDplotting) by extensions ['ignore', 'ignore_ament_install']
[0.184s] Level 1:colcon.colcon_core.package_identification:_identify(src/crazyswarm2/systemtests/SDplotting) by extension 'ignore'
[0.184s] Level 1:colcon.colcon_core.package_identification:_identify(src/crazyswarm2/systemtests/SDplotting) by extension 'ignore_ament_install'
[0.184s] Level 1:colcon.colcon_core.package_identification:_identify(src/crazyswarm2/systemtests/SDplotting) by extensions ['colcon_pkg']
[0.184s] Level 1:colcon.colcon_core.package_identification:_identify(src/crazyswarm2/systemtests/SDplotting) by extension 'colcon_pkg'
[0.184s] Level 1:colcon.colcon_core.package_identification:_identify(src/crazyswarm2/systemtests/SDplotting) by extensions ['colcon_meta']
[0.184s] Level 1:colcon.colcon_core.package_identification:_identify(src/crazyswarm2/systemtests/SDplotting) by extension 'colcon_meta'
[0.184s] Level 1:colcon.colcon_core.package_identification:_identify(src/crazyswarm2/systemtests/SDplotting) by extensions ['ros']
[0.184s] Level 1:colcon.colcon_core.package_identification:_identify(src/crazyswarm2/systemtests/SDplotting) by extension 'ros'
[0.184s] Level 1:colcon.colcon_core.package_identification:_identify(src/crazyswarm2/systemtests/SDplotting) by extensions ['cmake', 'python']
[0.184s] Level 1:colcon.colcon_core.package_identification:_identify(src/crazyswarm2/systemtests/SDplotting) by extension 'cmake'
[0.184s] Level 1:colcon.colcon_core.package_identification:_identify(src/crazyswarm2/systemtests/SDplotting) by extension 'python'
[0.184s] Level 1:colcon.colcon_core.package_identification:_identify(src/crazyswarm2/systemtests/SDplotting) by extensions ['python_setup_py']
[0.184s] Level 1:colcon.colcon_core.package_identification:_identify(src/crazyswarm2/systemtests/SDplotting) by extension 'python_setup_py'
[0.184s] Level 1:colcon.colcon_core.package_identification:_identify(src/ros_gz_crazyflie) by extensions ['ignore', 'ignore_ament_install']
[0.184s] Level 1:colcon.colcon_core.package_identification:_identify(src/ros_gz_crazyflie) by extension 'ignore'
[0.184s] Level 1:colcon.colcon_core.package_identification:_identify(src/ros_gz_crazyflie) by extension 'ignore_ament_install'
[0.185s] Level 1:colcon.colcon_core.package_identification:_identify(src/ros_gz_crazyflie) by extensions ['colcon_pkg']
[0.185s] Level 1:colcon.colcon_core.package_identification:_identify(src/ros_gz_crazyflie) by extension 'colcon_pkg'
[0.185s] Level 1:colcon.colcon_core.package_identification:_identify(src/ros_gz_crazyflie) by extensions ['colcon_meta']
[0.185s] Level 1:colcon.colcon_core.package_identification:_identify(src/ros_gz_crazyflie) by extension 'colcon_meta'
[0.185s] Level 1:colcon.colcon_core.package_identification:_identify(src/ros_gz_crazyflie) by extensions ['ros']
[0.185s] Level 1:colcon.colcon_core.package_identification:_identify(src/ros_gz_crazyflie) by extension 'ros'
[0.185s] Level 1:colcon.colcon_core.package_identification:_identify(src/ros_gz_crazyflie) by extensions ['cmake', 'python']
[0.185s] Level 1:colcon.colcon_core.package_identification:_identify(src/ros_gz_crazyflie) by extension 'cmake'
[0.185s] Level 1:colcon.colcon_core.package_identification:_identify(src/ros_gz_crazyflie) by extension 'python'
[0.185s] Level 1:colcon.colcon_core.package_identification:_identify(src/ros_gz_crazyflie) by extensions ['python_setup_py']
[0.185s] Level 1:colcon.colcon_core.package_identification:_identify(src/ros_gz_crazyflie) by extension 'python_setup_py'
[0.185s] Level 1:colcon.colcon_core.package_identification:_identify(src/ros_gz_crazyflie/ros_gz_crazyflie_bringup) by extensions ['ignore', 'ignore_ament_install']
[0.185s] Level 1:colcon.colcon_core.package_identification:_identify(src/ros_gz_crazyflie/ros_gz_crazyflie_bringup) by extension 'ignore'
[0.185s] Level 1:colcon.colcon_core.package_identification:_identify(src/ros_gz_crazyflie/ros_gz_crazyflie_bringup) by extension 'ignore_ament_install'
[0.185s] Level 1:colcon.colcon_core.package_identification:_identify(src/ros_gz_crazyflie/ros_gz_crazyflie_bringup) by extensions ['colcon_pkg']
[0.185s] Level 1:colcon.colcon_core.package_identification:_identify(src/ros_gz_crazyflie/ros_gz_crazyflie_bringup) by extension 'colcon_pkg'
[0.185s] Level 1:colcon.colcon_core.package_identification:_identify(src/ros_gz_crazyflie/ros_gz_crazyflie_bringup) by extensions ['colcon_meta']
[0.185s] Level 1:colcon.colcon_core.package_identification:_identify(src/ros_gz_crazyflie/ros_gz_crazyflie_bringup) by extension 'colcon_meta'
[0.185s] Level 1:colcon.colcon_core.package_identification:_identify(src/ros_gz_crazyflie/ros_gz_crazyflie_bringup) by extensions ['ros']
[0.185s] Level 1:colcon.colcon_core.package_identification:_identify(src/ros_gz_crazyflie/ros_gz_crazyflie_bringup) by extension 'ros'
[0.185s] DEBUG:colcon.colcon_core.package_identification:Package 'src/ros_gz_crazyflie/ros_gz_crazyflie_bringup' with type 'ros.ament_cmake' and name 'ros_gz_crazyflie_bringup'
[0.185s] Level 1:colcon.colcon_core.package_identification:_identify(src/ros_gz_crazyflie/ros_gz_crazyflie_control) by extensions ['ignore', 'ignore_ament_install']
[0.186s] Level 1:colcon.colcon_core.package_identification:_identify(src/ros_gz_crazyflie/ros_gz_crazyflie_control) by extension 'ignore'
[0.186s] Level 1:colcon.colcon_core.package_identification:_identify(src/ros_gz_crazyflie/ros_gz_crazyflie_control) by extension 'ignore_ament_install'
[0.186s] Level 1:colcon.colcon_core.package_identification:_identify(src/ros_gz_crazyflie/ros_gz_crazyflie_control) by extensions ['colcon_pkg']
[0.186s] Level 1:colcon.colcon_core.package_identification:_identify(src/ros_gz_crazyflie/ros_gz_crazyflie_control) by extension 'colcon_pkg'
[0.186s] Level 1:colcon.colcon_core.package_identification:_identify(src/ros_gz_crazyflie/ros_gz_crazyflie_control) by extensions ['colcon_meta']
[0.186s] Level 1:colcon.colcon_core.package_identification:_identify(src/ros_gz_crazyflie/ros_gz_crazyflie_control) by extension 'colcon_meta'
[0.186s] Level 1:colcon.colcon_core.package_identification:_identify(src/ros_gz_crazyflie/ros_gz_crazyflie_control) by extensions ['ros']
[0.186s] Level 1:colcon.colcon_core.package_identification:_identify(src/ros_gz_crazyflie/ros_gz_crazyflie_control) by extension 'ros'
[0.186s] DEBUG:colcon.colcon_core.package_identification:Package 'src/ros_gz_crazyflie/ros_gz_crazyflie_control' with type 'ros.ament_python' and name 'ros_gz_crazyflie_control'
[0.186s] Level 1:colcon.colcon_core.package_identification:_identify(src/ros_gz_crazyflie/ros_gz_crazyflie_gazebo) by extensions ['ignore', 'ignore_ament_install']
[0.186s] Level 1:colcon.colcon_core.package_identification:_identify(src/ros_gz_crazyflie/ros_gz_crazyflie_gazebo) by extension 'ignore'
[0.186s] Level 1:colcon.colcon_core.package_identification:_identify(src/ros_gz_crazyflie/ros_gz_crazyflie_gazebo) by extension 'ignore_ament_install'
[0.186s] Level 1:colcon.colcon_core.package_identification:_identify(src/ros_gz_crazyflie/ros_gz_crazyflie_gazebo) by extensions ['colcon_pkg']
[0.186s] Level 1:colcon.colcon_core.package_identification:_identify(src/ros_gz_crazyflie/ros_gz_crazyflie_gazebo) by extension 'colcon_pkg'
[0.186s] Level 1:colcon.colcon_core.package_identification:_identify(src/ros_gz_crazyflie/ros_gz_crazyflie_gazebo) by extensions ['colcon_meta']
[0.186s] Level 1:colcon.colcon_core.package_identification:_identify(src/ros_gz_crazyflie/ros_gz_crazyflie_gazebo) by extension 'colcon_meta'
[0.186s] Level 1:colcon.colcon_core.package_identification:_identify(src/ros_gz_crazyflie/ros_gz_crazyflie_gazebo) by extensions ['ros']
[0.186s] Level 1:colcon.colcon_core.package_identification:_identify(src/ros_gz_crazyflie/ros_gz_crazyflie_gazebo) by extension 'ros'
[0.186s] DEBUG:colcon.colcon_core.package_identification:Package 'src/ros_gz_crazyflie/ros_gz_crazyflie_gazebo' with type 'ros.ament_cmake' and name 'ros_gz_crazyflie_gazebo'
[0.187s] Level 1:colcon.colcon_core.package_discovery:discover_packages(recursive) using defaults
[0.187s] Level 1:colcon.colcon_core.package_discovery:discover_packages(ignore) discover
[0.187s] Level 1:colcon.colcon_core.package_discovery:discover_packages(ignore) using defaults
[0.187s] Level 1:colcon.colcon_core.package_discovery:discover_packages(path) discover
[0.187s] Level 1:colcon.colcon_core.package_discovery:discover_packages(path) using defaults
[0.205s] Level 1:colcon.colcon_core.package_discovery:discover_packages(prefix_path) check parameters
[0.206s] Level 1:colcon.colcon_core.package_discovery:discover_packages(prefix_path) discover
[0.207s] DEBUG:colcon.colcon_installed_package_information.package_discovery:Found 11 installed packages in /home/raghav/crazyflie_mapping_demo/ros2_ws/install
[0.207s] DEBUG:colcon.colcon_installed_package_information.package_discovery:Found 290 installed packages in /opt/ros/humble
[0.208s] Level 1:colcon.colcon_core.package_discovery:discover_packages(prefix_path) using defaults
[0.230s] Level 5:colcon.colcon_core.verb:set package 'crazyflie_interfaces' build argument 'cmake_args' from command line to '['-DBUILD_TESTING=ON']'
[0.230s] Level 5:colcon.colcon_core.verb:set package 'crazyflie_interfaces' build argument 'cmake_target' from command line to 'None'
[0.230s] Level 5:colcon.colcon_core.verb:set package 'crazyflie_interfaces' build argument 'cmake_target_skip_unavailable' from command line to 'False'
[0.230s] Level 5:colcon.colcon_core.verb:set package 'crazyflie_interfaces' build argument 'cmake_clean_cache' from command line to 'False'
[0.230s] Level 5:colcon.colcon_core.verb:set package 'crazyflie_interfaces' build argument 'cmake_clean_first' from command line to 'False'
[0.230s] Level 5:colcon.colcon_core.verb:set package 'crazyflie_interfaces' build argument 'cmake_force_configure' from command line to 'False'
[0.230s] Level 5:colcon.colcon_core.verb:set package 'crazyflie_interfaces' build argument 'ament_cmake_args' from command line to 'None'
[0.230s] Level 5:colcon.colcon_core.verb:set package 'crazyflie_interfaces' build argument 'catkin_cmake_args' from command line to 'None'
[0.230s] Level 5:colcon.colcon_core.verb:set package 'crazyflie_interfaces' build argument 'catkin_skip_building_tests' from command line to 'False'
[0.230s] DEBUG:colcon.colcon_core.verb:Building package 'crazyflie_interfaces' with the following arguments: {'ament_cmake_args': None, 'build_base': '/home/raghav/crazyflie_mapping_demo/ros2_ws/build/crazyflie_interfaces', 'catkin_cmake_args': None, 'catkin_skip_building_tests': False, 'cmake_args': ['-DBUILD_TESTING=ON'], 'cmake_clean_cache': False, 'cmake_clean_first': False, 'cmake_force_configure': False, 'cmake_target': None, 'cmake_target_skip_unavailable': False, 'install_base': '/home/raghav/crazyflie_mapping_demo/ros2_ws/install/crazyflie_interfaces', 'merge_install': False, 'path': '/home/raghav/crazyflie_mapping_demo/ros2_ws/src/crazyswarm2/crazyflie_interfaces', 'symlink_install': False, 'test_result_base': None}
[0.230s] Level 5:colcon.colcon_core.verb:set package 'crazyflie_ros2_multiranger_simple_mapper' build argument 'cmake_args' from command line to '['-DBUILD_TESTING=ON']'
[0.230s] Level 5:colcon.colcon_core.verb:set package 'crazyflie_ros2_multiranger_simple_mapper' build argument 'cmake_target' from command line to 'None'
[0.230s] Level 5:colcon.colcon_core.verb:set package 'crazyflie_ros2_multiranger_simple_mapper' build argument 'cmake_target_skip_unavailable' from command line to 'False'
[0.230s] Level 5:colcon.colcon_core.verb:set package 'crazyflie_ros2_multiranger_simple_mapper' build argument 'cmake_clean_cache' from command line to 'False'
[0.230s] Level 5:colcon.colcon_core.verb:set package 'crazyflie_ros2_multiranger_simple_mapper' build argument 'cmake_clean_first' from command line to 'False'
[0.230s] Level 5:colcon.colcon_core.verb:set package 'crazyflie_ros2_multiranger_simple_mapper' build argument 'cmake_force_configure' from command line to 'False'
[0.230s] Level 5:colcon.colcon_core.verb:set package 'crazyflie_ros2_multiranger_simple_mapper' build argument 'ament_cmake_args' from command line to 'None'
[0.230s] Level 5:colcon.colcon_core.verb:set package 'crazyflie_ros2_multiranger_simple_mapper' build argument 'catkin_cmake_args' from command line to 'None'
[0.230s] Level 5:colcon.colcon_core.verb:set package 'crazyflie_ros2_multiranger_simple_mapper' build argument 'catkin_skip_building_tests' from command line to 'False'
[0.230s] DEBUG:colcon.colcon_core.verb:Building package 'crazyflie_ros2_multiranger_simple_mapper' with the following arguments: {'ament_cmake_args': None, 'build_base': '/home/raghav/crazyflie_mapping_demo/ros2_ws/build/crazyflie_ros2_multiranger_simple_mapper', 'catkin_cmake_args': None, 'catkin_skip_building_tests': False, 'cmake_args': ['-DBUILD_TESTING=ON'], 'cmake_clean_cache': False, 'cmake_clean_first': False, 'cmake_force_configure': False, 'cmake_target': None, 'cmake_target_skip_unavailable': False, 'install_base': '/home/raghav/crazyflie_mapping_demo/ros2_ws/install/crazyflie_ros2_multiranger_simple_mapper', 'merge_install': False, 'path': '/home/raghav/crazyflie_mapping_demo/ros2_ws/src/crazyflie_ros2_multiranger/crazyflie_ros2_multiranger_simple_mapper', 'symlink_install': False, 'test_result_base': None}
[0.231s] Level 5:colcon.colcon_core.verb:set package 'crazyflie_ros2_multiranger_wall_following' build argument 'cmake_args' from command line to '['-DBUILD_TESTING=ON']'
[0.231s] Level 5:colcon.colcon_core.verb:set package 'crazyflie_ros2_multiranger_wall_following' build argument 'cmake_target' from command line to 'None'
[0.231s] Level 5:colcon.colcon_core.verb:set package 'crazyflie_ros2_multiranger_wall_following' build argument 'cmake_target_skip_unavailable' from command line to 'False'
[0.231s] Level 5:colcon.colcon_core.verb:set package 'crazyflie_ros2_multiranger_wall_following' build argument 'cmake_clean_cache' from command line to 'False'
[0.231s] Level 5:colcon.colcon_core.verb:set package 'crazyflie_ros2_multiranger_wall_following' build argument 'cmake_clean_first' from command line to 'False'
[0.231s] Level 5:colcon.colcon_core.verb:set package 'crazyflie_ros2_multiranger_wall_following' build argument 'cmake_force_configure' from command line to 'False'
[0.231s] Level 5:colcon.colcon_core.verb:set package 'crazyflie_ros2_multiranger_wall_following' build argument 'ament_cmake_args' from command line to 'None'
[0.231s] Level 5:colcon.colcon_core.verb:set package 'crazyflie_ros2_multiranger_wall_following' build argument 'catkin_cmake_args' from command line to 'None'
[0.231s] Level 5:colcon.colcon_core.verb:set package 'crazyflie_ros2_multiranger_wall_following' build argument 'catkin_skip_building_tests' from command line to 'False'
[0.231s] DEBUG:colcon.colcon_core.verb:Building package 'crazyflie_ros2_multiranger_wall_following' with the following arguments: {'ament_cmake_args': None, 'build_base': '/home/raghav/crazyflie_mapping_demo/ros2_ws/build/crazyflie_ros2_multiranger_wall_following', 'catkin_cmake_args': None, 'catkin_skip_building_tests': False, 'cmake_args': ['-DBUILD_TESTING=ON'], 'cmake_clean_cache': False, 'cmake_clean_first': False, 'cmake_force_configure': False, 'cmake_target': None, 'cmake_target_skip_unavailable': False, 'install_base': '/home/raghav/crazyflie_mapping_demo/ros2_ws/install/crazyflie_ros2_multiranger_wall_following', 'merge_install': False, 'path': '/home/raghav/crazyflie_mapping_demo/ros2_ws/src/crazyflie_ros2_multiranger/crazyflie_ros2_multiranger_wall_following', 'symlink_install': False, 'test_result_base': None}
[0.231s] Level 5:colcon.colcon_core.verb:set package 'ros_gz_crazyflie_control' build argument 'cmake_args' from command line to '['-DBUILD_TESTING=ON']'
[0.231s] Level 5:colcon.colcon_core.verb:set package 'ros_gz_crazyflie_control' build argument 'cmake_target' from command line to 'None'
[0.231s] Level 5:colcon.colcon_core.verb:set package 'ros_gz_crazyflie_control' build argument 'cmake_target_skip_unavailable' from command line to 'False'
[0.231s] Level 5:colcon.colcon_core.verb:set package 'ros_gz_crazyflie_control' build argument 'cmake_clean_cache' from command line to 'False'
[0.231s] Level 5:colcon.colcon_core.verb:set package 'ros_gz_crazyflie_control' build argument 'cmake_clean_first' from command line to 'False'
[0.231s] Level 5:colcon.colcon_core.verb:set package 'ros_gz_crazyflie_control' build argument 'cmake_force_configure' from command line to 'False'
[0.231s] Level 5:colcon.colcon_core.verb:set package 'ros_gz_crazyflie_control' build argument 'ament_cmake_args' from command line to 'None'
[0.231s] Level 5:colcon.colcon_core.verb:set package 'ros_gz_crazyflie_control' build argument 'catkin_cmake_args' from command line to 'None'
[0.231s] Level 5:colcon.colcon_core.verb:set package 'ros_gz_crazyflie_control' build argument 'catkin_skip_building_tests' from command line to 'False'
[0.231s] DEBUG:colcon.colcon_core.verb:Building package 'ros_gz_crazyflie_control' with the following arguments: {'ament_cmake_args': None, 'build_base': '/home/raghav/crazyflie_mapping_demo/ros2_ws/build/ros_gz_crazyflie_control', 'catkin_cmake_args': None, 'catkin_skip_building_tests': False, 'cmake_args': ['-DBUILD_TESTING=ON'], 'cmake_clean_cache': False, 'cmake_clean_first': False, 'cmake_force_configure': False, 'cmake_target': None, 'cmake_target_skip_unavailable': False, 'install_base': '/home/raghav/crazyflie_mapping_demo/ros2_ws/install/ros_gz_crazyflie_control', 'merge_install': False, 'path': '/home/raghav/crazyflie_mapping_demo/ros2_ws/src/ros_gz_crazyflie/ros_gz_crazyflie_control', 'symlink_install': False, 'test_result_base': None}
[0.231s] Level 5:colcon.colcon_core.verb:set package 'ros_gz_crazyflie_gazebo' build argument 'cmake_args' from command line to '['-DBUILD_TESTING=ON']'
[0.231s] Level 5:colcon.colcon_core.verb:set package 'ros_gz_crazyflie_gazebo' build argument 'cmake_target' from command line to 'None'
[0.231s] Level 5:colcon.colcon_core.verb:set package 'ros_gz_crazyflie_gazebo' build argument 'cmake_target_skip_unavailable' from command line to 'False'
[0.231s] Level 5:colcon.colcon_core.verb:set package 'ros_gz_crazyflie_gazebo' build argument 'cmake_clean_cache' from command line to 'False'
[0.231s] Level 5:colcon.colcon_core.verb:set package 'ros_gz_crazyflie_gazebo' build argument 'cmake_clean_first' from command line to 'False'
[0.231s] Level 5:colcon.colcon_core.verb:set package 'ros_gz_crazyflie_gazebo' build argument 'cmake_force_configure' from command line to 'False'
[0.231s] Level 5:colcon.colcon_core.verb:set package 'ros_gz_crazyflie_gazebo' build argument 'ament_cmake_args' from command line to 'None'
[0.231s] Level 5:colcon.colcon_core.verb:set package 'ros_gz_crazyflie_gazebo' build argument 'catkin_cmake_args' from command line to 'None'
[0.231s] Level 5:colcon.colcon_core.verb:set package 'ros_gz_crazyflie_gazebo' build argument 'catkin_skip_building_tests' from command line to 'False'
[0.231s] DEBUG:colcon.colcon_core.verb:Building package 'ros_gz_crazyflie_gazebo' with the following arguments: {'ament_cmake_args': None, 'build_base': '/home/raghav/crazyflie_mapping_demo/ros2_ws/build/ros_gz_crazyflie_gazebo', 'catkin_cmake_args': None, 'catkin_skip_building_tests': False, 'cmake_args': ['-DBUILD_TESTING=ON'], 'cmake_clean_cache': False, 'cmake_clean_first': False, 'cmake_force_configure': False, 'cmake_target': None, 'cmake_target_skip_unavailable': False, 'install_base': '/home/raghav/crazyflie_mapping_demo/ros2_ws/install/ros_gz_crazyflie_gazebo', 'merge_install': False, 'path': '/home/raghav/crazyflie_mapping_demo/ros2_ws/src/ros_gz_crazyflie/ros_gz_crazyflie_gazebo', 'symlink_install': False, 'test_result_base': None}
[0.232s] Level 5:colcon.colcon_core.verb:set package 'crazyflie' build argument 'cmake_args' from command line to '['-DBUILD_TESTING=ON']'
[0.232s] Level 5:colcon.colcon_core.verb:set package 'crazyflie' build argument 'cmake_target' from command line to 'None'
[0.232s] Level 5:colcon.colcon_core.verb:set package 'crazyflie' build argument 'cmake_target_skip_unavailable' from command line to 'False'
[0.232s] Level 5:colcon.colcon_core.verb:set package 'crazyflie' build argument 'cmake_clean_cache' from command line to 'False'
[0.232s] Level 5:colcon.colcon_core.verb:set package 'crazyflie' build argument 'cmake_clean_first' from command line to 'False'
[0.232s] Level 5:colcon.colcon_core.verb:set package 'crazyflie' build argument 'cmake_force_configure' from command line to 'False'
[0.232s] Level 5:colcon.colcon_core.verb:set package 'crazyflie' build argument 'ament_cmake_args' from command line to 'None'
[0.232s] Level 5:colcon.colcon_core.verb:set package 'crazyflie' build argument 'catkin_cmake_args' from command line to 'None'
[0.232s] Level 5:colcon.colcon_core.verb:set package 'crazyflie' build argument 'catkin_skip_building_tests' from command line to 'False'
[0.232s] DEBUG:colcon.colcon_core.verb:Building package 'crazyflie' with the following arguments: {'ament_cmake_args': None, 'build_base': '/home/raghav/crazyflie_mapping_demo/ros2_ws/build/crazyflie', 'catkin_cmake_args': None, 'catkin_skip_building_tests': False, 'cmake_args': ['-DBUILD_TESTING=ON'], 'cmake_clean_cache': False, 'cmake_clean_first': False, 'cmake_force_configure': False, 'cmake_target': None, 'cmake_target_skip_unavailable': False, 'install_base': '/home/raghav/crazyflie_mapping_demo/ros2_ws/install/crazyflie', 'merge_install': False, 'path': '/home/raghav/crazyflie_mapping_demo/ros2_ws/src/crazyswarm2/crazyflie', 'symlink_install': False, 'test_result_base': None}
[0.232s] Level 5:colcon.colcon_core.verb:set package 'crazyflie_py' build argument 'cmake_args' from command line to '['-DBUILD_TESTING=ON']'
[0.232s] Level 5:colcon.colcon_core.verb:set package 'crazyflie_py' build argument 'cmake_target' from command line to 'None'
[0.232s] Level 5:colcon.colcon_core.verb:set package 'crazyflie_py' build argument 'cmake_target_skip_unavailable' from command line to 'False'
[0.232s] Level 5:colcon.colcon_core.verb:set package 'crazyflie_py' build argument 'cmake_clean_cache' from command line to 'False'
[0.232s] Level 5:colcon.colcon_core.verb:set package 'crazyflie_py' build argument 'cmake_clean_first' from command line to 'False'
[0.232s] Level 5:colcon.colcon_core.verb:set package 'crazyflie_py' build argument 'cmake_force_configure' from command line to 'False'
[0.232s] Level 5:colcon.colcon_core.verb:set package 'crazyflie_py' build argument 'ament_cmake_args' from command line to 'None'
[0.232s] Level 5:colcon.colcon_core.verb:set package 'crazyflie_py' build argument 'catkin_cmake_args' from command line to 'None'
[0.232s] Level 5:colcon.colcon_core.verb:set package 'crazyflie_py' build argument 'catkin_skip_building_tests' from command line to 'False'
[0.232s] DEBUG:colcon.colcon_core.verb:Building package 'crazyflie_py' with the following arguments: {'ament_cmake_args': None, 'build_base': '/home/raghav/crazyflie_mapping_demo/ros2_ws/build/crazyflie_py', 'catkin_cmake_args': None, 'catkin_skip_building_tests': False, 'cmake_args': ['-DBUILD_TESTING=ON'], 'cmake_clean_cache': False, 'cmake_clean_first': False, 'cmake_force_configure': False, 'cmake_target': None, 'cmake_target_skip_unavailable': False, 'install_base': '/home/raghav/crazyflie_mapping_demo/ros2_ws/install/crazyflie_py', 'merge_install': False, 'path': '/home/raghav/crazyflie_mapping_demo/ros2_ws/src/crazyswarm2/crazyflie_py', 'symlink_install': False, 'test_result_base': None}
[0.232s] Level 5:colcon.colcon_core.verb:set package 'crazyflie_sim' build argument 'cmake_args' from command line to '['-DBUILD_TESTING=ON']'
[0.232s] Level 5:colcon.colcon_core.verb:set package 'crazyflie_sim' build argument 'cmake_target' from command line to 'None'
[0.232s] Level 5:colcon.colcon_core.verb:set package 'crazyflie_sim' build argument 'cmake_target_skip_unavailable' from command line to 'False'
[0.232s] Level 5:colcon.colcon_core.verb:set package 'crazyflie_sim' build argument 'cmake_clean_cache' from command line to 'False'
[0.232s] Level 5:colcon.colcon_core.verb:set package 'crazyflie_sim' build argument 'cmake_clean_first' from command line to 'False'
[0.232s] Level 5:colcon.colcon_core.verb:set package 'crazyflie_sim' build argument 'cmake_force_configure' from command line to 'False'
[0.232s] Level 5:colcon.colcon_core.verb:set package 'crazyflie_sim' build argument 'ament_cmake_args' from command line to 'None'
[0.232s] Level 5:colcon.colcon_core.verb:set package 'crazyflie_sim' build argument 'catkin_cmake_args' from command line to 'None'
[0.232s] Level 5:colcon.colcon_core.verb:set package 'crazyflie_sim' build argument 'catkin_skip_building_tests' from command line to 'False'
[0.232s] DEBUG:colcon.colcon_core.verb:Building package 'crazyflie_sim' with the following arguments: {'ament_cmake_args': None, 'build_base': '/home/raghav/crazyflie_mapping_demo/ros2_ws/build/crazyflie_sim', 'catkin_cmake_args': None, 'catkin_skip_building_tests': False, 'cmake_args': ['-DBUILD_TESTING=ON'], 'cmake_clean_cache': False, 'cmake_clean_first': False, 'cmake_force_configure': False, 'cmake_target': None, 'cmake_target_skip_unavailable': False, 'install_base': '/home/raghav/crazyflie_mapping_demo/ros2_ws/install/crazyflie_sim', 'merge_install': False, 'path': '/home/raghav/crazyflie_mapping_demo/ros2_ws/src/crazyswarm2/crazyflie_sim', 'symlink_install': False, 'test_result_base': None}
[0.233s] Level 5:colcon.colcon_core.verb:set package 'ros_gz_crazyflie_bringup' build argument 'cmake_args' from command line to '['-DBUILD_TESTING=ON']'
[0.233s] Level 5:colcon.colcon_core.verb:set package 'ros_gz_crazyflie_bringup' build argument 'cmake_target' from command line to 'None'
[0.233s] Level 5:colcon.colcon_core.verb:set package 'ros_gz_crazyflie_bringup' build argument 'cmake_target_skip_unavailable' from command line to 'False'
[0.233s] Level 5:colcon.colcon_core.verb:set package 'ros_gz_crazyflie_bringup' build argument 'cmake_clean_cache' from command line to 'False'
[0.233s] Level 5:colcon.colcon_core.verb:set package 'ros_gz_crazyflie_bringup' build argument 'cmake_clean_first' from command line to 'False'
[0.233s] Level 5:colcon.colcon_core.verb:set package 'ros_gz_crazyflie_bringup' build argument 'cmake_force_configure' from command line to 'False'
[0.233s] Level 5:colcon.colcon_core.verb:set package 'ros_gz_crazyflie_bringup' build argument 'ament_cmake_args' from command line to 'None'
[0.233s] Level 5:colcon.colcon_core.verb:set package 'ros_gz_crazyflie_bringup' build argument 'catkin_cmake_args' from command line to 'None'
[0.233s] Level 5:colcon.colcon_core.verb:set package 'ros_gz_crazyflie_bringup' build argument 'catkin_skip_building_tests' from command line to 'False'
[0.233s] DEBUG:colcon.colcon_core.verb:Building package 'ros_gz_crazyflie_bringup' with the following arguments: {'ament_cmake_args': None, 'build_base': '/home/raghav/crazyflie_mapping_demo/ros2_ws/build/ros_gz_crazyflie_bringup', 'catkin_cmake_args': None, 'catkin_skip_building_tests': False, 'cmake_args': ['-DBUILD_TESTING=ON'], 'cmake_clean_cache': False, 'cmake_clean_first': False, 'cmake_force_configure': False, 'cmake_target': None, 'cmake_target_skip_unavailable': False, 'install_base': '/home/raghav/crazyflie_mapping_demo/ros2_ws/install/ros_gz_crazyflie_bringup', 'merge_install': False, 'path': '/home/raghav/crazyflie_mapping_demo/ros2_ws/src/ros_gz_crazyflie/ros_gz_crazyflie_bringup', 'symlink_install': False, 'test_result_base': None}
[0.233s] Level 5:colcon.colcon_core.verb:set package 'crazyflie_examples' build argument 'cmake_args' from command line to '['-DBUILD_TESTING=ON']'
[0.233s] Level 5:colcon.colcon_core.verb:set package 'crazyflie_examples' build argument 'cmake_target' from command line to 'None'
[0.233s] Level 5:colcon.colcon_core.verb:set package 'crazyflie_examples' build argument 'cmake_target_skip_unavailable' from command line to 'False'
[0.233s] Level 5:colcon.colcon_core.verb:set package 'crazyflie_examples' build argument 'cmake_clean_cache' from command line to 'False'
[0.233s] Level 5:colcon.colcon_core.verb:set package 'crazyflie_examples' build argument 'cmake_clean_first' from command line to 'False'
[0.233s] Level 5:colcon.colcon_core.verb:set package 'crazyflie_examples' build argument 'cmake_force_configure' from command line to 'False'
[0.233s] Level 5:colcon.colcon_core.verb:set package 'crazyflie_examples' build argument 'ament_cmake_args' from command line to 'None'
[0.233s] Level 5:colcon.colcon_core.verb:set package 'crazyflie_examples' build argument 'catkin_cmake_args' from command line to 'None'
[0.233s] Level 5:colcon.colcon_core.verb:set package 'crazyflie_examples' build argument 'catkin_skip_building_tests' from command line to 'False'
[0.233s] DEBUG:colcon.colcon_core.verb:Building package 'crazyflie_examples' with the following arguments: {'ament_cmake_args': None, 'build_base': '/home/raghav/crazyflie_mapping_demo/ros2_ws/build/crazyflie_examples', 'catkin_cmake_args': None, 'catkin_skip_building_tests': False, 'cmake_args': ['-DBUILD_TESTING=ON'], 'cmake_clean_cache': False, 'cmake_clean_first': False, 'cmake_force_configure': False, 'cmake_target': None, 'cmake_target_skip_unavailable': False, 'install_base': '/home/raghav/crazyflie_mapping_demo/ros2_ws/install/crazyflie_examples', 'merge_install': False, 'path': '/home/raghav/crazyflie_mapping_demo/ros2_ws/src/crazyswarm2/crazyflie_examples', 'symlink_install': False, 'test_result_base': None}
[0.233s] Level 5:colcon.colcon_core.verb:set package 'crazyflie_ros2_multiranger_bringup' build argument 'cmake_args' from command line to '['-DBUILD_TESTING=ON']'
[0.233s] Level 5:colcon.colcon_core.verb:set package 'crazyflie_ros2_multiranger_bringup' build argument 'cmake_target' from command line to 'None'
[0.233s] Level 5:colcon.colcon_core.verb:set package 'crazyflie_ros2_multiranger_bringup' build argument 'cmake_target_skip_unavailable' from command line to 'False'
[0.233s] Level 5:colcon.colcon_core.verb:set package 'crazyflie_ros2_multiranger_bringup' build argument 'cmake_clean_cache' from command line to 'False'
[0.233s] Level 5:colcon.colcon_core.verb:set package 'crazyflie_ros2_multiranger_bringup' build argument 'cmake_clean_first' from command line to 'False'
[0.233s] Level 5:colcon.colcon_core.verb:set package 'crazyflie_ros2_multiranger_bringup' build argument 'cmake_force_configure' from command line to 'False'
[0.233s] Level 5:colcon.colcon_core.verb:set package 'crazyflie_ros2_multiranger_bringup' build argument 'ament_cmake_args' from command line to 'None'
[0.233s] Level 5:colcon.colcon_core.verb:set package 'crazyflie_ros2_multiranger_bringup' build argument 'catkin_cmake_args' from command line to 'None'
[0.233s] Level 5:colcon.colcon_core.verb:set package 'crazyflie_ros2_multiranger_bringup' build argument 'catkin_skip_building_tests' from command line to 'False'
[0.233s] DEBUG:colcon.colcon_core.verb:Building package 'crazyflie_ros2_multiranger_bringup' with the following arguments: {'ament_cmake_args': None, 'build_base': '/home/raghav/crazyflie_mapping_demo/ros2_ws/build/crazyflie_ros2_multiranger_bringup', 'catkin_cmake_args': None, 'catkin_skip_building_tests': False, 'cmake_args': ['-DBUILD_TESTING=ON'], 'cmake_clean_cache': False, 'cmake_clean_first': False, 'cmake_force_configure': False, 'cmake_target': None, 'cmake_target_skip_unavailable': False, 'install_base': '/home/raghav/crazyflie_mapping_demo/ros2_ws/install/crazyflie_ros2_multiranger_bringup', 'merge_install': False, 'path': '/home/raghav/crazyflie_mapping_demo/ros2_ws/src/crazyflie_ros2_multiranger/crazyflie_ros2_multiranger_bringup', 'symlink_install': False, 'test_result_base': None}
[0.233s] INFO:colcon.colcon_core.executor:Executing jobs using 'parallel' executor
[0.234s] DEBUG:colcon.colcon_parallel_executor.executor.parallel:run_until_complete
[0.235s] INFO:colcon.colcon_ros.task.ament_cmake.build:Building ROS package in '/home/raghav/crazyflie_mapping_demo/ros2_ws/src/crazyswarm2/crazyflie_interfaces' with build type 'ament_cmake'
[0.235s] INFO:colcon.colcon_cmake.task.cmake.build:Building CMake package in '/home/raghav/crazyflie_mapping_demo/ros2_ws/src/crazyswarm2/crazyflie_interfaces'
[0.236s] INFO:colcon.colcon_core.plugin_system:Skipping extension 'colcon_core.shell.bat': Not used on non-Windows systems
[0.236s] INFO:colcon.colcon_core.shell:Skip shell extension 'powershell' for command environment: Not usable outside of PowerShell
[0.236s] DEBUG:colcon.colcon_core.shell:Skip shell extension 'dsv' for command environment
[0.239s] INFO:colcon.colcon_ros.task.ament_cmake.build:Building ROS package in '/home/raghav/crazyflie_mapping_demo/ros2_ws/src/ros_gz_crazyflie/ros_gz_crazyflie_gazebo' with build type 'ament_cmake'
[0.239s] INFO:colcon.colcon_cmake.task.cmake.build:Building CMake package in '/home/raghav/crazyflie_mapping_demo/ros2_ws/src/ros_gz_crazyflie/ros_gz_crazyflie_gazebo'
[0.239s] INFO:colcon.colcon_core.shell:Skip shell extension 'powershell' for command environment: Not usable outside of PowerShell
[0.239s] DEBUG:colcon.colcon_core.shell:Skip shell extension 'dsv' for command environment
[0.241s] INFO:colcon.colcon_ros.task.ament_python.build:Building ROS package in '/home/raghav/crazyflie_mapping_demo/ros2_ws/src/crazyflie_ros2_multiranger/crazyflie_ros2_multiranger_simple_mapper' with build type 'ament_python'
[0.241s] Level 1:colcon.colcon_core.shell:create_environment_hook('crazyflie_ros2_multiranger_simple_mapper', 'ament_prefix_path')
[0.241s] INFO:colcon.colcon_core.shell:Creating environment hook '/home/raghav/crazyflie_mapping_demo/ros2_ws/install/crazyflie_ros2_multiranger_simple_mapper/share/crazyflie_ros2_multiranger_simple_mapper/hook/ament_prefix_path.ps1'
[0.242s] INFO:colcon.colcon_core.shell:Creating environment descriptor '/home/raghav/crazyflie_mapping_demo/ros2_ws/install/crazyflie_ros2_multiranger_simple_mapper/share/crazyflie_ros2_multiranger_simple_mapper/hook/ament_prefix_path.dsv'
[0.242s] INFO:colcon.colcon_core.shell:Creating environment hook '/home/raghav/crazyflie_mapping_demo/ros2_ws/install/crazyflie_ros2_multiranger_simple_mapper/share/crazyflie_ros2_multiranger_simple_mapper/hook/ament_prefix_path.sh'
[0.242s] INFO:colcon.colcon_core.shell:Skip shell extension 'powershell' for command environment: Not usable outside of PowerShell
[0.242s] DEBUG:colcon.colcon_core.shell:Skip shell extension 'dsv' for command environment
[0.244s] INFO:colcon.colcon_ros.task.ament_python.build:Building ROS package in '/home/raghav/crazyflie_mapping_demo/ros2_ws/src/crazyflie_ros2_multiranger/crazyflie_ros2_multiranger_wall_following' with build type 'ament_python'
[0.244s] Level 1:colcon.colcon_core.shell:create_environment_hook('crazyflie_ros2_multiranger_wall_following', 'ament_prefix_path')
[0.244s] INFO:colcon.colcon_core.shell:Creating environment hook '/home/raghav/crazyflie_mapping_demo/ros2_ws/install/crazyflie_ros2_multiranger_wall_following/share/crazyflie_ros2_multiranger_wall_following/hook/ament_prefix_path.ps1'
[0.245s] INFO:colcon.colcon_core.shell:Creating environment descriptor '/home/raghav/crazyflie_mapping_demo/ros2_ws/install/crazyflie_ros2_multiranger_wall_following/share/crazyflie_ros2_multiranger_wall_following/hook/ament_prefix_path.dsv'
[0.245s] INFO:colcon.colcon_core.shell:Creating environment hook '/home/raghav/crazyflie_mapping_demo/ros2_ws/install/crazyflie_ros2_multiranger_wall_following/share/crazyflie_ros2_multiranger_wall_following/hook/ament_prefix_path.sh'
[0.247s] INFO:colcon.colcon_core.shell:Skip shell extension 'powershell' for command environment: Not usable outside of PowerShell
[0.247s] DEBUG:colcon.colcon_core.shell:Skip shell extension 'dsv' for command environment
[0.249s] INFO:colcon.colcon_ros.task.ament_python.build:Building ROS package in '/home/raghav/crazyflie_mapping_demo/ros2_ws/src/ros_gz_crazyflie/ros_gz_crazyflie_control' with build type 'ament_python'
[0.249s] Level 1:colcon.colcon_core.shell:create_environment_hook('ros_gz_crazyflie_control', 'ament_prefix_path')
[0.249s] INFO:colcon.colcon_core.shell:Creating environment hook '/home/raghav/crazyflie_mapping_demo/ros2_ws/install/ros_gz_crazyflie_control/share/ros_gz_crazyflie_control/hook/ament_prefix_path.ps1'
[0.249s] INFO:colcon.colcon_core.shell:Creating environment descriptor '/home/raghav/crazyflie_mapping_demo/ros2_ws/install/ros_gz_crazyflie_control/share/ros_gz_crazyflie_control/hook/ament_prefix_path.dsv'
[0.249s] INFO:colcon.colcon_core.shell:Creating environment hook '/home/raghav/crazyflie_mapping_demo/ros2_ws/install/ros_gz_crazyflie_control/share/ros_gz_crazyflie_control/hook/ament_prefix_path.sh'
[0.250s] INFO:colcon.colcon_core.shell:Skip shell extension 'powershell' for command environment: Not usable outside of PowerShell
[0.250s] DEBUG:colcon.colcon_core.shell:Skip shell extension 'dsv' for command environment
[0.255s] DEBUG:colcon.colcon_core.event_handler.log_command:Invoking command in '/home/raghav/crazyflie_mapping_demo/ros2_ws/build/crazyflie_interfaces': CMAKE_PREFIX_PATH=${CMAKE_PREFIX_PATH}:/home/raghav/crazyflie_mapping_demo/ros2_ws/install/ros_gz_crazyflie_control:/home/raghav/crazyflie_mapping_demo/ros2_ws/install/crazyflie_ros2_multiranger_wall_following:/home/raghav/crazyflie_mapping_demo/ros2_ws/install/crazyflie_ros2_multiranger_simple_mapper:/home/raghav/crazyflie_mapping_demo/ros2_ws/install/crazyflie_py:/opt/ros/humble /usr/bin/cmake --build /home/raghav/crazyflie_mapping_demo/ros2_ws/build/crazyflie_interfaces -- -j20 -l20
[0.257s] DEBUG:colcon.colcon_core.event_handler.log_command:Invoking command in '/home/raghav/crazyflie_mapping_demo/ros2_ws/build/ros_gz_crazyflie_gazebo': CMAKE_PREFIX_PATH=${CMAKE_PREFIX_PATH}:/home/raghav/crazyflie_mapping_demo/ros2_ws/install/ros_gz_crazyflie_control:/home/raghav/crazyflie_mapping_demo/ros2_ws/install/crazyflie_ros2_multiranger_wall_following:/home/raghav/crazyflie_mapping_demo/ros2_ws/install/crazyflie_ros2_multiranger_simple_mapper:/home/raghav/crazyflie_mapping_demo/ros2_ws/install/crazyflie_py:/opt/ros/humble /usr/bin/cmake --build /home/raghav/crazyflie_mapping_demo/ros2_ws/build/ros_gz_crazyflie_gazebo -- -j20 -l20
[0.438s] INFO:colcon.colcon_core.task.python.build:Building Python package in '/home/raghav/crazyflie_mapping_demo/ros2_ws/src/crazyflie_ros2_multiranger/crazyflie_ros2_multiranger_simple_mapper'
[0.438s] INFO:colcon.colcon_core.shell:Skip shell extension 'powershell' for command environment: Not usable outside of PowerShell
[0.438s] DEBUG:colcon.colcon_core.shell:Skip shell extension 'dsv' for command environment
[0.594s] INFO:colcon.colcon_core.task.python.build:Building Python package in '/home/raghav/crazyflie_mapping_demo/ros2_ws/src/crazyflie_ros2_multiranger/crazyflie_ros2_multiranger_wall_following'
[0.594s] INFO:colcon.colcon_core.shell:Skip shell extension 'powershell' for command environment: Not usable outside of PowerShell
[0.594s] DEBUG:colcon.colcon_core.shell:Skip shell extension 'dsv' for command environment
[0.602s] DEBUG:colcon.colcon_core.event_handler.log_command:Invoked command in '/home/raghav/crazyflie_mapping_demo/ros2_ws/build/ros_gz_crazyflie_gazebo' returned '0': CMAKE_PREFIX_PATH=${CMAKE_PREFIX_PATH}:/home/raghav/crazyflie_mapping_demo/ros2_ws/install/ros_gz_crazyflie_control:/home/raghav/crazyflie_mapping_demo/ros2_ws/install/crazyflie_ros2_multiranger_wall_following:/home/raghav/crazyflie_mapping_demo/ros2_ws/install/crazyflie_ros2_multiranger_simple_mapper:/home/raghav/crazyflie_mapping_demo/ros2_ws/install/crazyflie_py:/opt/ros/humble /usr/bin/cmake --build /home/raghav/crazyflie_mapping_demo/ros2_ws/build/ros_gz_crazyflie_gazebo -- -j20 -l20
[0.608s] DEBUG:colcon.colcon_core.event_handler.log_command:Invoking command in '/home/raghav/crazyflie_mapping_demo/ros2_ws/build/ros_gz_crazyflie_gazebo': CMAKE_PREFIX_PATH=${CMAKE_PREFIX_PATH}:/home/raghav/crazyflie_mapping_demo/ros2_ws/install/ros_gz_crazyflie_control:/home/raghav/crazyflie_mapping_demo/ros2_ws/install/crazyflie_ros2_multiranger_wall_following:/home/raghav/crazyflie_mapping_demo/ros2_ws/install/crazyflie_ros2_multiranger_simple_mapper:/home/raghav/crazyflie_mapping_demo/ros2_ws/install/crazyflie_py:/opt/ros/humble /usr/bin/cmake --install /home/raghav/crazyflie_mapping_demo/ros2_ws/build/ros_gz_crazyflie_gazebo
[0.775s] INFO:colcon.colcon_core.task.python.build:Building Python package in '/home/raghav/crazyflie_mapping_demo/ros2_ws/src/ros_gz_crazyflie/ros_gz_crazyflie_control'
[0.775s] INFO:colcon.colcon_core.shell:Skip shell extension 'powershell' for command environment: Not usable outside of PowerShell
[0.775s] DEBUG:colcon.colcon_core.shell:Skip shell extension 'dsv' for command environment
[0.779s] DEBUG:colcon.colcon_core.event_handler.log_command:Invoked command in '/home/raghav/crazyflie_mapping_demo/ros2_ws/build/crazyflie_interfaces' returned '0': CMAKE_PREFIX_PATH=${CMAKE_PREFIX_PATH}:/home/raghav/crazyflie_mapping_demo/ros2_ws/install/ros_gz_crazyflie_control:/home/raghav/crazyflie_mapping_demo/ros2_ws/install/crazyflie_ros2_multiranger_wall_following:/home/raghav/crazyflie_mapping_demo/ros2_ws/install/crazyflie_ros2_multiranger_simple_mapper:/home/raghav/crazyflie_mapping_demo/ros2_ws/install/crazyflie_py:/opt/ros/humble /usr/bin/cmake --build /home/raghav/crazyflie_mapping_demo/ros2_ws/build/crazyflie_interfaces -- -j20 -l20
[0.780s] DEBUG:colcon.colcon_core.event_handler.log_command:Invoking command in '/home/raghav/crazyflie_mapping_demo/ros2_ws/build/crazyflie_interfaces': CMAKE_PREFIX_PATH=${CMAKE_PREFIX_PATH}:/home/raghav/crazyflie_mapping_demo/ros2_ws/install/ros_gz_crazyflie_control:/home/raghav/crazyflie_mapping_demo/ros2_ws/install/crazyflie_ros2_multiranger_wall_following:/home/raghav/crazyflie_mapping_demo/ros2_ws/install/crazyflie_ros2_multiranger_simple_mapper:/home/raghav/crazyflie_mapping_demo/ros2_ws/install/crazyflie_py:/opt/ros/humble /usr/bin/cmake --install /home/raghav/crazyflie_mapping_demo/ros2_ws/build/crazyflie_interfaces
[0.785s] Level 1:colcon.colcon_core.environment:create_environment_scripts_only(ros_gz_crazyflie_gazebo)
[0.785s] DEBUG:colcon.colcon_core.event_handler.log_command:Invoked command in '/home/raghav/crazyflie_mapping_demo/ros2_ws/build/ros_gz_crazyflie_gazebo' returned '0': CMAKE_PREFIX_PATH=${CMAKE_PREFIX_PATH}:/home/raghav/crazyflie_mapping_demo/ros2_ws/install/ros_gz_crazyflie_control:/home/raghav/crazyflie_mapping_demo/ros2_ws/install/crazyflie_ros2_multiranger_wall_following:/home/raghav/crazyflie_mapping_demo/ros2_ws/install/crazyflie_ros2_multiranger_simple_mapper:/home/raghav/crazyflie_mapping_demo/ros2_ws/install/crazyflie_py:/opt/ros/humble /usr/bin/cmake --install /home/raghav/crazyflie_mapping_demo/ros2_ws/build/ros_gz_crazyflie_gazebo
[0.786s] Level 1:colcon.colcon_core.environment:checking '/home/raghav/crazyflie_mapping_demo/ros2_ws/install/ros_gz_crazyflie_gazebo' for CMake module files
[0.787s] Level 1:colcon.colcon_core.environment:checking '/home/raghav/crazyflie_mapping_demo/ros2_ws/install/ros_gz_crazyflie_gazebo' for CMake config files
[0.787s] Level 1:colcon.colcon_core.shell:create_environment_hook('ros_gz_crazyflie_gazebo', 'cmake_prefix_path')
[0.787s] INFO:colcon.colcon_core.shell:Creating environment hook '/home/raghav/crazyflie_mapping_demo/ros2_ws/install/ros_gz_crazyflie_gazebo/share/ros_gz_crazyflie_gazebo/hook/cmake_prefix_path.ps1'
[0.787s] INFO:colcon.colcon_core.shell:Creating environment descriptor '/home/raghav/crazyflie_mapping_demo/ros2_ws/install/ros_gz_crazyflie_gazebo/share/ros_gz_crazyflie_gazebo/hook/cmake_prefix_path.dsv'
[0.787s] INFO:colcon.colcon_core.shell:Creating environment hook '/home/raghav/crazyflie_mapping_demo/ros2_ws/install/ros_gz_crazyflie_gazebo/share/ros_gz_crazyflie_gazebo/hook/cmake_prefix_path.sh'
[0.788s] Level 1:colcon.colcon_core.environment:checking '/home/raghav/crazyflie_mapping_demo/ros2_ws/install/ros_gz_crazyflie_gazebo/bin'
[0.788s] Level 1:colcon.colcon_core.environment:checking '/home/raghav/crazyflie_mapping_demo/ros2_ws/install/ros_gz_crazyflie_gazebo/lib/pkgconfig/ros_gz_crazyflie_gazebo.pc'
[0.788s] Level 1:colcon.colcon_core.environment:checking '/home/raghav/crazyflie_mapping_demo/ros2_ws/install/ros_gz_crazyflie_gazebo/lib/python3.10/site-packages'
[0.788s] Level 1:colcon.colcon_core.environment:checking '/home/raghav/crazyflie_mapping_demo/ros2_ws/install/ros_gz_crazyflie_gazebo/bin'
[0.789s] INFO:colcon.colcon_core.shell:Creating package script '/home/raghav/crazyflie_mapping_demo/ros2_ws/install/ros_gz_crazyflie_gazebo/share/ros_gz_crazyflie_gazebo/package.ps1'
[0.789s] INFO:colcon.colcon_core.shell:Creating package descriptor '/home/raghav/crazyflie_mapping_demo/ros2_ws/install/ros_gz_crazyflie_gazebo/share/ros_gz_crazyflie_gazebo/package.dsv'
[0.790s] INFO:colcon.colcon_core.shell:Creating package script '/home/raghav/crazyflie_mapping_demo/ros2_ws/install/ros_gz_crazyflie_gazebo/share/ros_gz_crazyflie_gazebo/package.sh'
[0.790s] INFO:colcon.colcon_core.shell:Creating package script '/home/raghav/crazyflie_mapping_demo/ros2_ws/install/ros_gz_crazyflie_gazebo/share/ros_gz_crazyflie_gazebo/package.bash'
[0.791s] INFO:colcon.colcon_core.shell:Creating package script '/home/raghav/crazyflie_mapping_demo/ros2_ws/install/ros_gz_crazyflie_gazebo/share/ros_gz_crazyflie_gazebo/package.zsh'
[0.792s] Level 1:colcon.colcon_core.environment:create_file_with_runtime_dependencies(/home/raghav/crazyflie_mapping_demo/ros2_ws/install/ros_gz_crazyflie_gazebo/share/colcon-core/packages/ros_gz_crazyflie_gazebo)
[0.792s] Level 1:colcon.colcon_core.environment:create_environment_scripts_only(ros_gz_crazyflie_gazebo)
[0.793s] Level 1:colcon.colcon_core.environment:checking '/home/raghav/crazyflie_mapping_demo/ros2_ws/install/ros_gz_crazyflie_gazebo' for CMake module files
[0.793s] Level 1:colcon.colcon_core.environment:checking '/home/raghav/crazyflie_mapping_demo/ros2_ws/install/ros_gz_crazyflie_gazebo' for CMake config files
[0.793s] Level 1:colcon.colcon_core.shell:create_environment_hook('ros_gz_crazyflie_gazebo', 'cmake_prefix_path')
[0.794s] INFO:colcon.colcon_core.shell:Creating environment hook '/home/raghav/crazyflie_mapping_demo/ros2_ws/install/ros_gz_crazyflie_gazebo/share/ros_gz_crazyflie_gazebo/hook/cmake_prefix_path.ps1'
[0.794s] INFO:colcon.colcon_core.shell:Creating environment descriptor '/home/raghav/crazyflie_mapping_demo/ros2_ws/install/ros_gz_crazyflie_gazebo/share/ros_gz_crazyflie_gazebo/hook/cmake_prefix_path.dsv'
[0.794s] INFO:colcon.colcon_core.shell:Creating environment hook '/home/raghav/crazyflie_mapping_demo/ros2_ws/install/ros_gz_crazyflie_gazebo/share/ros_gz_crazyflie_gazebo/hook/cmake_prefix_path.sh'
[0.795s] Level 1:colcon.colcon_core.environment:checking '/home/raghav/crazyflie_mapping_demo/ros2_ws/install/ros_gz_crazyflie_gazebo/bin'
[0.795s] Level 1:colcon.colcon_core.environment:checking '/home/raghav/crazyflie_mapping_demo/ros2_ws/install/ros_gz_crazyflie_gazebo/lib/pkgconfig/ros_gz_crazyflie_gazebo.pc'
[0.795s] Level 1:colcon.colcon_core.environment:checking '/home/raghav/crazyflie_mapping_demo/ros2_ws/install/ros_gz_crazyflie_gazebo/lib/python3.10/site-packages'
[0.796s] Level 1:colcon.colcon_core.environment:checking '/home/raghav/crazyflie_mapping_demo/ros2_ws/install/ros_gz_crazyflie_gazebo/bin'
[0.796s] INFO:colcon.colcon_core.shell:Creating package script '/home/raghav/crazyflie_mapping_demo/ros2_ws/install/ros_gz_crazyflie_gazebo/share/ros_gz_crazyflie_gazebo/package.ps1'
[0.796s] INFO:colcon.colcon_core.shell:Creating package descriptor '/home/raghav/crazyflie_mapping_demo/ros2_ws/install/ros_gz_crazyflie_gazebo/share/ros_gz_crazyflie_gazebo/package.dsv'
[0.797s] INFO:colcon.colcon_core.shell:Creating package script '/home/raghav/crazyflie_mapping_demo/ros2_ws/install/ros_gz_crazyflie_gazebo/share/ros_gz_crazyflie_gazebo/package.sh'
[0.797s] INFO:colcon.colcon_core.shell:Creating package script '/home/raghav/crazyflie_mapping_demo/ros2_ws/install/ros_gz_crazyflie_gazebo/share/ros_gz_crazyflie_gazebo/package.bash'
[0.798s] INFO:colcon.colcon_core.shell:Creating package script '/home/raghav/crazyflie_mapping_demo/ros2_ws/install/ros_gz_crazyflie_gazebo/share/ros_gz_crazyflie_gazebo/package.zsh'
[0.798s] Level 1:colcon.colcon_core.environment:create_file_with_runtime_dependencies(/home/raghav/crazyflie_mapping_demo/ros2_ws/install/ros_gz_crazyflie_gazebo/share/colcon-core/packages/ros_gz_crazyflie_gazebo)
[0.798s] INFO:colcon.colcon_ros.task.ament_cmake.build:Building ROS package in '/home/raghav/crazyflie_mapping_demo/ros2_ws/src/ros_gz_crazyflie/ros_gz_crazyflie_bringup' with build type 'ament_cmake'
[0.798s] INFO:colcon.colcon_cmake.task.cmake.build:Building CMake package in '/home/raghav/crazyflie_mapping_demo/ros2_ws/src/ros_gz_crazyflie/ros_gz_crazyflie_bringup'
[0.799s] INFO:colcon.colcon_core.shell:Skip shell extension 'powershell' for command environment: Not usable outside of PowerShell
[0.799s] DEBUG:colcon.colcon_core.shell:Skip shell extension 'dsv' for command environment
[0.823s] DEBUG:colcon.colcon_core.event_handler.log_command:Invoking command in '/home/raghav/crazyflie_mapping_demo/ros2_ws/build/ros_gz_crazyflie_bringup': CMAKE_PREFIX_PATH=/home/raghav/crazyflie_mapping_demo/ros2_ws/install/ros_gz_crazyflie_gazebo:/home/raghav/crazyflie_mapping_demo/ros2_ws/install/crazyflie_ros2_multiranger_bringup:/home/raghav/crazyflie_mapping_demo/ros2_ws/install/ros_gz_crazyflie_bringup:/home/raghav/crazyflie_mapping_demo/ros2_ws/install/crazyflie_sim:/home/raghav/crazyflie_mapping_demo/ros2_ws/install/crazyflie_examples:/home/raghav/crazyflie_mapping_demo/ros2_ws/install/crazyflie:/home/raghav/crazyflie_mapping_demo/ros2_ws/install/crazyflie_interfaces:/home/raghav/crazyflie_mapping_demo/ros2_ws/install/ros_gz_crazyflie_control:/home/raghav/crazyflie_mapping_demo/ros2_ws/install/crazyflie_ros2_multiranger_wall_following:/home/raghav/crazyflie_mapping_demo/ros2_ws/install/crazyflie_ros2_multiranger_simple_mapper:/home/raghav/crazyflie_mapping_demo/ros2_ws/install/crazyflie_py:/opt/ros/humble /usr/bin/cmake --build /home/raghav/crazyflie_mapping_demo/ros2_ws/build/ros_gz_crazyflie_bringup -- -j20 -l20
[0.853s] DEBUG:colcon.colcon_core.event_handler.log_command:Invoked command in '/home/raghav/crazyflie_mapping_demo/ros2_ws/build/ros_gz_crazyflie_bringup' returned '0': CMAKE_PREFIX_PATH=/home/raghav/crazyflie_mapping_demo/ros2_ws/install/ros_gz_crazyflie_gazebo:/home/raghav/crazyflie_mapping_demo/ros2_ws/install/crazyflie_ros2_multiranger_bringup:/home/raghav/crazyflie_mapping_demo/ros2_ws/install/ros_gz_crazyflie_bringup:/home/raghav/crazyflie_mapping_demo/ros2_ws/install/crazyflie_sim:/home/raghav/crazyflie_mapping_demo/ros2_ws/install/crazyflie_examples:/home/raghav/crazyflie_mapping_demo/ros2_ws/install/crazyflie:/home/raghav/crazyflie_mapping_demo/ros2_ws/install/crazyflie_interfaces:/home/raghav/crazyflie_mapping_demo/ros2_ws/install/ros_gz_crazyflie_control:/home/raghav/crazyflie_mapping_demo/ros2_ws/install/crazyflie_ros2_multiranger_wall_following:/home/raghav/crazyflie_mapping_demo/ros2_ws/install/crazyflie_ros2_multiranger_simple_mapper:/home/raghav/crazyflie_mapping_demo/ros2_ws/install/crazyflie_py:/opt/ros/humble /usr/bin/cmake --build /home/raghav/crazyflie_mapping_demo/ros2_ws/build/ros_gz_crazyflie_bringup -- -j20 -l20
[0.855s] DEBUG:colcon.colcon_core.event_handler.log_command:Invoking command in '/home/raghav/crazyflie_mapping_demo/ros2_ws/build/ros_gz_crazyflie_bringup': CMAKE_PREFIX_PATH=/home/raghav/crazyflie_mapping_demo/ros2_ws/install/ros_gz_crazyflie_gazebo:/home/raghav/crazyflie_mapping_demo/ros2_ws/install/crazyflie_ros2_multiranger_bringup:/home/raghav/crazyflie_mapping_demo/ros2_ws/install/ros_gz_crazyflie_bringup:/home/raghav/crazyflie_mapping_demo/ros2_ws/install/crazyflie_sim:/home/raghav/crazyflie_mapping_demo/ros2_ws/install/crazyflie_examples:/home/raghav/crazyflie_mapping_demo/ros2_ws/install/crazyflie:/home/raghav/crazyflie_mapping_demo/ros2_ws/install/crazyflie_interfaces:/home/raghav/crazyflie_mapping_demo/ros2_ws/install/ros_gz_crazyflie_control:/home/raghav/crazyflie_mapping_demo/ros2_ws/install/crazyflie_ros2_multiranger_wall_following:/home/raghav/crazyflie_mapping_demo/ros2_ws/install/crazyflie_ros2_multiranger_simple_mapper:/home/raghav/crazyflie_mapping_demo/ros2_ws/install/crazyflie_py:/opt/ros/humble /usr/bin/cmake --install /home/raghav/crazyflie_mapping_demo/ros2_ws/build/ros_gz_crazyflie_bringup
[0.868s] Level 1:colcon.colcon_core.environment:create_environment_scripts_only(crazyflie_interfaces)
[0.869s] Level 1:colcon.colcon_core.environment:checking '/home/raghav/crazyflie_mapping_demo/ros2_ws/install/crazyflie_interfaces' for CMake module files
[0.869s] DEBUG:colcon.colcon_core.event_handler.log_command:Invoked command in '/home/raghav/crazyflie_mapping_demo/ros2_ws/build/crazyflie_interfaces' returned '0': CMAKE_PREFIX_PATH=${CMAKE_PREFIX_PATH}:/home/raghav/crazyflie_mapping_demo/ros2_ws/install/ros_gz_crazyflie_control:/home/raghav/crazyflie_mapping_demo/ros2_ws/install/crazyflie_ros2_multiranger_wall_following:/home/raghav/crazyflie_mapping_demo/ros2_ws/install/crazyflie_ros2_multiranger_simple_mapper:/home/raghav/crazyflie_mapping_demo/ros2_ws/install/crazyflie_py:/opt/ros/humble /usr/bin/cmake --install /home/raghav/crazyflie_mapping_demo/ros2_ws/build/crazyflie_interfaces
[0.869s] Level 1:colcon.colcon_core.environment:checking '/home/raghav/crazyflie_mapping_demo/ros2_ws/install/crazyflie_interfaces' for CMake config files
[0.873s] Level 1:colcon.colcon_core.shell:create_environment_hook('crazyflie_interfaces', 'cmake_prefix_path')
[0.873s] INFO:colcon.colcon_core.shell:Creating environment hook '/home/raghav/crazyflie_mapping_demo/ros2_ws/install/crazyflie_interfaces/share/crazyflie_interfaces/hook/cmake_prefix_path.ps1'
[0.874s] INFO:colcon.colcon_core.shell:Creating environment descriptor '/home/raghav/crazyflie_mapping_demo/ros2_ws/install/crazyflie_interfaces/share/crazyflie_interfaces/hook/cmake_prefix_path.dsv'
[0.874s] INFO:colcon.colcon_core.shell:Creating environment hook '/home/raghav/crazyflie_mapping_demo/ros2_ws/install/crazyflie_interfaces/share/crazyflie_interfaces/hook/cmake_prefix_path.sh'
[0.874s] Level 1:colcon.colcon_core.environment:checking '/home/raghav/crazyflie_mapping_demo/ros2_ws/install/crazyflie_interfaces/lib'
[0.875s] Level 1:colcon.colcon_core.shell:create_environment_hook('crazyflie_interfaces', 'ld_library_path_lib')
[0.875s] INFO:colcon.colcon_core.shell:Creating environment hook '/home/raghav/crazyflie_mapping_demo/ros2_ws/install/crazyflie_interfaces/share/crazyflie_interfaces/hook/ld_library_path_lib.ps1'
[0.875s] INFO:colcon.colcon_core.shell:Creating environment descriptor '/home/raghav/crazyflie_mapping_demo/ros2_ws/install/crazyflie_interfaces/share/crazyflie_interfaces/hook/ld_library_path_lib.dsv'
[0.875s] INFO:colcon.colcon_core.shell:Creating environment hook '/home/raghav/crazyflie_mapping_demo/ros2_ws/install/crazyflie_interfaces/share/crazyflie_interfaces/hook/ld_library_path_lib.sh'
[0.875s] Level 1:colcon.colcon_core.environment:checking '/home/raghav/crazyflie_mapping_demo/ros2_ws/install/crazyflie_interfaces/bin'
[0.875s] Level 1:colcon.colcon_core.environment:checking '/home/raghav/crazyflie_mapping_demo/ros2_ws/install/crazyflie_interfaces/lib/pkgconfig/crazyflie_interfaces.pc'
[0.876s] Level 1:colcon.colcon_core.environment:checking '/home/raghav/crazyflie_mapping_demo/ros2_ws/install/crazyflie_interfaces/lib/python3.10/site-packages'
[0.876s] Level 1:colcon.colcon_core.environment:checking '/home/raghav/crazyflie_mapping_demo/ros2_ws/install/crazyflie_interfaces/bin'
[0.876s] INFO:colcon.colcon_core.shell:Creating package script '/home/raghav/crazyflie_mapping_demo/ros2_ws/install/crazyflie_interfaces/share/crazyflie_interfaces/package.ps1'
[0.876s] INFO:colcon.colcon_core.shell:Creating package descriptor '/home/raghav/crazyflie_mapping_demo/ros2_ws/install/crazyflie_interfaces/share/crazyflie_interfaces/package.dsv'
[0.877s] INFO:colcon.colcon_core.shell:Creating package script '/home/raghav/crazyflie_mapping_demo/ros2_ws/install/crazyflie_interfaces/share/crazyflie_interfaces/package.sh'
[0.877s] INFO:colcon.colcon_core.shell:Creating package script '/home/raghav/crazyflie_mapping_demo/ros2_ws/install/crazyflie_interfaces/share/crazyflie_interfaces/package.bash'
[0.877s] INFO:colcon.colcon_core.shell:Creating package script '/home/raghav/crazyflie_mapping_demo/ros2_ws/install/crazyflie_interfaces/share/crazyflie_interfaces/package.zsh'
[0.877s] Level 1:colcon.colcon_core.environment:create_file_with_runtime_dependencies(/home/raghav/crazyflie_mapping_demo/ros2_ws/install/crazyflie_interfaces/share/colcon-core/packages/crazyflie_interfaces)
[0.878s] Level 1:colcon.colcon_core.environment:create_environment_scripts_only(crazyflie_interfaces)
[0.878s] Level 1:colcon.colcon_core.environment:checking '/home/raghav/crazyflie_mapping_demo/ros2_ws/install/crazyflie_interfaces' for CMake module files
[0.878s] Level 1:colcon.colcon_core.environment:checking '/home/raghav/crazyflie_mapping_demo/ros2_ws/install/crazyflie_interfaces' for CMake config files
[0.880s] Level 1:colcon.colcon_core.shell:create_environment_hook('crazyflie_interfaces', 'cmake_prefix_path')
[0.880s] INFO:colcon.colcon_core.shell:Creating environment hook '/home/raghav/crazyflie_mapping_demo/ros2_ws/install/crazyflie_interfaces/share/crazyflie_interfaces/hook/cmake_prefix_path.ps1'
[0.880s] INFO:colcon.colcon_core.shell:Creating environment descriptor '/home/raghav/crazyflie_mapping_demo/ros2_ws/install/crazyflie_interfaces/share/crazyflie_interfaces/hook/cmake_prefix_path.dsv'
[0.880s] INFO:colcon.colcon_core.shell:Creating environment hook '/home/raghav/crazyflie_mapping_demo/ros2_ws/install/crazyflie_interfaces/share/crazyflie_interfaces/hook/cmake_prefix_path.sh'
[0.881s] Level 1:colcon.colcon_core.environment:checking '/home/raghav/crazyflie_mapping_demo/ros2_ws/install/crazyflie_interfaces/lib'
[0.881s] Level 1:colcon.colcon_core.shell:create_environment_hook('crazyflie_interfaces', 'ld_library_path_lib')
[0.881s] INFO:colcon.colcon_core.shell:Creating environment hook '/home/raghav/crazyflie_mapping_demo/ros2_ws/install/crazyflie_interfaces/share/crazyflie_interfaces/hook/ld_library_path_lib.ps1'
[0.881s] INFO:colcon.colcon_core.shell:Creating environment descriptor '/home/raghav/crazyflie_mapping_demo/ros2_ws/install/crazyflie_interfaces/share/crazyflie_interfaces/hook/ld_library_path_lib.dsv'
[0.881s] INFO:colcon.colcon_core.shell:Creating environment hook '/home/raghav/crazyflie_mapping_demo/ros2_ws/install/crazyflie_interfaces/share/crazyflie_interfaces/hook/ld_library_path_lib.sh'
[0.881s] Level 1:colcon.colcon_core.environment:checking '/home/raghav/crazyflie_mapping_demo/ros2_ws/install/crazyflie_interfaces/bin'
[0.881s] Level 1:colcon.colcon_core.environment:checking '/home/raghav/crazyflie_mapping_demo/ros2_ws/install/crazyflie_interfaces/lib/pkgconfig/crazyflie_interfaces.pc'
[0.882s] Level 1:colcon.colcon_core.environment:checking '/home/raghav/crazyflie_mapping_demo/ros2_ws/install/crazyflie_interfaces/lib/python3.10/site-packages'
[0.882s] Level 1:colcon.colcon_core.environment:checking '/home/raghav/crazyflie_mapping_demo/ros2_ws/install/crazyflie_interfaces/bin'
[0.882s] INFO:colcon.colcon_core.shell:Creating package script '/home/raghav/crazyflie_mapping_demo/ros2_ws/install/crazyflie_interfaces/share/crazyflie_interfaces/package.ps1'
[0.883s] INFO:colcon.colcon_core.shell:Creating package descriptor '/home/raghav/crazyflie_mapping_demo/ros2_ws/install/crazyflie_interfaces/share/crazyflie_interfaces/package.dsv'
[0.883s] INFO:colcon.colcon_core.shell:Creating package script '/home/raghav/crazyflie_mapping_demo/ros2_ws/install/crazyflie_interfaces/share/crazyflie_interfaces/package.sh'
[0.883s] INFO:colcon.colcon_core.shell:Creating package script '/home/raghav/crazyflie_mapping_demo/ros2_ws/install/crazyflie_interfaces/share/crazyflie_interfaces/package.bash'
[0.883s] INFO:colcon.colcon_core.shell:Creating package script '/home/raghav/crazyflie_mapping_demo/ros2_ws/install/crazyflie_interfaces/share/crazyflie_interfaces/package.zsh'
[0.884s] Level 1:colcon.colcon_core.environment:create_file_with_runtime_dependencies(/home/raghav/crazyflie_mapping_demo/ros2_ws/install/crazyflie_interfaces/share/colcon-core/packages/crazyflie_interfaces)
[0.884s] INFO:colcon.colcon_ros.task.ament_python.build:Building ROS package in '/home/raghav/crazyflie_mapping_demo/ros2_ws/src/crazyswarm2/crazyflie_py' with build type 'ament_python'
[0.884s] Level 1:colcon.colcon_core.shell:create_environment_hook('crazyflie_py', 'ament_prefix_path')
[0.884s] INFO:colcon.colcon_core.shell:Creating environment hook '/home/raghav/crazyflie_mapping_demo/ros2_ws/install/crazyflie_py/share/crazyflie_py/hook/ament_prefix_path.ps1'
[0.884s] INFO:colcon.colcon_core.shell:Creating environment descriptor '/home/raghav/crazyflie_mapping_demo/ros2_ws/install/crazyflie_py/share/crazyflie_py/hook/ament_prefix_path.dsv'
[0.885s] INFO:colcon.colcon_core.shell:Creating environment hook '/home/raghav/crazyflie_mapping_demo/ros2_ws/install/crazyflie_py/share/crazyflie_py/hook/ament_prefix_path.sh'
[0.885s] INFO:colcon.colcon_core.shell:Skip shell extension 'powershell' for command environment: Not usable outside of PowerShell
[0.885s] DEBUG:colcon.colcon_core.shell:Skip shell extension 'dsv' for command environment
[0.888s] INFO:colcon.colcon_ros.task.ament_cmake.build:Building ROS package in '/home/raghav/crazyflie_mapping_demo/ros2_ws/src/crazyswarm2/crazyflie' with build type 'ament_cmake'
[0.888s] INFO:colcon.colcon_cmake.task.cmake.build:Building CMake package in '/home/raghav/crazyflie_mapping_demo/ros2_ws/src/crazyswarm2/crazyflie'
[0.888s] INFO:colcon.colcon_core.shell:Skip shell extension 'powershell' for command environment: Not usable outside of PowerShell
[0.888s] DEBUG:colcon.colcon_core.shell:Skip shell extension 'dsv' for command environment
[0.890s] INFO:colcon.colcon_ros.task.ament_cmake.build:Building ROS package in '/home/raghav/crazyflie_mapping_demo/ros2_ws/src/crazyswarm2/crazyflie_sim' with build type 'ament_cmake'
[0.890s] INFO:colcon.colcon_cmake.task.cmake.build:Building CMake package in '/home/raghav/crazyflie_mapping_demo/ros2_ws/src/crazyswarm2/crazyflie_sim'
[0.890s] INFO:colcon.colcon_core.shell:Skip shell extension 'powershell' for command environment: Not usable outside of PowerShell
[0.891s] DEBUG:colcon.colcon_core.shell:Skip shell extension 'dsv' for command environment
[0.893s] Level 1:colcon.colcon_core.environment:create_environment_scripts_only(ros_gz_crazyflie_bringup)
[0.894s] Level 1:colcon.colcon_core.environment:checking '/home/raghav/crazyflie_mapping_demo/ros2_ws/install/ros_gz_crazyflie_bringup' for CMake module files
[0.894s] DEBUG:colcon.colcon_core.event_handler.log_command:Invoked command in '/home/raghav/crazyflie_mapping_demo/ros2_ws/build/ros_gz_crazyflie_bringup' returned '0': CMAKE_PREFIX_PATH=/home/raghav/crazyflie_mapping_demo/ros2_ws/install/ros_gz_crazyflie_gazebo:/home/raghav/crazyflie_mapping_demo/ros2_ws/install/crazyflie_ros2_multiranger_bringup:/home/raghav/crazyflie_mapping_demo/ros2_ws/install/ros_gz_crazyflie_bringup:/home/raghav/crazyflie_mapping_demo/ros2_ws/install/crazyflie_sim:/home/raghav/crazyflie_mapping_demo/ros2_ws/install/crazyflie_examples:/home/raghav/crazyflie_mapping_demo/ros2_ws/install/crazyflie:/home/raghav/crazyflie_mapping_demo/ros2_ws/install/crazyflie_interfaces:/home/raghav/crazyflie_mapping_demo/ros2_ws/install/ros_gz_crazyflie_control:/home/raghav/crazyflie_mapping_demo/ros2_ws/install/crazyflie_ros2_multiranger_wall_following:/home/raghav/crazyflie_mapping_demo/ros2_ws/install/crazyflie_ros2_multiranger_simple_mapper:/home/raghav/crazyflie_mapping_demo/ros2_ws/install/crazyflie_py:/opt/ros/humble /usr/bin/cmake --install /home/raghav/crazyflie_mapping_demo/ros2_ws/build/ros_gz_crazyflie_bringup
[0.894s] Level 1:colcon.colcon_core.environment:checking '/home/raghav/crazyflie_mapping_demo/ros2_ws/install/ros_gz_crazyflie_bringup' for CMake config files
[0.894s] Level 1:colcon.colcon_core.shell:create_environment_hook('ros_gz_crazyflie_bringup', 'cmake_prefix_path')
[0.894s] INFO:colcon.colcon_core.shell:Creating environment hook '/home/raghav/crazyflie_mapping_demo/ros2_ws/install/ros_gz_crazyflie_bringup/share/ros_gz_crazyflie_bringup/hook/cmake_prefix_path.ps1'
[0.895s] INFO:colcon.colcon_core.shell:Creating environment descriptor '/home/raghav/crazyflie_mapping_demo/ros2_ws/install/ros_gz_crazyflie_bringup/share/ros_gz_crazyflie_bringup/hook/cmake_prefix_path.dsv'
[0.895s] INFO:colcon.colcon_core.shell:Creating environment hook '/home/raghav/crazyflie_mapping_demo/ros2_ws/install/ros_gz_crazyflie_bringup/share/ros_gz_crazyflie_bringup/hook/cmake_prefix_path.sh'
[0.895s] Level 1:colcon.colcon_core.environment:checking '/home/raghav/crazyflie_mapping_demo/ros2_ws/install/ros_gz_crazyflie_bringup/bin'
[0.895s] Level 1:colcon.colcon_core.environment:checking '/home/raghav/crazyflie_mapping_demo/ros2_ws/install/ros_gz_crazyflie_bringup/lib/pkgconfig/ros_gz_crazyflie_bringup.pc'
[0.896s] Level 1:colcon.colcon_core.environment:checking '/home/raghav/crazyflie_mapping_demo/ros2_ws/install/ros_gz_crazyflie_bringup/lib/python3.10/site-packages'
[0.896s] Level 1:colcon.colcon_core.environment:checking '/home/raghav/crazyflie_mapping_demo/ros2_ws/install/ros_gz_crazyflie_bringup/bin'
[0.896s] INFO:colcon.colcon_core.shell:Creating package script '/home/raghav/crazyflie_mapping_demo/ros2_ws/install/ros_gz_crazyflie_bringup/share/ros_gz_crazyflie_bringup/package.ps1'
[0.896s] INFO:colcon.colcon_core.shell:Creating package descriptor '/home/raghav/crazyflie_mapping_demo/ros2_ws/install/ros_gz_crazyflie_bringup/share/ros_gz_crazyflie_bringup/package.dsv'
[0.897s] INFO:colcon.colcon_core.shell:Creating package script '/home/raghav/crazyflie_mapping_demo/ros2_ws/install/ros_gz_crazyflie_bringup/share/ros_gz_crazyflie_bringup/package.sh'
[0.897s] INFO:colcon.colcon_core.shell:Creating package script '/home/raghav/crazyflie_mapping_demo/ros2_ws/install/ros_gz_crazyflie_bringup/share/ros_gz_crazyflie_bringup/package.bash'
[0.897s] INFO:colcon.colcon_core.shell:Creating package script '/home/raghav/crazyflie_mapping_demo/ros2_ws/install/ros_gz_crazyflie_bringup/share/ros_gz_crazyflie_bringup/package.zsh'
[0.897s] Level 1:colcon.colcon_core.environment:create_file_with_runtime_dependencies(/home/raghav/crazyflie_mapping_demo/ros2_ws/install/ros_gz_crazyflie_bringup/share/colcon-core/packages/ros_gz_crazyflie_bringup)
[0.898s] Level 1:colcon.colcon_core.environment:create_environment_scripts_only(ros_gz_crazyflie_bringup)
[0.898s] Level 1:colcon.colcon_core.environment:checking '/home/raghav/crazyflie_mapping_demo/ros2_ws/install/ros_gz_crazyflie_bringup' for CMake module files
[0.898s] Level 1:colcon.colcon_core.environment:checking '/home/raghav/crazyflie_mapping_demo/ros2_ws/install/ros_gz_crazyflie_bringup' for CMake config files
[0.898s] Level 1:colcon.colcon_core.shell:create_environment_hook('ros_gz_crazyflie_bringup', 'cmake_prefix_path')
[0.898s] INFO:colcon.colcon_core.shell:Creating environment hook '/home/raghav/crazyflie_mapping_demo/ros2_ws/install/ros_gz_crazyflie_bringup/share/ros_gz_crazyflie_bringup/hook/cmake_prefix_path.ps1'
[0.899s] INFO:colcon.colcon_core.shell:Creating environment descriptor '/home/raghav/crazyflie_mapping_demo/ros2_ws/install/ros_gz_crazyflie_bringup/share/ros_gz_crazyflie_bringup/hook/cmake_prefix_path.dsv'
[0.899s] INFO:colcon.colcon_core.shell:Creating environment hook '/home/raghav/crazyflie_mapping_demo/ros2_ws/install/ros_gz_crazyflie_bringup/share/ros_gz_crazyflie_bringup/hook/cmake_prefix_path.sh'
[0.899s] Level 1:colcon.colcon_core.environment:checking '/home/raghav/crazyflie_mapping_demo/ros2_ws/install/ros_gz_crazyflie_bringup/bin'
[0.899s] Level 1:colcon.colcon_core.environment:checking '/home/raghav/crazyflie_mapping_demo/ros2_ws/install/ros_gz_crazyflie_bringup/lib/pkgconfig/ros_gz_crazyflie_bringup.pc'
[0.899s] Level 1:colcon.colcon_core.environment:checking '/home/raghav/crazyflie_mapping_demo/ros2_ws/install/ros_gz_crazyflie_bringup/lib/python3.10/site-packages'
[0.900s] Level 1:colcon.colcon_core.environment:checking '/home/raghav/crazyflie_mapping_demo/ros2_ws/install/ros_gz_crazyflie_bringup/bin'
[0.900s] INFO:colcon.colcon_core.shell:Creating package script '/home/raghav/crazyflie_mapping_demo/ros2_ws/install/ros_gz_crazyflie_bringup/share/ros_gz_crazyflie_bringup/package.ps1'
[0.900s] INFO:colcon.colcon_core.shell:Creating package descriptor '/home/raghav/crazyflie_mapping_demo/ros2_ws/install/ros_gz_crazyflie_bringup/share/ros_gz_crazyflie_bringup/package.dsv'
[0.900s] INFO:colcon.colcon_core.shell:Creating package script '/home/raghav/crazyflie_mapping_demo/ros2_ws/install/ros_gz_crazyflie_bringup/share/ros_gz_crazyflie_bringup/package.sh'
[0.901s] INFO:colcon.colcon_core.shell:Creating package script '/home/raghav/crazyflie_mapping_demo/ros2_ws/install/ros_gz_crazyflie_bringup/share/ros_gz_crazyflie_bringup/package.bash'
[0.901s] INFO:colcon.colcon_core.shell:Creating package script '/home/raghav/crazyflie_mapping_demo/ros2_ws/install/ros_gz_crazyflie_bringup/share/ros_gz_crazyflie_bringup/package.zsh'
[0.901s] Level 1:colcon.colcon_core.environment:create_file_with_runtime_dependencies(/home/raghav/crazyflie_mapping_demo/ros2_ws/install/ros_gz_crazyflie_bringup/share/colcon-core/packages/ros_gz_crazyflie_bringup)
[0.902s] INFO:colcon.colcon_ros.task.ament_cmake.build:Building ROS package in '/home/raghav/crazyflie_mapping_demo/ros2_ws/src/crazyflie_ros2_multiranger/crazyflie_ros2_multiranger_bringup' with build type 'ament_cmake'
[0.902s] INFO:colcon.colcon_cmake.task.cmake.build:Building CMake package in '/home/raghav/crazyflie_mapping_demo/ros2_ws/src/crazyflie_ros2_multiranger/crazyflie_ros2_multiranger_bringup'
[0.902s] INFO:colcon.colcon_core.shell:Skip shell extension 'powershell' for command environment: Not usable outside of PowerShell
[0.902s] DEBUG:colcon.colcon_core.shell:Skip shell extension 'dsv' for command environment
[1.064s] INFO:colcon.colcon_core.task.python.build:Building Python package in '/home/raghav/crazyflie_mapping_demo/ros2_ws/src/crazyswarm2/crazyflie_py'
[1.065s] INFO:colcon.colcon_core.shell:Skip shell extension 'powershell' for command environment: Not usable outside of PowerShell
[1.065s] DEBUG:colcon.colcon_core.shell:Skip shell extension 'dsv' for command environment
[1.070s] DEBUG:colcon.colcon_core.event_handler.log_command:Invoking command in '/home/raghav/crazyflie_mapping_demo/ros2_ws/build/crazyflie': CMAKE_PREFIX_PATH=/home/raghav/crazyflie_mapping_demo/ros2_ws/install/crazyflie_interfaces:/home/raghav/crazyflie_mapping_demo/ros2_ws/install/crazyflie_ros2_multiranger_bringup:/home/raghav/crazyflie_mapping_demo/ros2_ws/install/ros_gz_crazyflie_bringup:/home/raghav/crazyflie_mapping_demo/ros2_ws/install/ros_gz_crazyflie_gazebo:/home/raghav/crazyflie_mapping_demo/ros2_ws/install/crazyflie_sim:/home/raghav/crazyflie_mapping_demo/ros2_ws/install/crazyflie_examples:/home/raghav/crazyflie_mapping_demo/ros2_ws/install/crazyflie:/home/raghav/crazyflie_mapping_demo/ros2_ws/install/ros_gz_crazyflie_control:/home/raghav/crazyflie_mapping_demo/ros2_ws/install/crazyflie_ros2_multiranger_wall_following:/home/raghav/crazyflie_mapping_demo/ros2_ws/install/crazyflie_ros2_multiranger_simple_mapper:/home/raghav/crazyflie_mapping_demo/ros2_ws/install/crazyflie_py:/opt/ros/humble /usr/bin/cmake --build /home/raghav/crazyflie_mapping_demo/ros2_ws/build/crazyflie -- -j20 -l20
[1.072s] DEBUG:colcon.colcon_core.event_handler.log_command:Invoking command in '/home/raghav/crazyflie_mapping_demo/ros2_ws/build/crazyflie_sim': CMAKE_PREFIX_PATH=/home/raghav/crazyflie_mapping_demo/ros2_ws/install/crazyflie_interfaces:/home/raghav/crazyflie_mapping_demo/ros2_ws/install/crazyflie_ros2_multiranger_bringup:/home/raghav/crazyflie_mapping_demo/ros2_ws/install/ros_gz_crazyflie_bringup:/home/raghav/crazyflie_mapping_demo/ros2_ws/install/ros_gz_crazyflie_gazebo:/home/raghav/crazyflie_mapping_demo/ros2_ws/install/crazyflie_sim:/home/raghav/crazyflie_mapping_demo/ros2_ws/install/crazyflie_examples:/home/raghav/crazyflie_mapping_demo/ros2_ws/install/crazyflie:/home/raghav/crazyflie_mapping_demo/ros2_ws/install/ros_gz_crazyflie_control:/home/raghav/crazyflie_mapping_demo/ros2_ws/install/crazyflie_ros2_multiranger_wall_following:/home/raghav/crazyflie_mapping_demo/ros2_ws/install/crazyflie_ros2_multiranger_simple_mapper:/home/raghav/crazyflie_mapping_demo/ros2_ws/install/crazyflie_py:/opt/ros/humble /usr/bin/cmake --build /home/raghav/crazyflie_mapping_demo/ros2_ws/build/crazyflie_sim -- -j20 -l20
[1.074s] DEBUG:colcon.colcon_core.event_handler.log_command:Invoking command in '/home/raghav/crazyflie_mapping_demo/ros2_ws/src/crazyflie_ros2_multiranger/crazyflie_ros2_multiranger_wall_following': PYTHONPATH=/home/raghav/crazyflie_mapping_demo/ros2_ws/build/crazyflie_ros2_multiranger_wall_following/prefix_override:/usr/lib/python3/dist-packages/colcon_core/task/python/colcon_distutils_commands:/home/raghav/crazyflie_mapping_demo/ros2_ws/install/crazyflie_ros2_multiranger_wall_following/lib/python3.10/site-packages:${PYTHONPATH} /usr/bin/python3 -W ignore:setup.py install is deprecated -W ignore:easy_install command is deprecated setup.py egg_info --egg-base ../../../build/crazyflie_ros2_multiranger_wall_following build --build-base /home/raghav/crazyflie_mapping_demo/ros2_ws/build/crazyflie_ros2_multiranger_wall_following/build install --record /home/raghav/crazyflie_mapping_demo/ros2_ws/build/crazyflie_ros2_multiranger_wall_following/install.log --single-version-externally-managed install_data
[1.076s] DEBUG:colcon.colcon_core.event_handler.log_command:Invoking command in '/home/raghav/crazyflie_mapping_demo/ros2_ws/src/crazyflie_ros2_multiranger/crazyflie_ros2_multiranger_simple_mapper': PYTHONPATH=/home/raghav/crazyflie_mapping_demo/ros2_ws/build/crazyflie_ros2_multiranger_simple_mapper/prefix_override:/usr/lib/python3/dist-packages/colcon_core/task/python/colcon_distutils_commands:/home/raghav/crazyflie_mapping_demo/ros2_ws/install/crazyflie_ros2_multiranger_simple_mapper/lib/python3.10/site-packages:${PYTHONPATH} /usr/bin/python3 -W ignore:setup.py install is deprecated -W ignore:easy_install command is deprecated setup.py egg_info --egg-base ../../../build/crazyflie_ros2_multiranger_simple_mapper build --build-base /home/raghav/crazyflie_mapping_demo/ros2_ws/build/crazyflie_ros2_multiranger_simple_mapper/build install --record /home/raghav/crazyflie_mapping_demo/ros2_ws/build/crazyflie_ros2_multiranger_simple_mapper/install.log --single-version-externally-managed install_data
[1.077s] DEBUG:colcon.colcon_core.event_handler.log_command:Invoking command in '/home/raghav/crazyflie_mapping_demo/ros2_ws/src/ros_gz_crazyflie/ros_gz_crazyflie_control': PYTHONPATH=/home/raghav/crazyflie_mapping_demo/ros2_ws/build/ros_gz_crazyflie_control/prefix_override:/usr/lib/python3/dist-packages/colcon_core/task/python/colcon_distutils_commands:/home/raghav/crazyflie_mapping_demo/ros2_ws/install/ros_gz_crazyflie_control/lib/python3.10/site-packages:${PYTHONPATH} /usr/bin/python3 -W ignore:setup.py install is deprecated -W ignore:easy_install command is deprecated setup.py egg_info --egg-base ../../../build/ros_gz_crazyflie_control build --build-base /home/raghav/crazyflie_mapping_demo/ros2_ws/build/ros_gz_crazyflie_control/build install --record /home/raghav/crazyflie_mapping_demo/ros2_ws/build/ros_gz_crazyflie_control/install.log --single-version-externally-managed install_data
[1.079s] DEBUG:colcon.colcon_core.event_handler.log_command:Invoking command in '/home/raghav/crazyflie_mapping_demo/ros2_ws/build/crazyflie_ros2_multiranger_bringup': CMAKE_PREFIX_PATH=/home/raghav/crazyflie_mapping_demo/ros2_ws/install/ros_gz_crazyflie_bringup:/home/raghav/crazyflie_mapping_demo/ros2_ws/install/ros_gz_crazyflie_gazebo:/home/raghav/crazyflie_mapping_demo/ros2_ws/install/crazyflie_ros2_multiranger_bringup:/home/raghav/crazyflie_mapping_demo/ros2_ws/install/crazyflie_sim:/home/raghav/crazyflie_mapping_demo/ros2_ws/install/crazyflie_examples:/home/raghav/crazyflie_mapping_demo/ros2_ws/install/crazyflie:/home/raghav/crazyflie_mapping_demo/ros2_ws/install/crazyflie_interfaces:/home/raghav/crazyflie_mapping_demo/ros2_ws/install/ros_gz_crazyflie_control:/home/raghav/crazyflie_mapping_demo/ros2_ws/install/crazyflie_ros2_multiranger_wall_following:/home/raghav/crazyflie_mapping_demo/ros2_ws/install/crazyflie_ros2_multiranger_simple_mapper:/home/raghav/crazyflie_mapping_demo/ros2_ws/install/crazyflie_py:/opt/ros/humble /usr/bin/cmake --build /home/raghav/crazyflie_mapping_demo/ros2_ws/build/crazyflie_ros2_multiranger_bringup -- -j20 -l20
[1.111s] DEBUG:colcon.colcon_core.event_handler.log_command:Invoked command in '/home/raghav/crazyflie_mapping_demo/ros2_ws/build/crazyflie_ros2_multiranger_bringup' returned '0': CMAKE_PREFIX_PATH=/home/raghav/crazyflie_mapping_demo/ros2_ws/install/ros_gz_crazyflie_bringup:/home/raghav/crazyflie_mapping_demo/ros2_ws/install/ros_gz_crazyflie_gazebo:/home/raghav/crazyflie_mapping_demo/ros2_ws/install/crazyflie_ros2_multiranger_bringup:/home/raghav/crazyflie_mapping_demo/ros2_ws/install/crazyflie_sim:/home/raghav/crazyflie_mapping_demo/ros2_ws/install/crazyflie_examples:/home/raghav/crazyflie_mapping_demo/ros2_ws/install/crazyflie:/home/raghav/crazyflie_mapping_demo/ros2_ws/install/crazyflie_interfaces:/home/raghav/crazyflie_mapping_demo/ros2_ws/install/ros_gz_crazyflie_control:/home/raghav/crazyflie_mapping_demo/ros2_ws/install/crazyflie_ros2_multiranger_wall_following:/home/raghav/crazyflie_mapping_demo/ros2_ws/install/crazyflie_ros2_multiranger_simple_mapper:/home/raghav/crazyflie_mapping_demo/ros2_ws/install/crazyflie_py:/opt/ros/humble /usr/bin/cmake --build /home/raghav/crazyflie_mapping_demo/ros2_ws/build/crazyflie_ros2_multiranger_bringup -- -j20 -l20
[1.114s] DEBUG:colcon.colcon_core.event_handler.log_command:Invoking command in '/home/raghav/crazyflie_mapping_demo/ros2_ws/build/crazyflie_ros2_multiranger_bringup': CMAKE_PREFIX_PATH=/home/raghav/crazyflie_mapping_demo/ros2_ws/install/ros_gz_crazyflie_bringup:/home/raghav/crazyflie_mapping_demo/ros2_ws/install/ros_gz_crazyflie_gazebo:/home/raghav/crazyflie_mapping_demo/ros2_ws/install/crazyflie_ros2_multiranger_bringup:/home/raghav/crazyflie_mapping_demo/ros2_ws/install/crazyflie_sim:/home/raghav/crazyflie_mapping_demo/ros2_ws/install/crazyflie_examples:/home/raghav/crazyflie_mapping_demo/ros2_ws/install/crazyflie:/home/raghav/crazyflie_mapping_demo/ros2_ws/install/crazyflie_interfaces:/home/raghav/crazyflie_mapping_demo/ros2_ws/install/ros_gz_crazyflie_control:/home/raghav/crazyflie_mapping_demo/ros2_ws/install/crazyflie_ros2_multiranger_wall_following:/home/raghav/crazyflie_mapping_demo/ros2_ws/install/crazyflie_ros2_multiranger_simple_mapper:/home/raghav/crazyflie_mapping_demo/ros2_ws/install/crazyflie_py:/opt/ros/humble /usr/bin/cmake --install /home/raghav/crazyflie_mapping_demo/ros2_ws/build/crazyflie_ros2_multiranger_bringup
[1.127s] Level 1:colcon.colcon_core.environment:create_environment_scripts_only(crazyflie_ros2_multiranger_bringup)
[1.127s] Level 1:colcon.colcon_core.environment:checking '/home/raghav/crazyflie_mapping_demo/ros2_ws/install/crazyflie_ros2_multiranger_bringup' for CMake module files
[1.128s] DEBUG:colcon.colcon_core.event_handler.log_command:Invoked command in '/home/raghav/crazyflie_mapping_demo/ros2_ws/build/crazyflie_ros2_multiranger_bringup' returned '0': CMAKE_PREFIX_PATH=/home/raghav/crazyflie_mapping_demo/ros2_ws/install/ros_gz_crazyflie_bringup:/home/raghav/crazyflie_mapping_demo/ros2_ws/install/ros_gz_crazyflie_gazebo:/home/raghav/crazyflie_mapping_demo/ros2_ws/install/crazyflie_ros2_multiranger_bringup:/home/raghav/crazyflie_mapping_demo/ros2_ws/install/crazyflie_sim:/home/raghav/crazyflie_mapping_demo/ros2_ws/install/crazyflie_examples:/home/raghav/crazyflie_mapping_demo/ros2_ws/install/crazyflie:/home/raghav/crazyflie_mapping_demo/ros2_ws/install/crazyflie_interfaces:/home/raghav/crazyflie_mapping_demo/ros2_ws/install/ros_gz_crazyflie_control:/home/raghav/crazyflie_mapping_demo/ros2_ws/install/crazyflie_ros2_multiranger_wall_following:/home/raghav/crazyflie_mapping_demo/ros2_ws/install/crazyflie_ros2_multiranger_simple_mapper:/home/raghav/crazyflie_mapping_demo/ros2_ws/install/crazyflie_py:/opt/ros/humble /usr/bin/cmake --install /home/raghav/crazyflie_mapping_demo/ros2_ws/build/crazyflie_ros2_multiranger_bringup
[1.128s] Level 1:colcon.colcon_core.environment:checking '/home/raghav/crazyflie_mapping_demo/ros2_ws/install/crazyflie_ros2_multiranger_bringup' for CMake config files
[1.129s] Level 1:colcon.colcon_core.shell:create_environment_hook('crazyflie_ros2_multiranger_bringup', 'cmake_prefix_path')
[1.129s] INFO:colcon.colcon_core.shell:Creating environment hook '/home/raghav/crazyflie_mapping_demo/ros2_ws/install/crazyflie_ros2_multiranger_bringup/share/crazyflie_ros2_multiranger_bringup/hook/cmake_prefix_path.ps1'
[1.129s] INFO:colcon.colcon_core.shell:Creating environment descriptor '/home/raghav/crazyflie_mapping_demo/ros2_ws/install/crazyflie_ros2_multiranger_bringup/share/crazyflie_ros2_multiranger_bringup/hook/cmake_prefix_path.dsv'
[1.130s] INFO:colcon.colcon_core.shell:Creating environment hook '/home/raghav/crazyflie_mapping_demo/ros2_ws/install/crazyflie_ros2_multiranger_bringup/share/crazyflie_ros2_multiranger_bringup/hook/cmake_prefix_path.sh'
[1.131s] Level 1:colcon.colcon_core.environment:checking '/home/raghav/crazyflie_mapping_demo/ros2_ws/install/crazyflie_ros2_multiranger_bringup/bin'
[1.131s] Level 1:colcon.colcon_core.environment:checking '/home/raghav/crazyflie_mapping_demo/ros2_ws/install/crazyflie_ros2_multiranger_bringup/lib/pkgconfig/crazyflie_ros2_multiranger_bringup.pc'
[1.131s] Level 1:colcon.colcon_core.environment:checking '/home/raghav/crazyflie_mapping_demo/ros2_ws/install/crazyflie_ros2_multiranger_bringup/lib/python3.10/site-packages'
[1.131s] Level 1:colcon.colcon_core.environment:checking '/home/raghav/crazyflie_mapping_demo/ros2_ws/install/crazyflie_ros2_multiranger_bringup/bin'
[1.132s] INFO:colcon.colcon_core.shell:Creating package script '/home/raghav/crazyflie_mapping_demo/ros2_ws/install/crazyflie_ros2_multiranger_bringup/share/crazyflie_ros2_multiranger_bringup/package.ps1'
[1.132s] INFO:colcon.colcon_core.shell:Creating package descriptor '/home/raghav/crazyflie_mapping_demo/ros2_ws/install/crazyflie_ros2_multiranger_bringup/share/crazyflie_ros2_multiranger_bringup/package.dsv'
[1.133s] INFO:colcon.colcon_core.shell:Creating package script '/home/raghav/crazyflie_mapping_demo/ros2_ws/install/crazyflie_ros2_multiranger_bringup/share/crazyflie_ros2_multiranger_bringup/package.sh'
[1.133s] INFO:colcon.colcon_core.shell:Creating package script '/home/raghav/crazyflie_mapping_demo/ros2_ws/install/crazyflie_ros2_multiranger_bringup/share/crazyflie_ros2_multiranger_bringup/package.bash'
[1.134s] INFO:colcon.colcon_core.shell:Creating package script '/home/raghav/crazyflie_mapping_demo/ros2_ws/install/crazyflie_ros2_multiranger_bringup/share/crazyflie_ros2_multiranger_bringup/package.zsh'
[1.134s] Level 1:colcon.colcon_core.environment:create_file_with_runtime_dependencies(/home/raghav/crazyflie_mapping_demo/ros2_ws/install/crazyflie_ros2_multiranger_bringup/share/colcon-core/packages/crazyflie_ros2_multiranger_bringup)
[1.135s] Level 1:colcon.colcon_core.environment:create_environment_scripts_only(crazyflie_ros2_multiranger_bringup)
[1.135s] Level 1:colcon.colcon_core.environment:checking '/home/raghav/crazyflie_mapping_demo/ros2_ws/install/crazyflie_ros2_multiranger_bringup' for CMake module files
[1.136s] Level 1:colcon.colcon_core.environment:checking '/home/raghav/crazyflie_mapping_demo/ros2_ws/install/crazyflie_ros2_multiranger_bringup' for CMake config files
[1.137s] Level 1:colcon.colcon_core.shell:create_environment_hook('crazyflie_ros2_multiranger_bringup', 'cmake_prefix_path')
[1.137s] INFO:colcon.colcon_core.shell:Creating environment hook '/home/raghav/crazyflie_mapping_demo/ros2_ws/install/crazyflie_ros2_multiranger_bringup/share/crazyflie_ros2_multiranger_bringup/hook/cmake_prefix_path.ps1'
[1.137s] INFO:colcon.colcon_core.shell:Creating environment descriptor '/home/raghav/crazyflie_mapping_demo/ros2_ws/install/crazyflie_ros2_multiranger_bringup/share/crazyflie_ros2_multiranger_bringup/hook/cmake_prefix_path.dsv'
[1.138s] INFO:colcon.colcon_core.shell:Creating environment hook '/home/raghav/crazyflie_mapping_demo/ros2_ws/install/crazyflie_ros2_multiranger_bringup/share/crazyflie_ros2_multiranger_bringup/hook/cmake_prefix_path.sh'
[1.139s] Level 1:colcon.colcon_core.environment:checking '/home/raghav/crazyflie_mapping_demo/ros2_ws/install/crazyflie_ros2_multiranger_bringup/bin'
[1.139s] Level 1:colcon.colcon_core.environment:checking '/home/raghav/crazyflie_mapping_demo/ros2_ws/install/crazyflie_ros2_multiranger_bringup/lib/pkgconfig/crazyflie_ros2_multiranger_bringup.pc'
[1.139s] Level 1:colcon.colcon_core.environment:checking '/home/raghav/crazyflie_mapping_demo/ros2_ws/install/crazyflie_ros2_multiranger_bringup/lib/python3.10/site-packages'
[1.139s] Level 1:colcon.colcon_core.environment:checking '/home/raghav/crazyflie_mapping_demo/ros2_ws/install/crazyflie_ros2_multiranger_bringup/bin'
[1.140s] INFO:colcon.colcon_core.shell:Creating package script '/home/raghav/crazyflie_mapping_demo/ros2_ws/install/crazyflie_ros2_multiranger_bringup/share/crazyflie_ros2_multiranger_bringup/package.ps1'
[1.141s] INFO:colcon.colcon_core.shell:Creating package descriptor '/home/raghav/crazyflie_mapping_demo/ros2_ws/install/crazyflie_ros2_multiranger_bringup/share/crazyflie_ros2_multiranger_bringup/package.dsv'
[1.141s] INFO:colcon.colcon_core.shell:Creating package script '/home/raghav/crazyflie_mapping_demo/ros2_ws/install/crazyflie_ros2_multiranger_bringup/share/crazyflie_ros2_multiranger_bringup/package.sh'
[1.142s] INFO:colcon.colcon_core.shell:Creating package script '/home/raghav/crazyflie_mapping_demo/ros2_ws/install/crazyflie_ros2_multiranger_bringup/share/crazyflie_ros2_multiranger_bringup/package.bash'
[1.142s] INFO:colcon.colcon_core.shell:Creating package script '/home/raghav/crazyflie_mapping_demo/ros2_ws/install/crazyflie_ros2_multiranger_bringup/share/crazyflie_ros2_multiranger_bringup/package.zsh'
[1.143s] Level 1:colcon.colcon_core.environment:create_file_with_runtime_dependencies(/home/raghav/crazyflie_mapping_demo/ros2_ws/install/crazyflie_ros2_multiranger_bringup/share/colcon-core/packages/crazyflie_ros2_multiranger_bringup)
[1.186s] DEBUG:colcon.colcon_core.event_handler.log_command:Invoked command in '/home/raghav/crazyflie_mapping_demo/ros2_ws/build/crazyflie' returned '0': CMAKE_PREFIX_PATH=/home/raghav/crazyflie_mapping_demo/ros2_ws/install/crazyflie_interfaces:/home/raghav/crazyflie_mapping_demo/ros2_ws/install/crazyflie_ros2_multiranger_bringup:/home/raghav/crazyflie_mapping_demo/ros2_ws/install/ros_gz_crazyflie_bringup:/home/raghav/crazyflie_mapping_demo/ros2_ws/install/ros_gz_crazyflie_gazebo:/home/raghav/crazyflie_mapping_demo/ros2_ws/install/crazyflie_sim:/home/raghav/crazyflie_mapping_demo/ros2_ws/install/crazyflie_examples:/home/raghav/crazyflie_mapping_demo/ros2_ws/install/crazyflie:/home/raghav/crazyflie_mapping_demo/ros2_ws/install/ros_gz_crazyflie_control:/home/raghav/crazyflie_mapping_demo/ros2_ws/install/crazyflie_ros2_multiranger_wall_following:/home/raghav/crazyflie_mapping_demo/ros2_ws/install/crazyflie_ros2_multiranger_simple_mapper:/home/raghav/crazyflie_mapping_demo/ros2_ws/install/crazyflie_py:/opt/ros/humble /usr/bin/cmake --build /home/raghav/crazyflie_mapping_demo/ros2_ws/build/crazyflie -- -j20 -l20
[1.189s] DEBUG:colcon.colcon_core.event_handler.log_command:Invoking command in '/home/raghav/crazyflie_mapping_demo/ros2_ws/build/crazyflie': CMAKE_PREFIX_PATH=/home/raghav/crazyflie_mapping_demo/ros2_ws/install/crazyflie_interfaces:/home/raghav/crazyflie_mapping_demo/ros2_ws/install/crazyflie_ros2_multiranger_bringup:/home/raghav/crazyflie_mapping_demo/ros2_ws/install/ros_gz_crazyflie_bringup:/home/raghav/crazyflie_mapping_demo/ros2_ws/install/ros_gz_crazyflie_gazebo:/home/raghav/crazyflie_mapping_demo/ros2_ws/install/crazyflie_sim:/home/raghav/crazyflie_mapping_demo/ros2_ws/install/crazyflie_examples:/home/raghav/crazyflie_mapping_demo/ros2_ws/install/crazyflie:/home/raghav/crazyflie_mapping_demo/ros2_ws/install/ros_gz_crazyflie_control:/home/raghav/crazyflie_mapping_demo/ros2_ws/install/crazyflie_ros2_multiranger_wall_following:/home/raghav/crazyflie_mapping_demo/ros2_ws/install/crazyflie_ros2_multiranger_simple_mapper:/home/raghav/crazyflie_mapping_demo/ros2_ws/install/crazyflie_py:/opt/ros/humble /usr/bin/cmake --install /home/raghav/crazyflie_mapping_demo/ros2_ws/build/crazyflie
[1.201s] Level 1:colcon.colcon_core.environment:create_environment_scripts_only(crazyflie)
[1.202s] Level 1:colcon.colcon_core.environment:checking '/home/raghav/crazyflie_mapping_demo/ros2_ws/install/crazyflie' for CMake module files
[1.203s] Level 1:colcon.colcon_core.environment:checking '/home/raghav/crazyflie_mapping_demo/ros2_ws/install/crazyflie' for CMake config files
[1.204s] Level 1:colcon.colcon_core.shell:create_environment_hook('crazyflie', 'cmake_prefix_path')
[1.204s] INFO:colcon.colcon_core.shell:Creating environment hook '/home/raghav/crazyflie_mapping_demo/ros2_ws/install/crazyflie/share/crazyflie/hook/cmake_prefix_path.ps1'
[1.205s] DEBUG:colcon.colcon_core.event_handler.log_command:Invoked command in '/home/raghav/crazyflie_mapping_demo/ros2_ws/build/crazyflie' returned '0': CMAKE_PREFIX_PATH=/home/raghav/crazyflie_mapping_demo/ros2_ws/install/crazyflie_interfaces:/home/raghav/crazyflie_mapping_demo/ros2_ws/install/crazyflie_ros2_multiranger_bringup:/home/raghav/crazyflie_mapping_demo/ros2_ws/install/ros_gz_crazyflie_bringup:/home/raghav/crazyflie_mapping_demo/ros2_ws/install/ros_gz_crazyflie_gazebo:/home/raghav/crazyflie_mapping_demo/ros2_ws/install/crazyflie_sim:/home/raghav/crazyflie_mapping_demo/ros2_ws/install/crazyflie_examples:/home/raghav/crazyflie_mapping_demo/ros2_ws/install/crazyflie:/home/raghav/crazyflie_mapping_demo/ros2_ws/install/ros_gz_crazyflie_control:/home/raghav/crazyflie_mapping_demo/ros2_ws/install/crazyflie_ros2_multiranger_wall_following:/home/raghav/crazyflie_mapping_demo/ros2_ws/install/crazyflie_ros2_multiranger_simple_mapper:/home/raghav/crazyflie_mapping_demo/ros2_ws/install/crazyflie_py:/opt/ros/humble /usr/bin/cmake --install /home/raghav/crazyflie_mapping_demo/ros2_ws/build/crazyflie
[1.205s] INFO:colcon.colcon_core.shell:Creating environment descriptor '/home/raghav/crazyflie_mapping_demo/ros2_ws/install/crazyflie/share/crazyflie/hook/cmake_prefix_path.dsv'
[1.206s] INFO:colcon.colcon_core.shell:Creating environment hook '/home/raghav/crazyflie_mapping_demo/ros2_ws/install/crazyflie/share/crazyflie/hook/cmake_prefix_path.sh'
[1.206s] Level 1:colcon.colcon_core.environment:checking '/home/raghav/crazyflie_mapping_demo/ros2_ws/install/crazyflie/lib'
[1.206s] Level 1:colcon.colcon_core.environment:checking '/home/raghav/crazyflie_mapping_demo/ros2_ws/install/crazyflie/bin'
[1.206s] Level 1:colcon.colcon_core.environment:checking '/home/raghav/crazyflie_mapping_demo/ros2_ws/install/crazyflie/lib/pkgconfig/crazyflie.pc'
[1.207s] Level 1:colcon.colcon_core.environment:checking '/home/raghav/crazyflie_mapping_demo/ros2_ws/install/crazyflie/lib/python3.10/site-packages'
[1.207s] Level 1:colcon.colcon_core.environment:checking '/home/raghav/crazyflie_mapping_demo/ros2_ws/install/crazyflie/bin'
[1.208s] INFO:colcon.colcon_core.shell:Creating package script '/home/raghav/crazyflie_mapping_demo/ros2_ws/install/crazyflie/share/crazyflie/package.ps1'
[1.208s] INFO:colcon.colcon_core.shell:Creating package descriptor '/home/raghav/crazyflie_mapping_demo/ros2_ws/install/crazyflie/share/crazyflie/package.dsv'
[1.209s] INFO:colcon.colcon_core.shell:Creating package script '/home/raghav/crazyflie_mapping_demo/ros2_ws/install/crazyflie/share/crazyflie/package.sh'
[1.209s] INFO:colcon.colcon_core.shell:Creating package script '/home/raghav/crazyflie_mapping_demo/ros2_ws/install/crazyflie/share/crazyflie/package.bash'
[1.210s] INFO:colcon.colcon_core.shell:Creating package script '/home/raghav/crazyflie_mapping_demo/ros2_ws/install/crazyflie/share/crazyflie/package.zsh'
[1.210s] Level 1:colcon.colcon_core.environment:create_file_with_runtime_dependencies(/home/raghav/crazyflie_mapping_demo/ros2_ws/install/crazyflie/share/colcon-core/packages/crazyflie)
[1.211s] Level 1:colcon.colcon_core.environment:create_environment_scripts_only(crazyflie)
[1.211s] Level 1:colcon.colcon_core.environment:checking '/home/raghav/crazyflie_mapping_demo/ros2_ws/install/crazyflie' for CMake module files
[1.212s] Level 1:colcon.colcon_core.environment:checking '/home/raghav/crazyflie_mapping_demo/ros2_ws/install/crazyflie' for CMake config files
[1.212s] Level 1:colcon.colcon_core.shell:create_environment_hook('crazyflie', 'cmake_prefix_path')
[1.212s] INFO:colcon.colcon_core.shell:Creating environment hook '/home/raghav/crazyflie_mapping_demo/ros2_ws/install/crazyflie/share/crazyflie/hook/cmake_prefix_path.ps1'
[1.213s] INFO:colcon.colcon_core.shell:Creating environment descriptor '/home/raghav/crazyflie_mapping_demo/ros2_ws/install/crazyflie/share/crazyflie/hook/cmake_prefix_path.dsv'
[1.213s] INFO:colcon.colcon_core.shell:Creating environment hook '/home/raghav/crazyflie_mapping_demo/ros2_ws/install/crazyflie/share/crazyflie/hook/cmake_prefix_path.sh'
[1.214s] Level 1:colcon.colcon_core.environment:checking '/home/raghav/crazyflie_mapping_demo/ros2_ws/install/crazyflie/lib'
[1.214s] Level 1:colcon.colcon_core.environment:checking '/home/raghav/crazyflie_mapping_demo/ros2_ws/install/crazyflie/bin'
[1.214s] Level 1:colcon.colcon_core.environment:checking '/home/raghav/crazyflie_mapping_demo/ros2_ws/install/crazyflie/lib/pkgconfig/crazyflie.pc'
[1.214s] Level 1:colcon.colcon_core.environment:checking '/home/raghav/crazyflie_mapping_demo/ros2_ws/install/crazyflie/lib/python3.10/site-packages'
[1.215s] Level 1:colcon.colcon_core.environment:checking '/home/raghav/crazyflie_mapping_demo/ros2_ws/install/crazyflie/bin'
[1.215s] INFO:colcon.colcon_core.shell:Creating package script '/home/raghav/crazyflie_mapping_demo/ros2_ws/install/crazyflie/share/crazyflie/package.ps1'
[1.216s] INFO:colcon.colcon_core.shell:Creating package descriptor '/home/raghav/crazyflie_mapping_demo/ros2_ws/install/crazyflie/share/crazyflie/package.dsv'
[1.216s] INFO:colcon.colcon_core.shell:Creating package script '/home/raghav/crazyflie_mapping_demo/ros2_ws/install/crazyflie/share/crazyflie/package.sh'
[1.217s] INFO:colcon.colcon_core.shell:Creating package script '/home/raghav/crazyflie_mapping_demo/ros2_ws/install/crazyflie/share/crazyflie/package.bash'
[1.217s] INFO:colcon.colcon_core.shell:Creating package script '/home/raghav/crazyflie_mapping_demo/ros2_ws/install/crazyflie/share/crazyflie/package.zsh'
[1.218s] Level 1:colcon.colcon_core.environment:create_file_with_runtime_dependencies(/home/raghav/crazyflie_mapping_demo/ros2_ws/install/crazyflie/share/colcon-core/packages/crazyflie)
[1.279s] Level 1:colcon.colcon_core.environment:checking '/home/raghav/crazyflie_mapping_demo/ros2_ws/install/ros_gz_crazyflie_control' for CMake module files
[1.280s] DEBUG:colcon.colcon_core.event_handler.log_command:Invoked command in '/home/raghav/crazyflie_mapping_demo/ros2_ws/src/ros_gz_crazyflie/ros_gz_crazyflie_control' returned '0': PYTHONPATH=/home/raghav/crazyflie_mapping_demo/ros2_ws/build/ros_gz_crazyflie_control/prefix_override:/usr/lib/python3/dist-packages/colcon_core/task/python/colcon_distutils_commands:/home/raghav/crazyflie_mapping_demo/ros2_ws/install/ros_gz_crazyflie_control/lib/python3.10/site-packages:${PYTHONPATH} /usr/bin/python3 -W ignore:setup.py install is deprecated -W ignore:easy_install command is deprecated setup.py egg_info --egg-base ../../../build/ros_gz_crazyflie_control build --build-base /home/raghav/crazyflie_mapping_demo/ros2_ws/build/ros_gz_crazyflie_control/build install --record /home/raghav/crazyflie_mapping_demo/ros2_ws/build/ros_gz_crazyflie_control/install.log --single-version-externally-managed install_data
[1.281s] Level 1:colcon.colcon_core.environment:checking '/home/raghav/crazyflie_mapping_demo/ros2_ws/install/ros_gz_crazyflie_control' for CMake config files
[1.281s] Level 1:colcon.colcon_core.environment:checking '/home/raghav/crazyflie_mapping_demo/ros2_ws/install/ros_gz_crazyflie_control/lib'
[1.281s] Level 1:colcon.colcon_core.environment:checking '/home/raghav/crazyflie_mapping_demo/ros2_ws/install/ros_gz_crazyflie_control/bin'
[1.281s] Level 1:colcon.colcon_core.environment:checking '/home/raghav/crazyflie_mapping_demo/ros2_ws/install/ros_gz_crazyflie_control/lib/pkgconfig/ros_gz_crazyflie_control.pc'
[1.282s] Level 1:colcon.colcon_core.environment:checking '/home/raghav/crazyflie_mapping_demo/ros2_ws/install/ros_gz_crazyflie_control/lib/python3.10/site-packages'
[1.282s] Level 1:colcon.colcon_core.shell:create_environment_hook('ros_gz_crazyflie_control', 'pythonpath')
[1.282s] INFO:colcon.colcon_core.shell:Creating environment hook '/home/raghav/crazyflie_mapping_demo/ros2_ws/install/ros_gz_crazyflie_control/share/ros_gz_crazyflie_control/hook/pythonpath.ps1'
[1.283s] INFO:colcon.colcon_core.shell:Creating environment descriptor '/home/raghav/crazyflie_mapping_demo/ros2_ws/install/ros_gz_crazyflie_control/share/ros_gz_crazyflie_control/hook/pythonpath.dsv'
[1.283s] INFO:colcon.colcon_core.shell:Creating environment hook '/home/raghav/crazyflie_mapping_demo/ros2_ws/install/ros_gz_crazyflie_control/share/ros_gz_crazyflie_control/hook/pythonpath.sh'
[1.285s] Level 1:colcon.colcon_core.environment:checking '/home/raghav/crazyflie_mapping_demo/ros2_ws/install/ros_gz_crazyflie_control/bin'
[1.285s] Level 1:colcon.colcon_core.environment:create_environment_scripts_only(ros_gz_crazyflie_control)
[1.286s] INFO:colcon.colcon_core.shell:Creating package script '/home/raghav/crazyflie_mapping_demo/ros2_ws/install/ros_gz_crazyflie_control/share/ros_gz_crazyflie_control/package.ps1'
[1.287s] INFO:colcon.colcon_core.shell:Creating package descriptor '/home/raghav/crazyflie_mapping_demo/ros2_ws/install/ros_gz_crazyflie_control/share/ros_gz_crazyflie_control/package.dsv'
[1.287s] INFO:colcon.colcon_core.shell:Creating package script '/home/raghav/crazyflie_mapping_demo/ros2_ws/install/ros_gz_crazyflie_control/share/ros_gz_crazyflie_control/package.sh'
[1.288s] INFO:colcon.colcon_core.shell:Creating package script '/home/raghav/crazyflie_mapping_demo/ros2_ws/install/ros_gz_crazyflie_control/share/ros_gz_crazyflie_control/package.bash'
[1.288s] INFO:colcon.colcon_core.shell:Creating package script '/home/raghav/crazyflie_mapping_demo/ros2_ws/install/ros_gz_crazyflie_control/share/ros_gz_crazyflie_control/package.zsh'
[1.289s] Level 1:colcon.colcon_core.environment:create_file_with_runtime_dependencies(/home/raghav/crazyflie_mapping_demo/ros2_ws/install/ros_gz_crazyflie_control/share/colcon-core/packages/ros_gz_crazyflie_control)
[1.312s] DEBUG:colcon.colcon_core.event_handler.log_command:Invoking command in '/home/raghav/crazyflie_mapping_demo/ros2_ws/src/crazyswarm2/crazyflie_py': CMAKE_PREFIX_PATH=/home/raghav/crazyflie_mapping_demo/ros2_ws/install/crazyflie_interfaces:/home/raghav/crazyflie_mapping_demo/ros2_ws/install/crazyflie_ros2_multiranger_bringup:/home/raghav/crazyflie_mapping_demo/ros2_ws/install/ros_gz_crazyflie_bringup:/home/raghav/crazyflie_mapping_demo/ros2_ws/install/ros_gz_crazyflie_gazebo:/home/raghav/crazyflie_mapping_demo/ros2_ws/install/crazyflie_sim:/home/raghav/crazyflie_mapping_demo/ros2_ws/install/crazyflie_examples:/home/raghav/crazyflie_mapping_demo/ros2_ws/install/crazyflie PYTHONPATH=/home/raghav/crazyflie_mapping_demo/ros2_ws/build/crazyflie_py/prefix_override:/usr/lib/python3/dist-packages/colcon_core/task/python/colcon_distutils_commands:/home/raghav/crazyflie_mapping_demo/ros2_ws/install/crazyflie_py/lib/python3.10/site-packages:${PYTHONPATH} /usr/bin/python3 -W ignore:setup.py install is deprecated -W ignore:easy_install command is deprecated setup.py egg_info --egg-base ../../../build/crazyflie_py build --build-base /home/raghav/crazyflie_mapping_demo/ros2_ws/build/crazyflie_py/build install --record /home/raghav/crazyflie_mapping_demo/ros2_ws/build/crazyflie_py/install.log --single-version-externally-managed install_data
[1.348s] Level 1:colcon.colcon_core.environment:checking '/home/raghav/crazyflie_mapping_demo/ros2_ws/install/crazyflie_ros2_multiranger_wall_following' for CMake module files
[1.349s] DEBUG:colcon.colcon_core.event_handler.log_command:Invoked command in '/home/raghav/crazyflie_mapping_demo/ros2_ws/src/crazyflie_ros2_multiranger/crazyflie_ros2_multiranger_wall_following' returned '0': PYTHONPATH=/home/raghav/crazyflie_mapping_demo/ros2_ws/build/crazyflie_ros2_multiranger_wall_following/prefix_override:/usr/lib/python3/dist-packages/colcon_core/task/python/colcon_distutils_commands:/home/raghav/crazyflie_mapping_demo/ros2_ws/install/crazyflie_ros2_multiranger_wall_following/lib/python3.10/site-packages:${PYTHONPATH} /usr/bin/python3 -W ignore:setup.py install is deprecated -W ignore:easy_install command is deprecated setup.py egg_info --egg-base ../../../build/crazyflie_ros2_multiranger_wall_following build --build-base /home/raghav/crazyflie_mapping_demo/ros2_ws/build/crazyflie_ros2_multiranger_wall_following/build install --record /home/raghav/crazyflie_mapping_demo/ros2_ws/build/crazyflie_ros2_multiranger_wall_following/install.log --single-version-externally-managed install_data
[1.349s] Level 1:colcon.colcon_core.environment:checking '/home/raghav/crazyflie_mapping_demo/ros2_ws/install/crazyflie_ros2_multiranger_wall_following' for CMake config files
[1.350s] Level 1:colcon.colcon_core.environment:checking '/home/raghav/crazyflie_mapping_demo/ros2_ws/install/crazyflie_ros2_multiranger_wall_following/lib'
[1.350s] Level 1:colcon.colcon_core.environment:checking '/home/raghav/crazyflie_mapping_demo/ros2_ws/install/crazyflie_ros2_multiranger_wall_following/bin'
[1.351s] Level 1:colcon.colcon_core.environment:checking '/home/raghav/crazyflie_mapping_demo/ros2_ws/install/crazyflie_ros2_multiranger_wall_following/lib/pkgconfig/crazyflie_ros2_multiranger_wall_following.pc'
[1.351s] Level 1:colcon.colcon_core.environment:checking '/home/raghav/crazyflie_mapping_demo/ros2_ws/install/crazyflie_ros2_multiranger_wall_following/lib/python3.10/site-packages'
[1.351s] Level 1:colcon.colcon_core.shell:create_environment_hook('crazyflie_ros2_multiranger_wall_following', 'pythonpath')
[1.351s] INFO:colcon.colcon_core.shell:Creating environment hook '/home/raghav/crazyflie_mapping_demo/ros2_ws/install/crazyflie_ros2_multiranger_wall_following/share/crazyflie_ros2_multiranger_wall_following/hook/pythonpath.ps1'
[1.351s] INFO:colcon.colcon_core.shell:Creating environment descriptor '/home/raghav/crazyflie_mapping_demo/ros2_ws/install/crazyflie_ros2_multiranger_wall_following/share/crazyflie_ros2_multiranger_wall_following/hook/pythonpath.dsv'
[1.352s] INFO:colcon.colcon_core.shell:Creating environment hook '/home/raghav/crazyflie_mapping_demo/ros2_ws/install/crazyflie_ros2_multiranger_wall_following/share/crazyflie_ros2_multiranger_wall_following/hook/pythonpath.sh'
[1.352s] Level 1:colcon.colcon_core.environment:checking '/home/raghav/crazyflie_mapping_demo/ros2_ws/install/crazyflie_ros2_multiranger_wall_following/bin'
[1.352s] Level 1:colcon.colcon_core.environment:create_environment_scripts_only(crazyflie_ros2_multiranger_wall_following)
[1.353s] INFO:colcon.colcon_core.shell:Creating package script '/home/raghav/crazyflie_mapping_demo/ros2_ws/install/crazyflie_ros2_multiranger_wall_following/share/crazyflie_ros2_multiranger_wall_following/package.ps1'
[1.353s] INFO:colcon.colcon_core.shell:Creating package descriptor '/home/raghav/crazyflie_mapping_demo/ros2_ws/install/crazyflie_ros2_multiranger_wall_following/share/crazyflie_ros2_multiranger_wall_following/package.dsv'
[1.354s] INFO:colcon.colcon_core.shell:Creating package script '/home/raghav/crazyflie_mapping_demo/ros2_ws/install/crazyflie_ros2_multiranger_wall_following/share/crazyflie_ros2_multiranger_wall_following/package.sh'
[1.354s] INFO:colcon.colcon_core.shell:Creating package script '/home/raghav/crazyflie_mapping_demo/ros2_ws/install/crazyflie_ros2_multiranger_wall_following/share/crazyflie_ros2_multiranger_wall_following/package.bash'
[1.354s] INFO:colcon.colcon_core.shell:Creating package script '/home/raghav/crazyflie_mapping_demo/ros2_ws/install/crazyflie_ros2_multiranger_wall_following/share/crazyflie_ros2_multiranger_wall_following/package.zsh'
[1.354s] Level 1:colcon.colcon_core.environment:create_file_with_runtime_dependencies(/home/raghav/crazyflie_mapping_demo/ros2_ws/install/crazyflie_ros2_multiranger_wall_following/share/colcon-core/packages/crazyflie_ros2_multiranger_wall_following)
[1.363s] DEBUG:colcon.colcon_core.event_handler.log_command:Invoked command in '/home/raghav/crazyflie_mapping_demo/ros2_ws/build/crazyflie_sim' returned '0': CMAKE_PREFIX_PATH=/home/raghav/crazyflie_mapping_demo/ros2_ws/install/crazyflie_interfaces:/home/raghav/crazyflie_mapping_demo/ros2_ws/install/crazyflie_ros2_multiranger_bringup:/home/raghav/crazyflie_mapping_demo/ros2_ws/install/ros_gz_crazyflie_bringup:/home/raghav/crazyflie_mapping_demo/ros2_ws/install/ros_gz_crazyflie_gazebo:/home/raghav/crazyflie_mapping_demo/ros2_ws/install/crazyflie_sim:/home/raghav/crazyflie_mapping_demo/ros2_ws/install/crazyflie_examples:/home/raghav/crazyflie_mapping_demo/ros2_ws/install/crazyflie:/home/raghav/crazyflie_mapping_demo/ros2_ws/install/ros_gz_crazyflie_control:/home/raghav/crazyflie_mapping_demo/ros2_ws/install/crazyflie_ros2_multiranger_wall_following:/home/raghav/crazyflie_mapping_demo/ros2_ws/install/crazyflie_ros2_multiranger_simple_mapper:/home/raghav/crazyflie_mapping_demo/ros2_ws/install/crazyflie_py:/opt/ros/humble /usr/bin/cmake --build /home/raghav/crazyflie_mapping_demo/ros2_ws/build/crazyflie_sim -- -j20 -l20
[1.364s] DEBUG:colcon.colcon_core.event_handler.log_command:Invoking command in '/home/raghav/crazyflie_mapping_demo/ros2_ws/build/crazyflie_sim': CMAKE_PREFIX_PATH=/home/raghav/crazyflie_mapping_demo/ros2_ws/install/crazyflie_interfaces:/home/raghav/crazyflie_mapping_demo/ros2_ws/install/crazyflie_ros2_multiranger_bringup:/home/raghav/crazyflie_mapping_demo/ros2_ws/install/ros_gz_crazyflie_bringup:/home/raghav/crazyflie_mapping_demo/ros2_ws/install/ros_gz_crazyflie_gazebo:/home/raghav/crazyflie_mapping_demo/ros2_ws/install/crazyflie_sim:/home/raghav/crazyflie_mapping_demo/ros2_ws/install/crazyflie_examples:/home/raghav/crazyflie_mapping_demo/ros2_ws/install/crazyflie:/home/raghav/crazyflie_mapping_demo/ros2_ws/install/ros_gz_crazyflie_control:/home/raghav/crazyflie_mapping_demo/ros2_ws/install/crazyflie_ros2_multiranger_wall_following:/home/raghav/crazyflie_mapping_demo/ros2_ws/install/crazyflie_ros2_multiranger_simple_mapper:/home/raghav/crazyflie_mapping_demo/ros2_ws/install/crazyflie_py:/opt/ros/humble /usr/bin/cmake --install /home/raghav/crazyflie_mapping_demo/ros2_ws/build/crazyflie_sim
[1.382s] Level 1:colcon.colcon_core.environment:checking '/home/raghav/crazyflie_mapping_demo/ros2_ws/install/crazyflie_ros2_multiranger_simple_mapper' for CMake module files
[1.382s] DEBUG:colcon.colcon_core.event_handler.log_command:Invoked command in '/home/raghav/crazyflie_mapping_demo/ros2_ws/src/crazyflie_ros2_multiranger/crazyflie_ros2_multiranger_simple_mapper' returned '0': PYTHONPATH=/home/raghav/crazyflie_mapping_demo/ros2_ws/build/crazyflie_ros2_multiranger_simple_mapper/prefix_override:/usr/lib/python3/dist-packages/colcon_core/task/python/colcon_distutils_commands:/home/raghav/crazyflie_mapping_demo/ros2_ws/install/crazyflie_ros2_multiranger_simple_mapper/lib/python3.10/site-packages:${PYTHONPATH} /usr/bin/python3 -W ignore:setup.py install is deprecated -W ignore:easy_install command is deprecated setup.py egg_info --egg-base ../../../build/crazyflie_ros2_multiranger_simple_mapper build --build-base /home/raghav/crazyflie_mapping_demo/ros2_ws/build/crazyflie_ros2_multiranger_simple_mapper/build install --record /home/raghav/crazyflie_mapping_demo/ros2_ws/build/crazyflie_ros2_multiranger_simple_mapper/install.log --single-version-externally-managed install_data
[1.382s] Level 1:colcon.colcon_core.environment:checking '/home/raghav/crazyflie_mapping_demo/ros2_ws/install/crazyflie_ros2_multiranger_simple_mapper' for CMake config files
[1.383s] Level 1:colcon.colcon_core.environment:checking '/home/raghav/crazyflie_mapping_demo/ros2_ws/install/crazyflie_ros2_multiranger_simple_mapper/lib'
[1.383s] Level 1:colcon.colcon_core.environment:checking '/home/raghav/crazyflie_mapping_demo/ros2_ws/install/crazyflie_ros2_multiranger_simple_mapper/bin'
[1.383s] Level 1:colcon.colcon_core.environment:checking '/home/raghav/crazyflie_mapping_demo/ros2_ws/install/crazyflie_ros2_multiranger_simple_mapper/lib/pkgconfig/crazyflie_ros2_multiranger_simple_mapper.pc'
[1.383s] Level 1:colcon.colcon_core.environment:checking '/home/raghav/crazyflie_mapping_demo/ros2_ws/install/crazyflie_ros2_multiranger_simple_mapper/lib/python3.10/site-packages'
[1.383s] Level 1:colcon.colcon_core.shell:create_environment_hook('crazyflie_ros2_multiranger_simple_mapper', 'pythonpath')
[1.383s] INFO:colcon.colcon_core.shell:Creating environment hook '/home/raghav/crazyflie_mapping_demo/ros2_ws/install/crazyflie_ros2_multiranger_simple_mapper/share/crazyflie_ros2_multiranger_simple_mapper/hook/pythonpath.ps1'
[1.383s] INFO:colcon.colcon_core.shell:Creating environment descriptor '/home/raghav/crazyflie_mapping_demo/ros2_ws/install/crazyflie_ros2_multiranger_simple_mapper/share/crazyflie_ros2_multiranger_simple_mapper/hook/pythonpath.dsv'
[1.384s] INFO:colcon.colcon_core.shell:Creating environment hook '/home/raghav/crazyflie_mapping_demo/ros2_ws/install/crazyflie_ros2_multiranger_simple_mapper/share/crazyflie_ros2_multiranger_simple_mapper/hook/pythonpath.sh'
[1.384s] Level 1:colcon.colcon_core.environment:checking '/home/raghav/crazyflie_mapping_demo/ros2_ws/install/crazyflie_ros2_multiranger_simple_mapper/bin'
[1.384s] Level 1:colcon.colcon_core.environment:create_environment_scripts_only(crazyflie_ros2_multiranger_simple_mapper)
[1.384s] INFO:colcon.colcon_core.shell:Creating package script '/home/raghav/crazyflie_mapping_demo/ros2_ws/install/crazyflie_ros2_multiranger_simple_mapper/share/crazyflie_ros2_multiranger_simple_mapper/package.ps1'
[1.385s] INFO:colcon.colcon_core.shell:Creating package descriptor '/home/raghav/crazyflie_mapping_demo/ros2_ws/install/crazyflie_ros2_multiranger_simple_mapper/share/crazyflie_ros2_multiranger_simple_mapper/package.dsv'
[1.385s] INFO:colcon.colcon_core.shell:Creating package script '/home/raghav/crazyflie_mapping_demo/ros2_ws/install/crazyflie_ros2_multiranger_simple_mapper/share/crazyflie_ros2_multiranger_simple_mapper/package.sh'
[1.385s] INFO:colcon.colcon_core.shell:Creating package script '/home/raghav/crazyflie_mapping_demo/ros2_ws/install/crazyflie_ros2_multiranger_simple_mapper/share/crazyflie_ros2_multiranger_simple_mapper/package.bash'
[1.386s] INFO:colcon.colcon_core.shell:Creating package script '/home/raghav/crazyflie_mapping_demo/ros2_ws/install/crazyflie_ros2_multiranger_simple_mapper/share/crazyflie_ros2_multiranger_simple_mapper/package.zsh'
[1.386s] Level 1:colcon.colcon_core.environment:create_file_with_runtime_dependencies(/home/raghav/crazyflie_mapping_demo/ros2_ws/install/crazyflie_ros2_multiranger_simple_mapper/share/colcon-core/packages/crazyflie_ros2_multiranger_simple_mapper)
[1.405s] Level 1:colcon.colcon_core.environment:create_environment_scripts_only(crazyflie_sim)
[1.406s] Level 1:colcon.colcon_core.environment:checking '/home/raghav/crazyflie_mapping_demo/ros2_ws/install/crazyflie_sim' for CMake module files
[1.406s] DEBUG:colcon.colcon_core.event_handler.log_command:Invoked command in '/home/raghav/crazyflie_mapping_demo/ros2_ws/build/crazyflie_sim' returned '0': CMAKE_PREFIX_PATH=/home/raghav/crazyflie_mapping_demo/ros2_ws/install/crazyflie_interfaces:/home/raghav/crazyflie_mapping_demo/ros2_ws/install/crazyflie_ros2_multiranger_bringup:/home/raghav/crazyflie_mapping_demo/ros2_ws/install/ros_gz_crazyflie_bringup:/home/raghav/crazyflie_mapping_demo/ros2_ws/install/ros_gz_crazyflie_gazebo:/home/raghav/crazyflie_mapping_demo/ros2_ws/install/crazyflie_sim:/home/raghav/crazyflie_mapping_demo/ros2_ws/install/crazyflie_examples:/home/raghav/crazyflie_mapping_demo/ros2_ws/install/crazyflie:/home/raghav/crazyflie_mapping_demo/ros2_ws/install/ros_gz_crazyflie_control:/home/raghav/crazyflie_mapping_demo/ros2_ws/install/crazyflie_ros2_multiranger_wall_following:/home/raghav/crazyflie_mapping_demo/ros2_ws/install/crazyflie_ros2_multiranger_simple_mapper:/home/raghav/crazyflie_mapping_demo/ros2_ws/install/crazyflie_py:/opt/ros/humble /usr/bin/cmake --install /home/raghav/crazyflie_mapping_demo/ros2_ws/build/crazyflie_sim
[1.407s] Level 1:colcon.colcon_core.environment:checking '/home/raghav/crazyflie_mapping_demo/ros2_ws/install/crazyflie_sim' for CMake config files
[1.407s] Level 1:colcon.colcon_core.shell:create_environment_hook('crazyflie_sim', 'cmake_prefix_path')
[1.407s] INFO:colcon.colcon_core.shell:Creating environment hook '/home/raghav/crazyflie_mapping_demo/ros2_ws/install/crazyflie_sim/share/crazyflie_sim/hook/cmake_prefix_path.ps1'
[1.408s] INFO:colcon.colcon_core.shell:Creating environment descriptor '/home/raghav/crazyflie_mapping_demo/ros2_ws/install/crazyflie_sim/share/crazyflie_sim/hook/cmake_prefix_path.dsv'
[1.408s] INFO:colcon.colcon_core.shell:Creating environment hook '/home/raghav/crazyflie_mapping_demo/ros2_ws/install/crazyflie_sim/share/crazyflie_sim/hook/cmake_prefix_path.sh'
[1.409s] Level 1:colcon.colcon_core.environment:checking '/home/raghav/crazyflie_mapping_demo/ros2_ws/install/crazyflie_sim/lib'
[1.409s] Level 1:colcon.colcon_core.environment:checking '/home/raghav/crazyflie_mapping_demo/ros2_ws/install/crazyflie_sim/bin'
[1.409s] Level 1:colcon.colcon_core.environment:checking '/home/raghav/crazyflie_mapping_demo/ros2_ws/install/crazyflie_sim/lib/pkgconfig/crazyflie_sim.pc'
[1.410s] Level 1:colcon.colcon_core.environment:checking '/home/raghav/crazyflie_mapping_demo/ros2_ws/install/crazyflie_sim/lib/python3.10/site-packages'
[1.410s] Level 1:colcon.colcon_core.environment:checking '/home/raghav/crazyflie_mapping_demo/ros2_ws/install/crazyflie_sim/bin'
[1.410s] INFO:colcon.colcon_core.shell:Creating package script '/home/raghav/crazyflie_mapping_demo/ros2_ws/install/crazyflie_sim/share/crazyflie_sim/package.ps1'
[1.411s] INFO:colcon.colcon_core.shell:Creating package descriptor '/home/raghav/crazyflie_mapping_demo/ros2_ws/install/crazyflie_sim/share/crazyflie_sim/package.dsv'
[1.412s] INFO:colcon.colcon_core.shell:Creating package script '/home/raghav/crazyflie_mapping_demo/ros2_ws/install/crazyflie_sim/share/crazyflie_sim/package.sh'
[1.412s] INFO:colcon.colcon_core.shell:Creating package script '/home/raghav/crazyflie_mapping_demo/ros2_ws/install/crazyflie_sim/share/crazyflie_sim/package.bash'
[1.412s] INFO:colcon.colcon_core.shell:Creating package script '/home/raghav/crazyflie_mapping_demo/ros2_ws/install/crazyflie_sim/share/crazyflie_sim/package.zsh'
[1.413s] Level 1:colcon.colcon_core.environment:create_file_with_runtime_dependencies(/home/raghav/crazyflie_mapping_demo/ros2_ws/install/crazyflie_sim/share/colcon-core/packages/crazyflie_sim)
[1.413s] Level 1:colcon.colcon_core.environment:create_environment_scripts_only(crazyflie_sim)
[1.413s] Level 1:colcon.colcon_core.environment:checking '/home/raghav/crazyflie_mapping_demo/ros2_ws/install/crazyflie_sim' for CMake module files
[1.413s] Level 1:colcon.colcon_core.environment:checking '/home/raghav/crazyflie_mapping_demo/ros2_ws/install/crazyflie_sim' for CMake config files
[1.414s] Level 1:colcon.colcon_core.shell:create_environment_hook('crazyflie_sim', 'cmake_prefix_path')
[1.414s] INFO:colcon.colcon_core.shell:Creating environment hook '/home/raghav/crazyflie_mapping_demo/ros2_ws/install/crazyflie_sim/share/crazyflie_sim/hook/cmake_prefix_path.ps1'
[1.414s] INFO:colcon.colcon_core.shell:Creating environment descriptor '/home/raghav/crazyflie_mapping_demo/ros2_ws/install/crazyflie_sim/share/crazyflie_sim/hook/cmake_prefix_path.dsv'
[1.414s] INFO:colcon.colcon_core.shell:Creating environment hook '/home/raghav/crazyflie_mapping_demo/ros2_ws/install/crazyflie_sim/share/crazyflie_sim/hook/cmake_prefix_path.sh'
[1.414s] Level 1:colcon.colcon_core.environment:checking '/home/raghav/crazyflie_mapping_demo/ros2_ws/install/crazyflie_sim/lib'
[1.414s] Level 1:colcon.colcon_core.environment:checking '/home/raghav/crazyflie_mapping_demo/ros2_ws/install/crazyflie_sim/bin'
[1.414s] Level 1:colcon.colcon_core.environment:checking '/home/raghav/crazyflie_mapping_demo/ros2_ws/install/crazyflie_sim/lib/pkgconfig/crazyflie_sim.pc'
[1.415s] Level 1:colcon.colcon_core.environment:checking '/home/raghav/crazyflie_mapping_demo/ros2_ws/install/crazyflie_sim/lib/python3.10/site-packages'
[1.415s] Level 1:colcon.colcon_core.environment:checking '/home/raghav/crazyflie_mapping_demo/ros2_ws/install/crazyflie_sim/bin'
[1.415s] INFO:colcon.colcon_core.shell:Creating package script '/home/raghav/crazyflie_mapping_demo/ros2_ws/install/crazyflie_sim/share/crazyflie_sim/package.ps1'
[1.415s] INFO:colcon.colcon_core.shell:Creating package descriptor '/home/raghav/crazyflie_mapping_demo/ros2_ws/install/crazyflie_sim/share/crazyflie_sim/package.dsv'
[1.416s] INFO:colcon.colcon_core.shell:Creating package script '/home/raghav/crazyflie_mapping_demo/ros2_ws/install/crazyflie_sim/share/crazyflie_sim/package.sh'
[1.416s] INFO:colcon.colcon_core.shell:Creating package script '/home/raghav/crazyflie_mapping_demo/ros2_ws/install/crazyflie_sim/share/crazyflie_sim/package.bash'
[1.416s] INFO:colcon.colcon_core.shell:Creating package script '/home/raghav/crazyflie_mapping_demo/ros2_ws/install/crazyflie_sim/share/crazyflie_sim/package.zsh'
[1.416s] Level 1:colcon.colcon_core.environment:create_file_with_runtime_dependencies(/home/raghav/crazyflie_mapping_demo/ros2_ws/install/crazyflie_sim/share/colcon-core/packages/crazyflie_sim)
[1.488s] Level 1:colcon.colcon_core.environment:checking '/home/raghav/crazyflie_mapping_demo/ros2_ws/install/crazyflie_py' for CMake module files
[1.488s] DEBUG:colcon.colcon_core.event_handler.log_command:Invoked command in '/home/raghav/crazyflie_mapping_demo/ros2_ws/src/crazyswarm2/crazyflie_py' returned '0': CMAKE_PREFIX_PATH=/home/raghav/crazyflie_mapping_demo/ros2_ws/install/crazyflie_interfaces:/home/raghav/crazyflie_mapping_demo/ros2_ws/install/crazyflie_ros2_multiranger_bringup:/home/raghav/crazyflie_mapping_demo/ros2_ws/install/ros_gz_crazyflie_bringup:/home/raghav/crazyflie_mapping_demo/ros2_ws/install/ros_gz_crazyflie_gazebo:/home/raghav/crazyflie_mapping_demo/ros2_ws/install/crazyflie_sim:/home/raghav/crazyflie_mapping_demo/ros2_ws/install/crazyflie_examples:/home/raghav/crazyflie_mapping_demo/ros2_ws/install/crazyflie PYTHONPATH=/home/raghav/crazyflie_mapping_demo/ros2_ws/build/crazyflie_py/prefix_override:/usr/lib/python3/dist-packages/colcon_core/task/python/colcon_distutils_commands:/home/raghav/crazyflie_mapping_demo/ros2_ws/install/crazyflie_py/lib/python3.10/site-packages:${PYTHONPATH} /usr/bin/python3 -W ignore:setup.py install is deprecated -W ignore:easy_install command is deprecated setup.py egg_info --egg-base ../../../build/crazyflie_py build --build-base /home/raghav/crazyflie_mapping_demo/ros2_ws/build/crazyflie_py/build install --record /home/raghav/crazyflie_mapping_demo/ros2_ws/build/crazyflie_py/install.log --single-version-externally-managed install_data
[1.489s] Level 1:colcon.colcon_core.environment:checking '/home/raghav/crazyflie_mapping_demo/ros2_ws/install/crazyflie_py' for CMake config files
[1.489s] Level 1:colcon.colcon_core.environment:checking '/home/raghav/crazyflie_mapping_demo/ros2_ws/install/crazyflie_py/lib'
[1.489s] Level 1:colcon.colcon_core.environment:checking '/home/raghav/crazyflie_mapping_demo/ros2_ws/install/crazyflie_py/bin'
[1.489s] Level 1:colcon.colcon_core.environment:checking '/home/raghav/crazyflie_mapping_demo/ros2_ws/install/crazyflie_py/lib/pkgconfig/crazyflie_py.pc'
[1.490s] Level 1:colcon.colcon_core.environment:checking '/home/raghav/crazyflie_mapping_demo/ros2_ws/install/crazyflie_py/lib/python3.10/site-packages'
[1.490s] Level 1:colcon.colcon_core.shell:create_environment_hook('crazyflie_py', 'pythonpath')
[1.490s] INFO:colcon.colcon_core.shell:Creating environment hook '/home/raghav/crazyflie_mapping_demo/ros2_ws/install/crazyflie_py/share/crazyflie_py/hook/pythonpath.ps1'
[1.491s] INFO:colcon.colcon_core.shell:Creating environment descriptor '/home/raghav/crazyflie_mapping_demo/ros2_ws/install/crazyflie_py/share/crazyflie_py/hook/pythonpath.dsv'
[1.491s] INFO:colcon.colcon_core.shell:Creating environment hook '/home/raghav/crazyflie_mapping_demo/ros2_ws/install/crazyflie_py/share/crazyflie_py/hook/pythonpath.sh'
[1.492s] Level 1:colcon.colcon_core.environment:checking '/home/raghav/crazyflie_mapping_demo/ros2_ws/install/crazyflie_py/bin'
[1.492s] Level 1:colcon.colcon_core.environment:create_environment_scripts_only(crazyflie_py)
[1.493s] INFO:colcon.colcon_core.shell:Creating package script '/home/raghav/crazyflie_mapping_demo/ros2_ws/install/crazyflie_py/share/crazyflie_py/package.ps1'
[1.493s] INFO:colcon.colcon_core.shell:Creating package descriptor '/home/raghav/crazyflie_mapping_demo/ros2_ws/install/crazyflie_py/share/crazyflie_py/package.dsv'
[1.494s] INFO:colcon.colcon_core.shell:Creating package script '/home/raghav/crazyflie_mapping_demo/ros2_ws/install/crazyflie_py/share/crazyflie_py/package.sh'
[1.494s] INFO:colcon.colcon_core.shell:Creating package script '/home/raghav/crazyflie_mapping_demo/ros2_ws/install/crazyflie_py/share/crazyflie_py/package.bash'
[1.495s] INFO:colcon.colcon_core.shell:Creating package script '/home/raghav/crazyflie_mapping_demo/ros2_ws/install/crazyflie_py/share/crazyflie_py/package.zsh'
[1.495s] Level 1:colcon.colcon_core.environment:create_file_with_runtime_dependencies(/home/raghav/crazyflie_mapping_demo/ros2_ws/install/crazyflie_py/share/colcon-core/packages/crazyflie_py)
[1.496s] INFO:colcon.colcon_ros.task.ament_cmake.build:Building ROS package in '/home/raghav/crazyflie_mapping_demo/ros2_ws/src/crazyswarm2/crazyflie_examples' with build type 'ament_cmake'
[1.496s] INFO:colcon.colcon_cmake.task.cmake.build:Building CMake package in '/home/raghav/crazyflie_mapping_demo/ros2_ws/src/crazyswarm2/crazyflie_examples'
[1.496s] INFO:colcon.colcon_core.shell:Skip shell extension 'powershell' for command environment: Not usable outside of PowerShell
[1.496s] DEBUG:colcon.colcon_core.shell:Skip shell extension 'dsv' for command environment
[1.508s] DEBUG:colcon.colcon_core.event_handler.log_command:Invoking command in '/home/raghav/crazyflie_mapping_demo/ros2_ws/build/crazyflie_examples': AMENT_PREFIX_PATH=/home/raghav/crazyflie_mapping_demo/ros2_ws/install/crazyflie_py:/home/raghav/crazyflie_mapping_demo/ros2_ws/install/crazyflie_ros2_multiranger_bringup:/home/raghav/crazyflie_mapping_demo/ros2_ws/install/ros_gz_crazyflie_bringup:/home/raghav/crazyflie_mapping_demo/ros2_ws/install/ros_gz_crazyflie_gazebo:/home/raghav/crazyflie_mapping_demo/ros2_ws/install/ros_gz_crazyflie_control:/home/raghav/crazyflie_mapping_demo/ros2_ws/install/crazyflie_sim:/home/raghav/crazyflie_mapping_demo/ros2_ws/install/crazyflie_ros2_multiranger_wall_following:/home/raghav/crazyflie_mapping_demo/ros2_ws/install/crazyflie_ros2_multiranger_simple_mapper:/home/raghav/crazyflie_mapping_demo/ros2_ws/install/crazyflie_examples:/home/raghav/crazyflie_mapping_demo/ros2_ws/install/crazyflie:/home/raghav/crazyflie_mapping_demo/ros2_ws/install/crazyflie_interfaces:/opt/ros/humble CMAKE_PREFIX_PATH=/home/raghav/crazyflie_mapping_demo/ros2_ws/install/crazyflie_interfaces:/home/raghav/crazyflie_mapping_demo/ros2_ws/install/crazyflie_ros2_multiranger_bringup:/home/raghav/crazyflie_mapping_demo/ros2_ws/install/ros_gz_crazyflie_bringup:/home/raghav/crazyflie_mapping_demo/ros2_ws/install/ros_gz_crazyflie_gazebo:/home/raghav/crazyflie_mapping_demo/ros2_ws/install/crazyflie_sim:/home/raghav/crazyflie_mapping_demo/ros2_ws/install/crazyflie_examples:/home/raghav/crazyflie_mapping_demo/ros2_ws/install/crazyflie:/home/raghav/crazyflie_mapping_demo/ros2_ws/install/ros_gz_crazyflie_control:/home/raghav/crazyflie_mapping_demo/ros2_ws/install/crazyflie_ros2_multiranger_wall_following:/home/raghav/crazyflie_mapping_demo/ros2_ws/install/crazyflie_ros2_multiranger_simple_mapper:/home/raghav/crazyflie_mapping_demo/ros2_ws/install/crazyflie_py:/opt/ros/humble PYTHONPATH=/home/raghav/crazyflie_mapping_demo/ros2_ws/install/crazyflie_py/lib/python3.10/site-packages:/home/raghav/crazyflie_mapping_demo/ros2_ws/install/ros_gz_crazyflie_control/lib/python3.10/site-packages:/home/raghav/crazyflie_mapping_demo/ros2_ws/install/crazyflie_sim/local/lib/python3.10/dist-packages:/home/raghav/crazyflie_mapping_demo/ros2_ws/install/crazyflie_ros2_multiranger_wall_following/lib/python3.10/site-packages:/home/raghav/crazyflie_mapping_demo/ros2_ws/install/crazyflie_ros2_multiranger_simple_mapper/lib/python3.10/site-packages:/home/raghav/crazyflie_mapping_demo/ros2_ws/install/crazyflie_examples/local/lib/python3.10/dist-packages:/home/raghav/crazyflie_mapping_demo/ros2_ws/install/crazyflie_interfaces/local/lib/python3.10/dist-packages:/opt/ros/humble/lib/python3.10/site-packages:/opt/ros/humble/local/lib/python3.10/dist-packages /usr/bin/cmake --build /home/raghav/crazyflie_mapping_demo/ros2_ws/build/crazyflie_examples -- -j20 -l20
[1.779s] DEBUG:colcon.colcon_core.event_handler.log_command:Invoked command in '/home/raghav/crazyflie_mapping_demo/ros2_ws/build/crazyflie_examples' returned '0': AMENT_PREFIX_PATH=/home/raghav/crazyflie_mapping_demo/ros2_ws/install/crazyflie_py:/home/raghav/crazyflie_mapping_demo/ros2_ws/install/crazyflie_ros2_multiranger_bringup:/home/raghav/crazyflie_mapping_demo/ros2_ws/install/ros_gz_crazyflie_bringup:/home/raghav/crazyflie_mapping_demo/ros2_ws/install/ros_gz_crazyflie_gazebo:/home/raghav/crazyflie_mapping_demo/ros2_ws/install/ros_gz_crazyflie_control:/home/raghav/crazyflie_mapping_demo/ros2_ws/install/crazyflie_sim:/home/raghav/crazyflie_mapping_demo/ros2_ws/install/crazyflie_ros2_multiranger_wall_following:/home/raghav/crazyflie_mapping_demo/ros2_ws/install/crazyflie_ros2_multiranger_simple_mapper:/home/raghav/crazyflie_mapping_demo/ros2_ws/install/crazyflie_examples:/home/raghav/crazyflie_mapping_demo/ros2_ws/install/crazyflie:/home/raghav/crazyflie_mapping_demo/ros2_ws/install/crazyflie_interfaces:/opt/ros/humble CMAKE_PREFIX_PATH=/home/raghav/crazyflie_mapping_demo/ros2_ws/install/crazyflie_interfaces:/home/raghav/crazyflie_mapping_demo/ros2_ws/install/crazyflie_ros2_multiranger_bringup:/home/raghav/crazyflie_mapping_demo/ros2_ws/install/ros_gz_crazyflie_bringup:/home/raghav/crazyflie_mapping_demo/ros2_ws/install/ros_gz_crazyflie_gazebo:/home/raghav/crazyflie_mapping_demo/ros2_ws/install/crazyflie_sim:/home/raghav/crazyflie_mapping_demo/ros2_ws/install/crazyflie_examples:/home/raghav/crazyflie_mapping_demo/ros2_ws/install/crazyflie:/home/raghav/crazyflie_mapping_demo/ros2_ws/install/ros_gz_crazyflie_control:/home/raghav/crazyflie_mapping_demo/ros2_ws/install/crazyflie_ros2_multiranger_wall_following:/home/raghav/crazyflie_mapping_demo/ros2_ws/install/crazyflie_ros2_multiranger_simple_mapper:/home/raghav/crazyflie_mapping_demo/ros2_ws/install/crazyflie_py:/opt/ros/humble PYTHONPATH=/home/raghav/crazyflie_mapping_demo/ros2_ws/install/crazyflie_py/lib/python3.10/site-packages:/home/raghav/crazyflie_mapping_demo/ros2_ws/install/ros_gz_crazyflie_control/lib/python3.10/site-packages:/home/raghav/crazyflie_mapping_demo/ros2_ws/install/crazyflie_sim/local/lib/python3.10/dist-packages:/home/raghav/crazyflie_mapping_demo/ros2_ws/install/crazyflie_ros2_multiranger_wall_following/lib/python3.10/site-packages:/home/raghav/crazyflie_mapping_demo/ros2_ws/install/crazyflie_ros2_multiranger_simple_mapper/lib/python3.10/site-packages:/home/raghav/crazyflie_mapping_demo/ros2_ws/install/crazyflie_examples/local/lib/python3.10/dist-packages:/home/raghav/crazyflie_mapping_demo/ros2_ws/install/crazyflie_interfaces/local/lib/python3.10/dist-packages:/opt/ros/humble/lib/python3.10/site-packages:/opt/ros/humble/local/lib/python3.10/dist-packages /usr/bin/cmake --build /home/raghav/crazyflie_mapping_demo/ros2_ws/build/crazyflie_examples -- -j20 -l20
[1.780s] DEBUG:colcon.colcon_core.event_handler.log_command:Invoking command in '/home/raghav/crazyflie_mapping_demo/ros2_ws/build/crazyflie_examples': AMENT_PREFIX_PATH=/home/raghav/crazyflie_mapping_demo/ros2_ws/install/crazyflie_py:/home/raghav/crazyflie_mapping_demo/ros2_ws/install/crazyflie_ros2_multiranger_bringup:/home/raghav/crazyflie_mapping_demo/ros2_ws/install/ros_gz_crazyflie_bringup:/home/raghav/crazyflie_mapping_demo/ros2_ws/install/ros_gz_crazyflie_gazebo:/home/raghav/crazyflie_mapping_demo/ros2_ws/install/ros_gz_crazyflie_control:/home/raghav/crazyflie_mapping_demo/ros2_ws/install/crazyflie_sim:/home/raghav/crazyflie_mapping_demo/ros2_ws/install/crazyflie_ros2_multiranger_wall_following:/home/raghav/crazyflie_mapping_demo/ros2_ws/install/crazyflie_ros2_multiranger_simple_mapper:/home/raghav/crazyflie_mapping_demo/ros2_ws/install/crazyflie_examples:/home/raghav/crazyflie_mapping_demo/ros2_ws/install/crazyflie:/home/raghav/crazyflie_mapping_demo/ros2_ws/install/crazyflie_interfaces:/opt/ros/humble CMAKE_PREFIX_PATH=/home/raghav/crazyflie_mapping_demo/ros2_ws/install/crazyflie_interfaces:/home/raghav/crazyflie_mapping_demo/ros2_ws/install/crazyflie_ros2_multiranger_bringup:/home/raghav/crazyflie_mapping_demo/ros2_ws/install/ros_gz_crazyflie_bringup:/home/raghav/crazyflie_mapping_demo/ros2_ws/install/ros_gz_crazyflie_gazebo:/home/raghav/crazyflie_mapping_demo/ros2_ws/install/crazyflie_sim:/home/raghav/crazyflie_mapping_demo/ros2_ws/install/crazyflie_examples:/home/raghav/crazyflie_mapping_demo/ros2_ws/install/crazyflie:/home/raghav/crazyflie_mapping_demo/ros2_ws/install/ros_gz_crazyflie_control:/home/raghav/crazyflie_mapping_demo/ros2_ws/install/crazyflie_ros2_multiranger_wall_following:/home/raghav/crazyflie_mapping_demo/ros2_ws/install/crazyflie_ros2_multiranger_simple_mapper:/home/raghav/crazyflie_mapping_demo/ros2_ws/install/crazyflie_py:/opt/ros/humble PYTHONPATH=/home/raghav/crazyflie_mapping_demo/ros2_ws/install/crazyflie_py/lib/python3.10/site-packages:/home/raghav/crazyflie_mapping_demo/ros2_ws/install/ros_gz_crazyflie_control/lib/python3.10/site-packages:/home/raghav/crazyflie_mapping_demo/ros2_ws/install/crazyflie_sim/local/lib/python3.10/dist-packages:/home/raghav/crazyflie_mapping_demo/ros2_ws/install/crazyflie_ros2_multiranger_wall_following/lib/python3.10/site-packages:/home/raghav/crazyflie_mapping_demo/ros2_ws/install/crazyflie_ros2_multiranger_simple_mapper/lib/python3.10/site-packages:/home/raghav/crazyflie_mapping_demo/ros2_ws/install/crazyflie_examples/local/lib/python3.10/dist-packages:/home/raghav/crazyflie_mapping_demo/ros2_ws/install/crazyflie_interfaces/local/lib/python3.10/dist-packages:/opt/ros/humble/lib/python3.10/site-packages:/opt/ros/humble/local/lib/python3.10/dist-packages /usr/bin/cmake --install /home/raghav/crazyflie_mapping_demo/ros2_ws/build/crazyflie_examples
[1.828s] Level 1:colcon.colcon_core.environment:create_environment_scripts_only(crazyflie_examples)
[1.828s] Level 1:colcon.colcon_core.environment:checking '/home/raghav/crazyflie_mapping_demo/ros2_ws/install/crazyflie_examples' for CMake module files
[1.829s] DEBUG:colcon.colcon_core.event_handler.log_command:Invoked command in '/home/raghav/crazyflie_mapping_demo/ros2_ws/build/crazyflie_examples' returned '0': AMENT_PREFIX_PATH=/home/raghav/crazyflie_mapping_demo/ros2_ws/install/crazyflie_py:/home/raghav/crazyflie_mapping_demo/ros2_ws/install/crazyflie_ros2_multiranger_bringup:/home/raghav/crazyflie_mapping_demo/ros2_ws/install/ros_gz_crazyflie_bringup:/home/raghav/crazyflie_mapping_demo/ros2_ws/install/ros_gz_crazyflie_gazebo:/home/raghav/crazyflie_mapping_demo/ros2_ws/install/ros_gz_crazyflie_control:/home/raghav/crazyflie_mapping_demo/ros2_ws/install/crazyflie_sim:/home/raghav/crazyflie_mapping_demo/ros2_ws/install/crazyflie_ros2_multiranger_wall_following:/home/raghav/crazyflie_mapping_demo/ros2_ws/install/crazyflie_ros2_multiranger_simple_mapper:/home/raghav/crazyflie_mapping_demo/ros2_ws/install/crazyflie_examples:/home/raghav/crazyflie_mapping_demo/ros2_ws/install/crazyflie:/home/raghav/crazyflie_mapping_demo/ros2_ws/install/crazyflie_interfaces:/opt/ros/humble CMAKE_PREFIX_PATH=/home/raghav/crazyflie_mapping_demo/ros2_ws/install/crazyflie_interfaces:/home/raghav/crazyflie_mapping_demo/ros2_ws/install/crazyflie_ros2_multiranger_bringup:/home/raghav/crazyflie_mapping_demo/ros2_ws/install/ros_gz_crazyflie_bringup:/home/raghav/crazyflie_mapping_demo/ros2_ws/install/ros_gz_crazyflie_gazebo:/home/raghav/crazyflie_mapping_demo/ros2_ws/install/crazyflie_sim:/home/raghav/crazyflie_mapping_demo/ros2_ws/install/crazyflie_examples:/home/raghav/crazyflie_mapping_demo/ros2_ws/install/crazyflie:/home/raghav/crazyflie_mapping_demo/ros2_ws/install/ros_gz_crazyflie_control:/home/raghav/crazyflie_mapping_demo/ros2_ws/install/crazyflie_ros2_multiranger_wall_following:/home/raghav/crazyflie_mapping_demo/ros2_ws/install/crazyflie_ros2_multiranger_simple_mapper:/home/raghav/crazyflie_mapping_demo/ros2_ws/install/crazyflie_py:/opt/ros/humble PYTHONPATH=/home/raghav/crazyflie_mapping_demo/ros2_ws/install/crazyflie_py/lib/python3.10/site-packages:/home/raghav/crazyflie_mapping_demo/ros2_ws/install/ros_gz_crazyflie_control/lib/python3.10/site-packages:/home/raghav/crazyflie_mapping_demo/ros2_ws/install/crazyflie_sim/local/lib/python3.10/dist-packages:/home/raghav/crazyflie_mapping_demo/ros2_ws/install/crazyflie_ros2_multiranger_wall_following/lib/python3.10/site-packages:/home/raghav/crazyflie_mapping_demo/ros2_ws/install/crazyflie_ros2_multiranger_simple_mapper/lib/python3.10/site-packages:/home/raghav/crazyflie_mapping_demo/ros2_ws/install/crazyflie_examples/local/lib/python3.10/dist-packages:/home/raghav/crazyflie_mapping_demo/ros2_ws/install/crazyflie_interfaces/local/lib/python3.10/dist-packages:/opt/ros/humble/lib/python3.10/site-packages:/opt/ros/humble/local/lib/python3.10/dist-packages /usr/bin/cmake --install /home/raghav/crazyflie_mapping_demo/ros2_ws/build/crazyflie_examples
[1.829s] Level 1:colcon.colcon_core.environment:checking '/home/raghav/crazyflie_mapping_demo/ros2_ws/install/crazyflie_examples' for CMake config files
[1.830s] Level 1:colcon.colcon_core.shell:create_environment_hook('crazyflie_examples', 'cmake_prefix_path')
[1.830s] INFO:colcon.colcon_core.shell:Creating environment hook '/home/raghav/crazyflie_mapping_demo/ros2_ws/install/crazyflie_examples/share/crazyflie_examples/hook/cmake_prefix_path.ps1'
[1.831s] INFO:colcon.colcon_core.shell:Creating environment descriptor '/home/raghav/crazyflie_mapping_demo/ros2_ws/install/crazyflie_examples/share/crazyflie_examples/hook/cmake_prefix_path.dsv'
[1.831s] INFO:colcon.colcon_core.shell:Creating environment hook '/home/raghav/crazyflie_mapping_demo/ros2_ws/install/crazyflie_examples/share/crazyflie_examples/hook/cmake_prefix_path.sh'
[1.832s] Level 1:colcon.colcon_core.environment:checking '/home/raghav/crazyflie_mapping_demo/ros2_ws/install/crazyflie_examples/lib'
[1.832s] Level 1:colcon.colcon_core.environment:checking '/home/raghav/crazyflie_mapping_demo/ros2_ws/install/crazyflie_examples/bin'
[1.832s] Level 1:colcon.colcon_core.environment:checking '/home/raghav/crazyflie_mapping_demo/ros2_ws/install/crazyflie_examples/lib/pkgconfig/crazyflie_examples.pc'
[1.832s] Level 1:colcon.colcon_core.environment:checking '/home/raghav/crazyflie_mapping_demo/ros2_ws/install/crazyflie_examples/lib/python3.10/site-packages'
[1.833s] Level 1:colcon.colcon_core.environment:checking '/home/raghav/crazyflie_mapping_demo/ros2_ws/install/crazyflie_examples/bin'
[1.833s] INFO:colcon.colcon_core.shell:Creating package script '/home/raghav/crazyflie_mapping_demo/ros2_ws/install/crazyflie_examples/share/crazyflie_examples/package.ps1'
[1.834s] INFO:colcon.colcon_core.shell:Creating package descriptor '/home/raghav/crazyflie_mapping_demo/ros2_ws/install/crazyflie_examples/share/crazyflie_examples/package.dsv'
[1.834s] INFO:colcon.colcon_core.shell:Creating package script '/home/raghav/crazyflie_mapping_demo/ros2_ws/install/crazyflie_examples/share/crazyflie_examples/package.sh'
[1.835s] INFO:colcon.colcon_core.shell:Creating package script '/home/raghav/crazyflie_mapping_demo/ros2_ws/install/crazyflie_examples/share/crazyflie_examples/package.bash'
[1.835s] INFO:colcon.colcon_core.shell:Creating package script '/home/raghav/crazyflie_mapping_demo/ros2_ws/install/crazyflie_examples/share/crazyflie_examples/package.zsh'
[1.835s] Level 1:colcon.colcon_core.environment:create_file_with_runtime_dependencies(/home/raghav/crazyflie_mapping_demo/ros2_ws/install/crazyflie_examples/share/colcon-core/packages/crazyflie_examples)
[1.836s] Level 1:colcon.colcon_core.environment:create_environment_scripts_only(crazyflie_examples)
[1.836s] Level 1:colcon.colcon_core.environment:checking '/home/raghav/crazyflie_mapping_demo/ros2_ws/install/crazyflie_examples' for CMake module files
[1.837s] Level 1:colcon.colcon_core.environment:checking '/home/raghav/crazyflie_mapping_demo/ros2_ws/install/crazyflie_examples' for CMake config files
[1.838s] Level 1:colcon.colcon_core.shell:create_environment_hook('crazyflie_examples', 'cmake_prefix_path')
[1.838s] INFO:colcon.colcon_core.shell:Creating environment hook '/home/raghav/crazyflie_mapping_demo/ros2_ws/install/crazyflie_examples/share/crazyflie_examples/hook/cmake_prefix_path.ps1'
[1.838s] INFO:colcon.colcon_core.shell:Creating environment descriptor '/home/raghav/crazyflie_mapping_demo/ros2_ws/install/crazyflie_examples/share/crazyflie_examples/hook/cmake_prefix_path.dsv'
[1.839s] INFO:colcon.colcon_core.shell:Creating environment hook '/home/raghav/crazyflie_mapping_demo/ros2_ws/install/crazyflie_examples/share/crazyflie_examples/hook/cmake_prefix_path.sh'
[1.839s] Level 1:colcon.colcon_core.environment:checking '/home/raghav/crazyflie_mapping_demo/ros2_ws/install/crazyflie_examples/lib'
[1.839s] Level 1:colcon.colcon_core.environment:checking '/home/raghav/crazyflie_mapping_demo/ros2_ws/install/crazyflie_examples/bin'
[1.840s] Level 1:colcon.colcon_core.environment:checking '/home/raghav/crazyflie_mapping_demo/ros2_ws/install/crazyflie_examples/lib/pkgconfig/crazyflie_examples.pc'
[1.840s] Level 1:colcon.colcon_core.environment:checking '/home/raghav/crazyflie_mapping_demo/ros2_ws/install/crazyflie_examples/lib/python3.10/site-packages'
[1.840s] Level 1:colcon.colcon_core.environment:checking '/home/raghav/crazyflie_mapping_demo/ros2_ws/install/crazyflie_examples/bin'
[1.840s] INFO:colcon.colcon_core.shell:Creating package script '/home/raghav/crazyflie_mapping_demo/ros2_ws/install/crazyflie_examples/share/crazyflie_examples/package.ps1'
[1.841s] INFO:colcon.colcon_core.shell:Creating package descriptor '/home/raghav/crazyflie_mapping_demo/ros2_ws/install/crazyflie_examples/share/crazyflie_examples/package.dsv'
[1.841s] INFO:colcon.colcon_core.shell:Creating package script '/home/raghav/crazyflie_mapping_demo/ros2_ws/install/crazyflie_examples/share/crazyflie_examples/package.sh'
[1.842s] INFO:colcon.colcon_core.shell:Creating package script '/home/raghav/crazyflie_mapping_demo/ros2_ws/install/crazyflie_examples/share/crazyflie_examples/package.bash'
[1.842s] INFO:colcon.colcon_core.shell:Creating package script '/home/raghav/crazyflie_mapping_demo/ros2_ws/install/crazyflie_examples/share/crazyflie_examples/package.zsh'
[1.842s] Level 1:colcon.colcon_core.environment:create_file_with_runtime_dependencies(/home/raghav/crazyflie_mapping_demo/ros2_ws/install/crazyflie_examples/share/colcon-core/packages/crazyflie_examples)
[1.842s] DEBUG:colcon.colcon_parallel_executor.executor.parallel:closing loop
[1.842s] DEBUG:colcon.colcon_parallel_executor.executor.parallel:loop closed
[1.842s] DEBUG:colcon.colcon_parallel_executor.executor.parallel:run_until_complete finished with '0'
[1.842s] DEBUG:colcon.colcon_core.event_reactor:joining thread
[1.847s] INFO:colcon.colcon_core.plugin_system:Skipping extension 'colcon_notification.desktop_notification.terminal_notifier': Not used on non-Darwin systems
[1.848s] INFO:colcon.colcon_core.plugin_system:Skipping extension 'colcon_notification.desktop_notification.win32': Not used on non-Windows systems
[1.848s] INFO:colcon.colcon_notification.desktop_notification:Sending desktop notification using 'notify2'
[1.860s] DEBUG:colcon.colcon_core.event_reactor:joined thread
[1.861s] INFO:colcon.colcon_core.shell:Creating prefix script '/home/raghav/crazyflie_mapping_demo/ros2_ws/install/local_setup.ps1'
[1.861s] INFO:colcon.colcon_core.shell:Creating prefix util module '/home/raghav/crazyflie_mapping_demo/ros2_ws/install/_local_setup_util_ps1.py'
[1.862s] INFO:colcon.colcon_core.shell:Creating prefix chain script '/home/raghav/crazyflie_mapping_demo/ros2_ws/install/setup.ps1'
[1.863s] INFO:colcon.colcon_core.shell:Creating prefix script '/home/raghav/crazyflie_mapping_demo/ros2_ws/install/local_setup.sh'
[1.864s] INFO:colcon.colcon_core.shell:Creating prefix util module '/home/raghav/crazyflie_mapping_demo/ros2_ws/install/_local_setup_util_sh.py'
[1.864s] INFO:colcon.colcon_core.shell:Creating prefix chain script '/home/raghav/crazyflie_mapping_demo/ros2_ws/install/setup.sh'
[1.865s] INFO:colcon.colcon_core.shell:Creating prefix script '/home/raghav/crazyflie_mapping_demo/ros2_ws/install/local_setup.bash'
[1.867s] INFO:colcon.colcon_core.shell:Creating prefix chain script '/home/raghav/crazyflie_mapping_demo/ros2_ws/install/setup.bash'
[1.869s] INFO:colcon.colcon_core.shell:Creating prefix script '/home/raghav/crazyflie_mapping_demo/ros2_ws/install/local_setup.zsh'
[1.869s] INFO:colcon.colcon_core.shell:Creating prefix chain script '/home/raghav/crazyflie_mapping_demo/ros2_ws/install/setup.zsh'
