[0.167s] DEBUG:colcon:Command line arguments: ['/usr/bin/colcon', 'build', '--cmake-args', '-DBUILD_TESTING=ON']
[0.168s] DEBUG:colcon:Parsed command line arguments: Namespace(log_base=None, log_level=None, verb_name='build', build_base='build', install_base='install', merge_install=False, symlink_install=False, test_result_base=None, continue_on_error=False, executor='parallel', parallel_workers=20, event_handlers=None, ignore_user_meta=False, metas=['./colcon.meta'], base_paths=['.'], packages_ignore=None, packages_ignore_regex=None, paths=None, packages_up_to=None, packages_up_to_regex=None, packages_above=None, packages_above_and_dependencies=None, packages_above_depth=None, packages_select_by_dep=None, packages_skip_by_dep=None, packages_skip_up_to=None, packages_select_build_failed=False, packages_skip_build_finished=False, packages_select_test_failures=False, packages_skip_test_passed=False, packages_select=None, packages_skip=None, packages_select_regex=None, packages_skip_regex=None, packages_start=None, packages_end=None, allow_overriding=[], cmake_args=['-DBUILD_TESTING=ON'], cmake_target=None, cmake_target_skip_unavailable=False, cmake_clean_cache=False, cmake_clean_first=False, cmake_force_configure=False, ament_cmake_args=None, catkin_cmake_args=None, catkin_skip_building_tests=False, verb_parser=<colcon_defaults.argument_parser.defaults.DefaultArgumentsDecorator object at 0x7b36d533f400>, verb_extension=<colcon_core.verb.build.BuildVerb object at 0x7b36d5481000>, main=<bound method BuildVerb.main of <colcon_core.verb.build.BuildVerb object at 0x7b36d5481000>>)
[0.376s] Level 1:colcon.colcon_core.package_discovery:discover_packages(colcon_meta) check parameters
[0.376s] Level 1:colcon.colcon_core.package_discovery:discover_packages(recursive) check parameters
[0.376s] Level 1:colcon.colcon_core.package_discovery:discover_packages(ignore) check parameters
[0.376s] Level 1:colcon.colcon_core.package_discovery:discover_packages(path) check parameters
[0.376s] Level 1:colcon.colcon_core.package_discovery:discover_packages(colcon_meta) discover
[0.376s] Level 1:colcon.colcon_core.package_discovery:discover_packages(recursive) discover
[0.376s] INFO:colcon.colcon_core.package_discovery:Crawling recursively for packages in '/home/raghav/crazyflie_mapping_demo/ros2_ws'
[0.376s] Level 1:colcon.colcon_core.package_identification:_identify(.) by extensions ['ignore', 'ignore_ament_install']
[0.377s] Level 1:colcon.colcon_core.package_identification:_identify(.) by extension 'ignore'
[0.377s] Level 1:colcon.colcon_core.package_identification:_identify(.) by extension 'ignore_ament_install'
[0.377s] Level 1:colcon.colcon_core.package_identification:_identify(.) by extensions ['colcon_pkg']
[0.377s] Level 1:colcon.colcon_core.package_identification:_identify(.) by extension 'colcon_pkg'
[0.377s] Level 1:colcon.colcon_core.package_identification:_identify(.) by extensions ['colcon_meta']
[0.377s] Level 1:colcon.colcon_core.package_identification:_identify(.) by extension 'colcon_meta'
[0.377s] Level 1:colcon.colcon_core.package_identification:_identify(.) by extensions ['ros']
[0.377s] Level 1:colcon.colcon_core.package_identification:_identify(.) by extension 'ros'
[0.396s] Level 1:colcon.colcon_core.package_identification:_identify(.) by extensions ['cmake', 'python']
[0.396s] Level 1:colcon.colcon_core.package_identification:_identify(.) by extension 'cmake'
[0.396s] Level 1:colcon.colcon_core.package_identification:_identify(.) by extension 'python'
[0.397s] Level 1:colcon.colcon_core.package_identification:_identify(.) by extensions ['python_setup_py']
[0.397s] Level 1:colcon.colcon_core.package_identification:_identify(.) by extension 'python_setup_py'
[0.397s] Level 1:colcon.colcon_core.package_identification:_identify(build) by extensions ['ignore', 'ignore_ament_install']
[0.397s] Level 1:colcon.colcon_core.package_identification:_identify(build) by extension 'ignore'
[0.397s] Level 1:colcon.colcon_core.package_identification:_identify(build) ignored
[0.397s] Level 1:colcon.colcon_core.package_identification:_identify(install) by extensions ['ignore', 'ignore_ament_install']
[0.397s] Level 1:colcon.colcon_core.package_identification:_identify(install) by extension 'ignore'
[0.397s] Level 1:colcon.colcon_core.package_identification:_identify(install) ignored
[0.398s] Level 1:colcon.colcon_core.package_identification:_identify(log) by extensions ['ignore', 'ignore_ament_install']
[0.398s] Level 1:colcon.colcon_core.package_identification:_identify(log) by extension 'ignore'
[0.398s] Level 1:colcon.colcon_core.package_identification:_identify(log) ignored
[0.398s] Level 1:colcon.colcon_core.package_identification:_identify(src) by extensions ['ignore', 'ignore_ament_install']
[0.398s] Level 1:colcon.colcon_core.package_identification:_identify(src) by extension 'ignore'
[0.398s] Level 1:colcon.colcon_core.package_identification:_identify(src) by extension 'ignore_ament_install'
[0.398s] Level 1:colcon.colcon_core.package_identification:_identify(src) by extensions ['colcon_pkg']
[0.398s] Level 1:colcon.colcon_core.package_identification:_identify(src) by extension 'colcon_pkg'
[0.398s] Level 1:colcon.colcon_core.package_identification:_identify(src) by extensions ['colcon_meta']
[0.398s] Level 1:colcon.colcon_core.package_identification:_identify(src) by extension 'colcon_meta'
[0.398s] Level 1:colcon.colcon_core.package_identification:_identify(src) by extensions ['ros']
[0.398s] Level 1:colcon.colcon_core.package_identification:_identify(src) by extension 'ros'
[0.399s] Level 1:colcon.colcon_core.package_identification:_identify(src) by extensions ['cmake', 'python']
[0.399s] Level 1:colcon.colcon_core.package_identification:_identify(src) by extension 'cmake'
[0.399s] Level 1:colcon.colcon_core.package_identification:_identify(src) by extension 'python'
[0.399s] Level 1:colcon.colcon_core.package_identification:_identify(src) by extensions ['python_setup_py']
[0.399s] Level 1:colcon.colcon_core.package_identification:_identify(src) by extension 'python_setup_py'
[0.399s] Level 1:colcon.colcon_core.package_identification:_identify(src/crazyflie_ros2_multiranger) by extensions ['ignore', 'ignore_ament_install']
[0.399s] Level 1:colcon.colcon_core.package_identification:_identify(src/crazyflie_ros2_multiranger) by extension 'ignore'
[0.399s] Level 1:colcon.colcon_core.package_identification:_identify(src/crazyflie_ros2_multiranger) by extension 'ignore_ament_install'
[0.399s] Level 1:colcon.colcon_core.package_identification:_identify(src/crazyflie_ros2_multiranger) by extensions ['colcon_pkg']
[0.399s] Level 1:colcon.colcon_core.package_identification:_identify(src/crazyflie_ros2_multiranger) by extension 'colcon_pkg'
[0.399s] Level 1:colcon.colcon_core.package_identification:_identify(src/crazyflie_ros2_multiranger) by extensions ['colcon_meta']
[0.399s] Level 1:colcon.colcon_core.package_identification:_identify(src/crazyflie_ros2_multiranger) by extension 'colcon_meta'
[0.399s] Level 1:colcon.colcon_core.package_identification:_identify(src/crazyflie_ros2_multiranger) by extensions ['ros']
[0.399s] Level 1:colcon.colcon_core.package_identification:_identify(src/crazyflie_ros2_multiranger) by extension 'ros'
[0.399s] Level 1:colcon.colcon_core.package_identification:_identify(src/crazyflie_ros2_multiranger) by extensions ['cmake', 'python']
[0.400s] Level 1:colcon.colcon_core.package_identification:_identify(src/crazyflie_ros2_multiranger) by extension 'cmake'
[0.400s] Level 1:colcon.colcon_core.package_identification:_identify(src/crazyflie_ros2_multiranger) by extension 'python'
[0.400s] Level 1:colcon.colcon_core.package_identification:_identify(src/crazyflie_ros2_multiranger) by extensions ['python_setup_py']
[0.400s] Level 1:colcon.colcon_core.package_identification:_identify(src/crazyflie_ros2_multiranger) by extension 'python_setup_py'
[0.400s] Level 1:colcon.colcon_core.package_identification:_identify(src/crazyflie_ros2_multiranger/crazyflie_ros2_multiranger_bringup) by extensions ['ignore', 'ignore_ament_install']
[0.400s] Level 1:colcon.colcon_core.package_identification:_identify(src/crazyflie_ros2_multiranger/crazyflie_ros2_multiranger_bringup) by extension 'ignore'
[0.400s] Level 1:colcon.colcon_core.package_identification:_identify(src/crazyflie_ros2_multiranger/crazyflie_ros2_multiranger_bringup) by extension 'ignore_ament_install'
[0.400s] Level 1:colcon.colcon_core.package_identification:_identify(src/crazyflie_ros2_multiranger/crazyflie_ros2_multiranger_bringup) by extensions ['colcon_pkg']
[0.400s] Level 1:colcon.colcon_core.package_identification:_identify(src/crazyflie_ros2_multiranger/crazyflie_ros2_multiranger_bringup) by extension 'colcon_pkg'
[0.400s] Level 1:colcon.colcon_core.package_identification:_identify(src/crazyflie_ros2_multiranger/crazyflie_ros2_multiranger_bringup) by extensions ['colcon_meta']
[0.401s] Level 1:colcon.colcon_core.package_identification:_identify(src/crazyflie_ros2_multiranger/crazyflie_ros2_multiranger_bringup) by extension 'colcon_meta'
[0.401s] Level 1:colcon.colcon_core.package_identification:_identify(src/crazyflie_ros2_multiranger/crazyflie_ros2_multiranger_bringup) by extensions ['ros']
[0.401s] Level 1:colcon.colcon_core.package_identification:_identify(src/crazyflie_ros2_multiranger/crazyflie_ros2_multiranger_bringup) by extension 'ros'
[0.405s] DEBUG:colcon.colcon_core.package_identification:Package 'src/crazyflie_ros2_multiranger/crazyflie_ros2_multiranger_bringup' with type 'ros.ament_cmake' and name 'crazyflie_ros2_multiranger_bringup'
[0.406s] Level 1:colcon.colcon_core.package_identification:_identify(src/crazyflie_ros2_multiranger/crazyflie_ros2_multiranger_simple_mapper) by extensions ['ignore', 'ignore_ament_install']
[0.406s] Level 1:colcon.colcon_core.package_identification:_identify(src/crazyflie_ros2_multiranger/crazyflie_ros2_multiranger_simple_mapper) by extension 'ignore'
[0.406s] Level 1:colcon.colcon_core.package_identification:_identify(src/crazyflie_ros2_multiranger/crazyflie_ros2_multiranger_simple_mapper) by extension 'ignore_ament_install'
[0.406s] Level 1:colcon.colcon_core.package_identification:_identify(src/crazyflie_ros2_multiranger/crazyflie_ros2_multiranger_simple_mapper) by extensions ['colcon_pkg']
[0.406s] Level 1:colcon.colcon_core.package_identification:_identify(src/crazyflie_ros2_multiranger/crazyflie_ros2_multiranger_simple_mapper) by extension 'colcon_pkg'
[0.406s] Level 1:colcon.colcon_core.package_identification:_identify(src/crazyflie_ros2_multiranger/crazyflie_ros2_multiranger_simple_mapper) by extensions ['colcon_meta']
[0.406s] Level 1:colcon.colcon_core.package_identification:_identify(src/crazyflie_ros2_multiranger/crazyflie_ros2_multiranger_simple_mapper) by extension 'colcon_meta'
[0.406s] Level 1:colcon.colcon_core.package_identification:_identify(src/crazyflie_ros2_multiranger/crazyflie_ros2_multiranger_simple_mapper) by extensions ['ros']
[0.406s] Level 1:colcon.colcon_core.package_identification:_identify(src/crazyflie_ros2_multiranger/crazyflie_ros2_multiranger_simple_mapper) by extension 'ros'
[0.407s] DEBUG:colcon.colcon_core.package_identification:Package 'src/crazyflie_ros2_multiranger/crazyflie_ros2_multiranger_simple_mapper' with type 'ros.ament_python' and name 'crazyflie_ros2_multiranger_simple_mapper'
[0.407s] Level 1:colcon.colcon_core.package_identification:_identify(src/crazyflie_ros2_multiranger/crazyflie_ros2_multiranger_wall_following) by extensions ['ignore', 'ignore_ament_install']
[0.407s] Level 1:colcon.colcon_core.package_identification:_identify(src/crazyflie_ros2_multiranger/crazyflie_ros2_multiranger_wall_following) by extension 'ignore'
[0.407s] Level 1:colcon.colcon_core.package_identification:_identify(src/crazyflie_ros2_multiranger/crazyflie_ros2_multiranger_wall_following) by extension 'ignore_ament_install'
[0.407s] Level 1:colcon.colcon_core.package_identification:_identify(src/crazyflie_ros2_multiranger/crazyflie_ros2_multiranger_wall_following) by extensions ['colcon_pkg']
[0.407s] Level 1:colcon.colcon_core.package_identification:_identify(src/crazyflie_ros2_multiranger/crazyflie_ros2_multiranger_wall_following) by extension 'colcon_pkg'
[0.407s] Level 1:colcon.colcon_core.package_identification:_identify(src/crazyflie_ros2_multiranger/crazyflie_ros2_multiranger_wall_following) by extensions ['colcon_meta']
[0.407s] Level 1:colcon.colcon_core.package_identification:_identify(src/crazyflie_ros2_multiranger/crazyflie_ros2_multiranger_wall_following) by extension 'colcon_meta'
[0.408s] Level 1:colcon.colcon_core.package_identification:_identify(src/crazyflie_ros2_multiranger/crazyflie_ros2_multiranger_wall_following) by extensions ['ros']
[0.408s] Level 1:colcon.colcon_core.package_identification:_identify(src/crazyflie_ros2_multiranger/crazyflie_ros2_multiranger_wall_following) by extension 'ros'
[0.408s] DEBUG:colcon.colcon_core.package_identification:Package 'src/crazyflie_ros2_multiranger/crazyflie_ros2_multiranger_wall_following' with type 'ros.ament_python' and name 'crazyflie_ros2_multiranger_wall_following'
[0.408s] Level 1:colcon.colcon_core.package_identification:_identify(src/crazyswarm2) by extensions ['ignore', 'ignore_ament_install']
[0.409s] Level 1:colcon.colcon_core.package_identification:_identify(src/crazyswarm2) by extension 'ignore'
[0.409s] Level 1:colcon.colcon_core.package_identification:_identify(src/crazyswarm2) by extension 'ignore_ament_install'
[0.409s] Level 1:colcon.colcon_core.package_identification:_identify(src/crazyswarm2) by extensions ['colcon_pkg']
[0.409s] Level 1:colcon.colcon_core.package_identification:_identify(src/crazyswarm2) by extension 'colcon_pkg'
[0.409s] Level 1:colcon.colcon_core.package_identification:_identify(src/crazyswarm2) by extensions ['colcon_meta']
[0.409s] Level 1:colcon.colcon_core.package_identification:_identify(src/crazyswarm2) by extension 'colcon_meta'
[0.409s] Level 1:colcon.colcon_core.package_identification:_identify(src/crazyswarm2) by extensions ['ros']
[0.409s] Level 1:colcon.colcon_core.package_identification:_identify(src/crazyswarm2) by extension 'ros'
[0.409s] Level 1:colcon.colcon_core.package_identification:_identify(src/crazyswarm2) by extensions ['cmake', 'python']
[0.409s] Level 1:colcon.colcon_core.package_identification:_identify(src/crazyswarm2) by extension 'cmake'
[0.410s] Level 1:colcon.colcon_core.package_identification:_identify(src/crazyswarm2) by extension 'python'
[0.410s] Level 1:colcon.colcon_core.package_identification:_identify(src/crazyswarm2) by extensions ['python_setup_py']
[0.410s] Level 1:colcon.colcon_core.package_identification:_identify(src/crazyswarm2) by extension 'python_setup_py'
[0.410s] Level 1:colcon.colcon_core.package_identification:_identify(src/crazyswarm2/crazyflie) by extensions ['ignore', 'ignore_ament_install']
[0.410s] Level 1:colcon.colcon_core.package_identification:_identify(src/crazyswarm2/crazyflie) by extension 'ignore'
[0.410s] Level 1:colcon.colcon_core.package_identification:_identify(src/crazyswarm2/crazyflie) by extension 'ignore_ament_install'
[0.410s] Level 1:colcon.colcon_core.package_identification:_identify(src/crazyswarm2/crazyflie) by extensions ['colcon_pkg']
[0.410s] Level 1:colcon.colcon_core.package_identification:_identify(src/crazyswarm2/crazyflie) by extension 'colcon_pkg'
[0.410s] Level 1:colcon.colcon_core.package_identification:_identify(src/crazyswarm2/crazyflie) by extensions ['colcon_meta']
[0.410s] Level 1:colcon.colcon_core.package_identification:_identify(src/crazyswarm2/crazyflie) by extension 'colcon_meta'
[0.410s] Level 1:colcon.colcon_core.package_identification:_identify(src/crazyswarm2/crazyflie) by extensions ['ros']
[0.410s] Level 1:colcon.colcon_core.package_identification:_identify(src/crazyswarm2/crazyflie) by extension 'ros'
[0.413s] DEBUG:colcon.colcon_core.package_identification:Package 'src/crazyswarm2/crazyflie' with type 'ros.ament_cmake' and name 'crazyflie'
[0.413s] Level 1:colcon.colcon_core.package_identification:_identify(src/crazyswarm2/crazyflie_examples) by extensions ['ignore', 'ignore_ament_install']
[0.413s] Level 1:colcon.colcon_core.package_identification:_identify(src/crazyswarm2/crazyflie_examples) by extension 'ignore'
[0.413s] Level 1:colcon.colcon_core.package_identification:_identify(src/crazyswarm2/crazyflie_examples) by extension 'ignore_ament_install'
[0.413s] Level 1:colcon.colcon_core.package_identification:_identify(src/crazyswarm2/crazyflie_examples) by extensions ['colcon_pkg']
[0.414s] Level 1:colcon.colcon_core.package_identification:_identify(src/crazyswarm2/crazyflie_examples) by extension 'colcon_pkg'
[0.414s] Level 1:colcon.colcon_core.package_identification:_identify(src/crazyswarm2/crazyflie_examples) by extensions ['colcon_meta']
[0.414s] Level 1:colcon.colcon_core.package_identification:_identify(src/crazyswarm2/crazyflie_examples) by extension 'colcon_meta'
[0.414s] Level 1:colcon.colcon_core.package_identification:_identify(src/crazyswarm2/crazyflie_examples) by extensions ['ros']
[0.414s] Level 1:colcon.colcon_core.package_identification:_identify(src/crazyswarm2/crazyflie_examples) by extension 'ros'
[0.415s] DEBUG:colcon.colcon_core.package_identification:Package 'src/crazyswarm2/crazyflie_examples' with type 'ros.ament_cmake' and name 'crazyflie_examples'
[0.415s] Level 1:colcon.colcon_core.package_identification:_identify(src/crazyswarm2/crazyflie_interfaces) by extensions ['ignore', 'ignore_ament_install']
[0.415s] Level 1:colcon.colcon_core.package_identification:_identify(src/crazyswarm2/crazyflie_interfaces) by extension 'ignore'
[0.415s] Level 1:colcon.colcon_core.package_identification:_identify(src/crazyswarm2/crazyflie_interfaces) by extension 'ignore_ament_install'
[0.415s] Level 1:colcon.colcon_core.package_identification:_identify(src/crazyswarm2/crazyflie_interfaces) by extensions ['colcon_pkg']
[0.415s] Level 1:colcon.colcon_core.package_identification:_identify(src/crazyswarm2/crazyflie_interfaces) by extension 'colcon_pkg'
[0.415s] Level 1:colcon.colcon_core.package_identification:_identify(src/crazyswarm2/crazyflie_interfaces) by extensions ['colcon_meta']
[0.415s] Level 1:colcon.colcon_core.package_identification:_identify(src/crazyswarm2/crazyflie_interfaces) by extension 'colcon_meta'
[0.415s] Level 1:colcon.colcon_core.package_identification:_identify(src/crazyswarm2/crazyflie_interfaces) by extensions ['ros']
[0.415s] Level 1:colcon.colcon_core.package_identification:_identify(src/crazyswarm2/crazyflie_interfaces) by extension 'ros'
[0.417s] DEBUG:colcon.colcon_core.package_identification:Package 'src/crazyswarm2/crazyflie_interfaces' with type 'ros.ament_cmake' and name 'crazyflie_interfaces'
[0.417s] Level 1:colcon.colcon_core.package_identification:_identify(src/crazyswarm2/crazyflie_py) by extensions ['ignore', 'ignore_ament_install']
[0.417s] Level 1:colcon.colcon_core.package_identification:_identify(src/crazyswarm2/crazyflie_py) by extension 'ignore'
[0.417s] Level 1:colcon.colcon_core.package_identification:_identify(src/crazyswarm2/crazyflie_py) by extension 'ignore_ament_install'
[0.417s] Level 1:colcon.colcon_core.package_identification:_identify(src/crazyswarm2/crazyflie_py) by extensions ['colcon_pkg']
[0.417s] Level 1:colcon.colcon_core.package_identification:_identify(src/crazyswarm2/crazyflie_py) by extension 'colcon_pkg'
[0.417s] Level 1:colcon.colcon_core.package_identification:_identify(src/crazyswarm2/crazyflie_py) by extensions ['colcon_meta']
[0.417s] Level 1:colcon.colcon_core.package_identification:_identify(src/crazyswarm2/crazyflie_py) by extension 'colcon_meta'
[0.418s] Level 1:colcon.colcon_core.package_identification:_identify(src/crazyswarm2/crazyflie_py) by extensions ['ros']
[0.418s] Level 1:colcon.colcon_core.package_identification:_identify(src/crazyswarm2/crazyflie_py) by extension 'ros'
[0.419s] DEBUG:colcon.colcon_core.package_identification:Package 'src/crazyswarm2/crazyflie_py' with type 'ros.ament_python' and name 'crazyflie_py'
[0.419s] Level 1:colcon.colcon_core.package_identification:_identify(src/crazyswarm2/crazyflie_sim) by extensions ['ignore', 'ignore_ament_install']
[0.419s] Level 1:colcon.colcon_core.package_identification:_identify(src/crazyswarm2/crazyflie_sim) by extension 'ignore'
[0.419s] Level 1:colcon.colcon_core.package_identification:_identify(src/crazyswarm2/crazyflie_sim) by extension 'ignore_ament_install'
[0.419s] Level 1:colcon.colcon_core.package_identification:_identify(src/crazyswarm2/crazyflie_sim) by extensions ['colcon_pkg']
[0.419s] Level 1:colcon.colcon_core.package_identification:_identify(src/crazyswarm2/crazyflie_sim) by extension 'colcon_pkg'
[0.419s] Level 1:colcon.colcon_core.package_identification:_identify(src/crazyswarm2/crazyflie_sim) by extensions ['colcon_meta']
[0.419s] Level 1:colcon.colcon_core.package_identification:_identify(src/crazyswarm2/crazyflie_sim) by extension 'colcon_meta'
[0.419s] Level 1:colcon.colcon_core.package_identification:_identify(src/crazyswarm2/crazyflie_sim) by extensions ['ros']
[0.419s] Level 1:colcon.colcon_core.package_identification:_identify(src/crazyswarm2/crazyflie_sim) by extension 'ros'
[0.420s] DEBUG:colcon.colcon_core.package_identification:Package 'src/crazyswarm2/crazyflie_sim' with type 'ros.ament_cmake' and name 'crazyflie_sim'
[0.420s] Level 1:colcon.colcon_core.package_identification:_identify(src/crazyswarm2/docs) by extensions ['ignore', 'ignore_ament_install']
[0.420s] Level 1:colcon.colcon_core.package_identification:_identify(src/crazyswarm2/docs) by extension 'ignore'
[0.420s] Level 1:colcon.colcon_core.package_identification:_identify(src/crazyswarm2/docs) by extension 'ignore_ament_install'
[0.420s] Level 1:colcon.colcon_core.package_identification:_identify(src/crazyswarm2/docs) by extensions ['colcon_pkg']
[0.420s] Level 1:colcon.colcon_core.package_identification:_identify(src/crazyswarm2/docs) by extension 'colcon_pkg'
[0.420s] Level 1:colcon.colcon_core.package_identification:_identify(src/crazyswarm2/docs) by extensions ['colcon_meta']
[0.420s] Level 1:colcon.colcon_core.package_identification:_identify(src/crazyswarm2/docs) by extension 'colcon_meta'
[0.420s] Level 1:colcon.colcon_core.package_identification:_identify(src/crazyswarm2/docs) by extensions ['ros']
[0.420s] Level 1:colcon.colcon_core.package_identification:_identify(src/crazyswarm2/docs) by extension 'ros'
[0.420s] Level 1:colcon.colcon_core.package_identification:_identify(src/crazyswarm2/docs) by extensions ['cmake', 'python']
[0.420s] Level 1:colcon.colcon_core.package_identification:_identify(src/crazyswarm2/docs) by extension 'cmake'
[0.420s] Level 1:colcon.colcon_core.package_identification:_identify(src/crazyswarm2/docs) by extension 'python'
[0.421s] Level 1:colcon.colcon_core.package_identification:_identify(src/crazyswarm2/docs) by extensions ['python_setup_py']
[0.421s] Level 1:colcon.colcon_core.package_identification:_identify(src/crazyswarm2/docs) by extension 'python_setup_py'
[0.421s] Level 1:colcon.colcon_core.package_identification:_identify(src/crazyswarm2/docs/generated) by extensions ['ignore', 'ignore_ament_install']
[0.421s] Level 1:colcon.colcon_core.package_identification:_identify(src/crazyswarm2/docs/generated) by extension 'ignore'
[0.421s] Level 1:colcon.colcon_core.package_identification:_identify(src/crazyswarm2/docs/generated) by extension 'ignore_ament_install'
[0.421s] Level 1:colcon.colcon_core.package_identification:_identify(src/crazyswarm2/docs/generated) by extensions ['colcon_pkg']
[0.421s] Level 1:colcon.colcon_core.package_identification:_identify(src/crazyswarm2/docs/generated) by extension 'colcon_pkg'
[0.421s] Level 1:colcon.colcon_core.package_identification:_identify(src/crazyswarm2/docs/generated) by extensions ['colcon_meta']
[0.421s] Level 1:colcon.colcon_core.package_identification:_identify(src/crazyswarm2/docs/generated) by extension 'colcon_meta'
[0.421s] Level 1:colcon.colcon_core.package_identification:_identify(src/crazyswarm2/docs/generated) by extensions ['ros']
[0.421s] Level 1:colcon.colcon_core.package_identification:_identify(src/crazyswarm2/docs/generated) by extension 'ros'
[0.421s] Level 1:colcon.colcon_core.package_identification:_identify(src/crazyswarm2/docs/generated) by extensions ['cmake', 'python']
[0.421s] Level 1:colcon.colcon_core.package_identification:_identify(src/crazyswarm2/docs/generated) by extension 'cmake'
[0.421s] Level 1:colcon.colcon_core.package_identification:_identify(src/crazyswarm2/docs/generated) by extension 'python'
[0.421s] Level 1:colcon.colcon_core.package_identification:_identify(src/crazyswarm2/docs/generated) by extensions ['python_setup_py']
[0.421s] Level 1:colcon.colcon_core.package_identification:_identify(src/crazyswarm2/docs/generated) by extension 'python_setup_py'
[0.421s] Level 1:colcon.colcon_core.package_identification:_identify(src/crazyswarm2/docs/howto) by extensions ['ignore', 'ignore_ament_install']
[0.421s] Level 1:colcon.colcon_core.package_identification:_identify(src/crazyswarm2/docs/howto) by extension 'ignore'
[0.421s] Level 1:colcon.colcon_core.package_identification:_identify(src/crazyswarm2/docs/howto) by extension 'ignore_ament_install'
[0.421s] Level 1:colcon.colcon_core.package_identification:_identify(src/crazyswarm2/docs/howto) by extensions ['colcon_pkg']
[0.421s] Level 1:colcon.colcon_core.package_identification:_identify(src/crazyswarm2/docs/howto) by extension 'colcon_pkg'
[0.421s] Level 1:colcon.colcon_core.package_identification:_identify(src/crazyswarm2/docs/howto) by extensions ['colcon_meta']
[0.421s] Level 1:colcon.colcon_core.package_identification:_identify(src/crazyswarm2/docs/howto) by extension 'colcon_meta'
[0.421s] Level 1:colcon.colcon_core.package_identification:_identify(src/crazyswarm2/docs/howto) by extensions ['ros']
[0.421s] Level 1:colcon.colcon_core.package_identification:_identify(src/crazyswarm2/docs/howto) by extension 'ros'
[0.422s] Level 1:colcon.colcon_core.package_identification:_identify(src/crazyswarm2/docs/howto) by extensions ['cmake', 'python']
[0.422s] Level 1:colcon.colcon_core.package_identification:_identify(src/crazyswarm2/docs/howto) by extension 'cmake'
[0.422s] Level 1:colcon.colcon_core.package_identification:_identify(src/crazyswarm2/docs/howto) by extension 'python'
[0.422s] Level 1:colcon.colcon_core.package_identification:_identify(src/crazyswarm2/docs/howto) by extensions ['python_setup_py']
[0.422s] Level 1:colcon.colcon_core.package_identification:_identify(src/crazyswarm2/docs/howto) by extension 'python_setup_py'
[0.422s] Level 1:colcon.colcon_core.package_identification:_identify(src/crazyswarm2/docs/images) by extensions ['ignore', 'ignore_ament_install']
[0.422s] Level 1:colcon.colcon_core.package_identification:_identify(src/crazyswarm2/docs/images) by extension 'ignore'
[0.422s] Level 1:colcon.colcon_core.package_identification:_identify(src/crazyswarm2/docs/images) by extension 'ignore_ament_install'
[0.422s] Level 1:colcon.colcon_core.package_identification:_identify(src/crazyswarm2/docs/images) by extensions ['colcon_pkg']
[0.422s] Level 1:colcon.colcon_core.package_identification:_identify(src/crazyswarm2/docs/images) by extension 'colcon_pkg'
[0.422s] Level 1:colcon.colcon_core.package_identification:_identify(src/crazyswarm2/docs/images) by extensions ['colcon_meta']
[0.422s] Level 1:colcon.colcon_core.package_identification:_identify(src/crazyswarm2/docs/images) by extension 'colcon_meta'
[0.422s] Level 1:colcon.colcon_core.package_identification:_identify(src/crazyswarm2/docs/images) by extensions ['ros']
[0.422s] Level 1:colcon.colcon_core.package_identification:_identify(src/crazyswarm2/docs/images) by extension 'ros'
[0.422s] Level 1:colcon.colcon_core.package_identification:_identify(src/crazyswarm2/docs/images) by extensions ['cmake', 'python']
[0.422s] Level 1:colcon.colcon_core.package_identification:_identify(src/crazyswarm2/docs/images) by extension 'cmake'
[0.422s] Level 1:colcon.colcon_core.package_identification:_identify(src/crazyswarm2/docs/images) by extension 'python'
[0.422s] Level 1:colcon.colcon_core.package_identification:_identify(src/crazyswarm2/docs/images) by extensions ['python_setup_py']
[0.422s] Level 1:colcon.colcon_core.package_identification:_identify(src/crazyswarm2/docs/images) by extension 'python_setup_py'
[0.422s] Level 1:colcon.colcon_core.package_identification:_identify(src/crazyswarm2/docs/tutorials) by extensions ['ignore', 'ignore_ament_install']
[0.422s] Level 1:colcon.colcon_core.package_identification:_identify(src/crazyswarm2/docs/tutorials) by extension 'ignore'
[0.422s] Level 1:colcon.colcon_core.package_identification:_identify(src/crazyswarm2/docs/tutorials) by extension 'ignore_ament_install'
[0.422s] Level 1:colcon.colcon_core.package_identification:_identify(src/crazyswarm2/docs/tutorials) by extensions ['colcon_pkg']
[0.422s] Level 1:colcon.colcon_core.package_identification:_identify(src/crazyswarm2/docs/tutorials) by extension 'colcon_pkg'
[0.422s] Level 1:colcon.colcon_core.package_identification:_identify(src/crazyswarm2/docs/tutorials) by extensions ['colcon_meta']
[0.422s] Level 1:colcon.colcon_core.package_identification:_identify(src/crazyswarm2/docs/tutorials) by extension 'colcon_meta'
[0.422s] Level 1:colcon.colcon_core.package_identification:_identify(src/crazyswarm2/docs/tutorials) by extensions ['ros']
[0.422s] Level 1:colcon.colcon_core.package_identification:_identify(src/crazyswarm2/docs/tutorials) by extension 'ros'
[0.422s] Level 1:colcon.colcon_core.package_identification:_identify(src/crazyswarm2/docs/tutorials) by extensions ['cmake', 'python']
[0.422s] Level 1:colcon.colcon_core.package_identification:_identify(src/crazyswarm2/docs/tutorials) by extension 'cmake'
[0.423s] Level 1:colcon.colcon_core.package_identification:_identify(src/crazyswarm2/docs/tutorials) by extension 'python'
[0.423s] Level 1:colcon.colcon_core.package_identification:_identify(src/crazyswarm2/docs/tutorials) by extensions ['python_setup_py']
[0.423s] Level 1:colcon.colcon_core.package_identification:_identify(src/crazyswarm2/docs/tutorials) by extension 'python_setup_py'
[0.423s] Level 1:colcon.colcon_core.package_identification:_identify(src/crazyswarm2/docs2) by extensions ['ignore', 'ignore_ament_install']
[0.423s] Level 1:colcon.colcon_core.package_identification:_identify(src/crazyswarm2/docs2) by extension 'ignore'
[0.423s] Level 1:colcon.colcon_core.package_identification:_identify(src/crazyswarm2/docs2) by extension 'ignore_ament_install'
[0.423s] Level 1:colcon.colcon_core.package_identification:_identify(src/crazyswarm2/docs2) by extensions ['colcon_pkg']
[0.423s] Level 1:colcon.colcon_core.package_identification:_identify(src/crazyswarm2/docs2) by extension 'colcon_pkg'
[0.423s] Level 1:colcon.colcon_core.package_identification:_identify(src/crazyswarm2/docs2) by extensions ['colcon_meta']
[0.423s] Level 1:colcon.colcon_core.package_identification:_identify(src/crazyswarm2/docs2) by extension 'colcon_meta'
[0.423s] Level 1:colcon.colcon_core.package_identification:_identify(src/crazyswarm2/docs2) by extensions ['ros']
[0.423s] Level 1:colcon.colcon_core.package_identification:_identify(src/crazyswarm2/docs2) by extension 'ros'
[0.423s] Level 1:colcon.colcon_core.package_identification:_identify(src/crazyswarm2/docs2) by extensions ['cmake', 'python']
[0.423s] Level 1:colcon.colcon_core.package_identification:_identify(src/crazyswarm2/docs2) by extension 'cmake'
[0.423s] Level 1:colcon.colcon_core.package_identification:_identify(src/crazyswarm2/docs2) by extension 'python'
[0.423s] Level 1:colcon.colcon_core.package_identification:_identify(src/crazyswarm2/docs2) by extensions ['python_setup_py']
[0.423s] Level 1:colcon.colcon_core.package_identification:_identify(src/crazyswarm2/docs2) by extension 'python_setup_py'
[0.423s] Level 1:colcon.colcon_core.package_identification:_identify(src/crazyswarm2/docs2/images) by extensions ['ignore', 'ignore_ament_install']
[0.423s] Level 1:colcon.colcon_core.package_identification:_identify(src/crazyswarm2/docs2/images) by extension 'ignore'
[0.423s] Level 1:colcon.colcon_core.package_identification:_identify(src/crazyswarm2/docs2/images) by extension 'ignore_ament_install'
[0.423s] Level 1:colcon.colcon_core.package_identification:_identify(src/crazyswarm2/docs2/images) by extensions ['colcon_pkg']
[0.423s] Level 1:colcon.colcon_core.package_identification:_identify(src/crazyswarm2/docs2/images) by extension 'colcon_pkg'
[0.423s] Level 1:colcon.colcon_core.package_identification:_identify(src/crazyswarm2/docs2/images) by extensions ['colcon_meta']
[0.423s] Level 1:colcon.colcon_core.package_identification:_identify(src/crazyswarm2/docs2/images) by extension 'colcon_meta'
[0.423s] Level 1:colcon.colcon_core.package_identification:_identify(src/crazyswarm2/docs2/images) by extensions ['ros']
[0.423s] Level 1:colcon.colcon_core.package_identification:_identify(src/crazyswarm2/docs2/images) by extension 'ros'
[0.423s] Level 1:colcon.colcon_core.package_identification:_identify(src/crazyswarm2/docs2/images) by extensions ['cmake', 'python']
[0.423s] Level 1:colcon.colcon_core.package_identification:_identify(src/crazyswarm2/docs2/images) by extension 'cmake'
[0.423s] Level 1:colcon.colcon_core.package_identification:_identify(src/crazyswarm2/docs2/images) by extension 'python'
[0.424s] Level 1:colcon.colcon_core.package_identification:_identify(src/crazyswarm2/docs2/images) by extensions ['python_setup_py']
[0.424s] Level 1:colcon.colcon_core.package_identification:_identify(src/crazyswarm2/docs2/images) by extension 'python_setup_py'
[0.424s] Level 1:colcon.colcon_core.package_identification:_identify(src/crazyswarm2/prebuilt) by extensions ['ignore', 'ignore_ament_install']
[0.424s] Level 1:colcon.colcon_core.package_identification:_identify(src/crazyswarm2/prebuilt) by extension 'ignore'
[0.424s] Level 1:colcon.colcon_core.package_identification:_identify(src/crazyswarm2/prebuilt) by extension 'ignore_ament_install'
[0.424s] Level 1:colcon.colcon_core.package_identification:_identify(src/crazyswarm2/prebuilt) by extensions ['colcon_pkg']
[0.424s] Level 1:colcon.colcon_core.package_identification:_identify(src/crazyswarm2/prebuilt) by extension 'colcon_pkg'
[0.424s] Level 1:colcon.colcon_core.package_identification:_identify(src/crazyswarm2/prebuilt) by extensions ['colcon_meta']
[0.424s] Level 1:colcon.colcon_core.package_identification:_identify(src/crazyswarm2/prebuilt) by extension 'colcon_meta'
[0.424s] Level 1:colcon.colcon_core.package_identification:_identify(src/crazyswarm2/prebuilt) by extensions ['ros']
[0.424s] Level 1:colcon.colcon_core.package_identification:_identify(src/crazyswarm2/prebuilt) by extension 'ros'
[0.424s] Level 1:colcon.colcon_core.package_identification:_identify(src/crazyswarm2/prebuilt) by extensions ['cmake', 'python']
[0.424s] Level 1:colcon.colcon_core.package_identification:_identify(src/crazyswarm2/prebuilt) by extension 'cmake'
[0.424s] Level 1:colcon.colcon_core.package_identification:_identify(src/crazyswarm2/prebuilt) by extension 'python'
[0.424s] Level 1:colcon.colcon_core.package_identification:_identify(src/crazyswarm2/prebuilt) by extensions ['python_setup_py']
[0.424s] Level 1:colcon.colcon_core.package_identification:_identify(src/crazyswarm2/prebuilt) by extension 'python_setup_py'
[0.424s] Level 1:colcon.colcon_core.package_identification:_identify(src/crazyswarm2/ros_ws) by extensions ['ignore', 'ignore_ament_install']
[0.424s] Level 1:colcon.colcon_core.package_identification:_identify(src/crazyswarm2/ros_ws) by extension 'ignore'
[0.424s] Level 1:colcon.colcon_core.package_identification:_identify(src/crazyswarm2/ros_ws) by extension 'ignore_ament_install'
[0.424s] Level 1:colcon.colcon_core.package_identification:_identify(src/crazyswarm2/ros_ws) by extensions ['colcon_pkg']
[0.424s] Level 1:colcon.colcon_core.package_identification:_identify(src/crazyswarm2/ros_ws) by extension 'colcon_pkg'
[0.424s] Level 1:colcon.colcon_core.package_identification:_identify(src/crazyswarm2/ros_ws) by extensions ['colcon_meta']
[0.424s] Level 1:colcon.colcon_core.package_identification:_identify(src/crazyswarm2/ros_ws) by extension 'colcon_meta'
[0.424s] Level 1:colcon.colcon_core.package_identification:_identify(src/crazyswarm2/ros_ws) by extensions ['ros']
[0.424s] Level 1:colcon.colcon_core.package_identification:_identify(src/crazyswarm2/ros_ws) by extension 'ros'
[0.424s] Level 1:colcon.colcon_core.package_identification:_identify(src/crazyswarm2/ros_ws) by extensions ['cmake', 'python']
[0.425s] Level 1:colcon.colcon_core.package_identification:_identify(src/crazyswarm2/ros_ws) by extension 'cmake'
[0.425s] Level 1:colcon.colcon_core.package_identification:_identify(src/crazyswarm2/ros_ws) by extension 'python'
[0.425s] Level 1:colcon.colcon_core.package_identification:_identify(src/crazyswarm2/ros_ws) by extensions ['python_setup_py']
[0.425s] Level 1:colcon.colcon_core.package_identification:_identify(src/crazyswarm2/ros_ws) by extension 'python_setup_py'
[0.425s] Level 1:colcon.colcon_core.package_identification:_identify(src/crazyswarm2/ros_ws/src) by extensions ['ignore', 'ignore_ament_install']
[0.425s] Level 1:colcon.colcon_core.package_identification:_identify(src/crazyswarm2/ros_ws/src) by extension 'ignore'
[0.425s] Level 1:colcon.colcon_core.package_identification:_identify(src/crazyswarm2/ros_ws/src) by extension 'ignore_ament_install'
[0.425s] Level 1:colcon.colcon_core.package_identification:_identify(src/crazyswarm2/ros_ws/src) by extensions ['colcon_pkg']
[0.425s] Level 1:colcon.colcon_core.package_identification:_identify(src/crazyswarm2/ros_ws/src) by extension 'colcon_pkg'
[0.425s] Level 1:colcon.colcon_core.package_identification:_identify(src/crazyswarm2/ros_ws/src) by extensions ['colcon_meta']
[0.425s] Level 1:colcon.colcon_core.package_identification:_identify(src/crazyswarm2/ros_ws/src) by extension 'colcon_meta'
[0.425s] Level 1:colcon.colcon_core.package_identification:_identify(src/crazyswarm2/ros_ws/src) by extensions ['ros']
[0.425s] Level 1:colcon.colcon_core.package_identification:_identify(src/crazyswarm2/ros_ws/src) by extension 'ros'
[0.425s] Level 1:colcon.colcon_core.package_identification:_identify(src/crazyswarm2/ros_ws/src) by extensions ['cmake', 'python']
[0.425s] Level 1:colcon.colcon_core.package_identification:_identify(src/crazyswarm2/ros_ws/src) by extension 'cmake'
[0.425s] Level 1:colcon.colcon_core.package_identification:_identify(src/crazyswarm2/ros_ws/src) by extension 'python'
[0.425s] Level 1:colcon.colcon_core.package_identification:_identify(src/crazyswarm2/ros_ws/src) by extensions ['python_setup_py']
[0.425s] Level 1:colcon.colcon_core.package_identification:_identify(src/crazyswarm2/ros_ws/src) by extension 'python_setup_py'
[0.425s] Level 1:colcon.colcon_core.package_identification:_identify(src/crazyswarm2/ros_ws/src/crazyswarm) by extensions ['ignore', 'ignore_ament_install']
[0.425s] Level 1:colcon.colcon_core.package_identification:_identify(src/crazyswarm2/ros_ws/src/crazyswarm) by extension 'ignore'
[0.425s] Level 1:colcon.colcon_core.package_identification:_identify(src/crazyswarm2/ros_ws/src/crazyswarm) by extension 'ignore_ament_install'
[0.425s] Level 1:colcon.colcon_core.package_identification:_identify(src/crazyswarm2/ros_ws/src/crazyswarm) by extensions ['colcon_pkg']
[0.425s] Level 1:colcon.colcon_core.package_identification:_identify(src/crazyswarm2/ros_ws/src/crazyswarm) by extension 'colcon_pkg'
[0.425s] Level 1:colcon.colcon_core.package_identification:_identify(src/crazyswarm2/ros_ws/src/crazyswarm) by extensions ['colcon_meta']
[0.425s] Level 1:colcon.colcon_core.package_identification:_identify(src/crazyswarm2/ros_ws/src/crazyswarm) by extension 'colcon_meta'
[0.425s] Level 1:colcon.colcon_core.package_identification:_identify(src/crazyswarm2/ros_ws/src/crazyswarm) by extensions ['ros']
[0.425s] Level 1:colcon.colcon_core.package_identification:_identify(src/crazyswarm2/ros_ws/src/crazyswarm) by extension 'ros'
[0.425s] Level 1:colcon.colcon_core.package_identification:_identify(src/crazyswarm2/ros_ws/src/crazyswarm) by extensions ['cmake', 'python']
[0.425s] Level 1:colcon.colcon_core.package_identification:_identify(src/crazyswarm2/ros_ws/src/crazyswarm) by extension 'cmake'
[0.425s] Level 1:colcon.colcon_core.package_identification:_identify(src/crazyswarm2/ros_ws/src/crazyswarm) by extension 'python'
[0.425s] Level 1:colcon.colcon_core.package_identification:_identify(src/crazyswarm2/ros_ws/src/crazyswarm) by extensions ['python_setup_py']
[0.425s] Level 1:colcon.colcon_core.package_identification:_identify(src/crazyswarm2/ros_ws/src/crazyswarm) by extension 'python_setup_py'
[0.426s] Level 1:colcon.colcon_core.package_identification:_identify(src/crazyswarm2/ros_ws/src/crazyswarm/launch) by extensions ['ignore', 'ignore_ament_install']
[0.426s] Level 1:colcon.colcon_core.package_identification:_identify(src/crazyswarm2/ros_ws/src/crazyswarm/launch) by extension 'ignore'
[0.426s] Level 1:colcon.colcon_core.package_identification:_identify(src/crazyswarm2/ros_ws/src/crazyswarm/launch) by extension 'ignore_ament_install'
[0.426s] Level 1:colcon.colcon_core.package_identification:_identify(src/crazyswarm2/ros_ws/src/crazyswarm/launch) by extensions ['colcon_pkg']
[0.426s] Level 1:colcon.colcon_core.package_identification:_identify(src/crazyswarm2/ros_ws/src/crazyswarm/launch) by extension 'colcon_pkg'
[0.426s] Level 1:colcon.colcon_core.package_identification:_identify(src/crazyswarm2/ros_ws/src/crazyswarm/launch) by extensions ['colcon_meta']
[0.426s] Level 1:colcon.colcon_core.package_identification:_identify(src/crazyswarm2/ros_ws/src/crazyswarm/launch) by extension 'colcon_meta'
[0.426s] Level 1:colcon.colcon_core.package_identification:_identify(src/crazyswarm2/ros_ws/src/crazyswarm/launch) by extensions ['ros']
[0.426s] Level 1:colcon.colcon_core.package_identification:_identify(src/crazyswarm2/ros_ws/src/crazyswarm/launch) by extension 'ros'
[0.426s] Level 1:colcon.colcon_core.package_identification:_identify(src/crazyswarm2/ros_ws/src/crazyswarm/launch) by extensions ['cmake', 'python']
[0.426s] Level 1:colcon.colcon_core.package_identification:_identify(src/crazyswarm2/ros_ws/src/crazyswarm/launch) by extension 'cmake'
[0.426s] Level 1:colcon.colcon_core.package_identification:_identify(src/crazyswarm2/ros_ws/src/crazyswarm/launch) by extension 'python'
[0.426s] Level 1:colcon.colcon_core.package_identification:_identify(src/crazyswarm2/ros_ws/src/crazyswarm/launch) by extensions ['python_setup_py']
[0.426s] Level 1:colcon.colcon_core.package_identification:_identify(src/crazyswarm2/ros_ws/src/crazyswarm/launch) by extension 'python_setup_py'
[0.426s] Level 1:colcon.colcon_core.package_identification:_identify(src/crazyswarm2/ros_ws/src/crazyswarm/scripts) by extensions ['ignore', 'ignore_ament_install']
[0.426s] Level 1:colcon.colcon_core.package_identification:_identify(src/crazyswarm2/ros_ws/src/crazyswarm/scripts) by extension 'ignore'
[0.426s] Level 1:colcon.colcon_core.package_identification:_identify(src/crazyswarm2/ros_ws/src/crazyswarm/scripts) by extension 'ignore_ament_install'
[0.426s] Level 1:colcon.colcon_core.package_identification:_identify(src/crazyswarm2/ros_ws/src/crazyswarm/scripts) by extensions ['colcon_pkg']
[0.426s] Level 1:colcon.colcon_core.package_identification:_identify(src/crazyswarm2/ros_ws/src/crazyswarm/scripts) by extension 'colcon_pkg'
[0.426s] Level 1:colcon.colcon_core.package_identification:_identify(src/crazyswarm2/ros_ws/src/crazyswarm/scripts) by extensions ['colcon_meta']
[0.426s] Level 1:colcon.colcon_core.package_identification:_identify(src/crazyswarm2/ros_ws/src/crazyswarm/scripts) by extension 'colcon_meta'
[0.426s] Level 1:colcon.colcon_core.package_identification:_identify(src/crazyswarm2/ros_ws/src/crazyswarm/scripts) by extensions ['ros']
[0.426s] Level 1:colcon.colcon_core.package_identification:_identify(src/crazyswarm2/ros_ws/src/crazyswarm/scripts) by extension 'ros'
[0.427s] Level 1:colcon.colcon_core.package_identification:_identify(src/crazyswarm2/ros_ws/src/crazyswarm/scripts) by extensions ['cmake', 'python']
[0.427s] Level 1:colcon.colcon_core.package_identification:_identify(src/crazyswarm2/ros_ws/src/crazyswarm/scripts) by extension 'cmake'
[0.427s] Level 1:colcon.colcon_core.package_identification:_identify(src/crazyswarm2/ros_ws/src/crazyswarm/scripts) by extension 'python'
[0.427s] Level 1:colcon.colcon_core.package_identification:_identify(src/crazyswarm2/ros_ws/src/crazyswarm/scripts) by extensions ['python_setup_py']
[0.427s] Level 1:colcon.colcon_core.package_identification:_identify(src/crazyswarm2/ros_ws/src/crazyswarm/scripts) by extension 'python_setup_py'
[0.427s] Level 1:colcon.colcon_core.package_identification:_identify(src/crazyswarm2/ros_ws/src/crazyswarm/scripts/crossing2_pps) by extensions ['ignore', 'ignore_ament_install']
[0.427s] Level 1:colcon.colcon_core.package_identification:_identify(src/crazyswarm2/ros_ws/src/crazyswarm/scripts/crossing2_pps) by extension 'ignore'
[0.427s] Level 1:colcon.colcon_core.package_identification:_identify(src/crazyswarm2/ros_ws/src/crazyswarm/scripts/crossing2_pps) by extension 'ignore_ament_install'
[0.427s] Level 1:colcon.colcon_core.package_identification:_identify(src/crazyswarm2/ros_ws/src/crazyswarm/scripts/crossing2_pps) by extensions ['colcon_pkg']
[0.427s] Level 1:colcon.colcon_core.package_identification:_identify(src/crazyswarm2/ros_ws/src/crazyswarm/scripts/crossing2_pps) by extension 'colcon_pkg'
[0.427s] Level 1:colcon.colcon_core.package_identification:_identify(src/crazyswarm2/ros_ws/src/crazyswarm/scripts/crossing2_pps) by extensions ['colcon_meta']
[0.427s] Level 1:colcon.colcon_core.package_identification:_identify(src/crazyswarm2/ros_ws/src/crazyswarm/scripts/crossing2_pps) by extension 'colcon_meta'
[0.427s] Level 1:colcon.colcon_core.package_identification:_identify(src/crazyswarm2/ros_ws/src/crazyswarm/scripts/crossing2_pps) by extensions ['ros']
[0.427s] Level 1:colcon.colcon_core.package_identification:_identify(src/crazyswarm2/ros_ws/src/crazyswarm/scripts/crossing2_pps) by extension 'ros'
[0.427s] Level 1:colcon.colcon_core.package_identification:_identify(src/crazyswarm2/ros_ws/src/crazyswarm/scripts/crossing2_pps) by extensions ['cmake', 'python']
[0.427s] Level 1:colcon.colcon_core.package_identification:_identify(src/crazyswarm2/ros_ws/src/crazyswarm/scripts/crossing2_pps) by extension 'cmake'
[0.427s] Level 1:colcon.colcon_core.package_identification:_identify(src/crazyswarm2/ros_ws/src/crazyswarm/scripts/crossing2_pps) by extension 'python'
[0.427s] Level 1:colcon.colcon_core.package_identification:_identify(src/crazyswarm2/ros_ws/src/crazyswarm/scripts/crossing2_pps) by extensions ['python_setup_py']
[0.427s] Level 1:colcon.colcon_core.package_identification:_identify(src/crazyswarm2/ros_ws/src/crazyswarm/scripts/crossing2_pps) by extension 'python_setup_py'
[0.427s] Level 1:colcon.colcon_core.package_identification:_identify(src/crazyswarm2/ros_ws/src/crazyswarm/scripts/crossing4_pps) by extensions ['ignore', 'ignore_ament_install']
[0.427s] Level 1:colcon.colcon_core.package_identification:_identify(src/crazyswarm2/ros_ws/src/crazyswarm/scripts/crossing4_pps) by extension 'ignore'
[0.427s] Level 1:colcon.colcon_core.package_identification:_identify(src/crazyswarm2/ros_ws/src/crazyswarm/scripts/crossing4_pps) by extension 'ignore_ament_install'
[0.427s] Level 1:colcon.colcon_core.package_identification:_identify(src/crazyswarm2/ros_ws/src/crazyswarm/scripts/crossing4_pps) by extensions ['colcon_pkg']
[0.427s] Level 1:colcon.colcon_core.package_identification:_identify(src/crazyswarm2/ros_ws/src/crazyswarm/scripts/crossing4_pps) by extension 'colcon_pkg'
[0.428s] Level 1:colcon.colcon_core.package_identification:_identify(src/crazyswarm2/ros_ws/src/crazyswarm/scripts/crossing4_pps) by extensions ['colcon_meta']
[0.428s] Level 1:colcon.colcon_core.package_identification:_identify(src/crazyswarm2/ros_ws/src/crazyswarm/scripts/crossing4_pps) by extension 'colcon_meta'
[0.428s] Level 1:colcon.colcon_core.package_identification:_identify(src/crazyswarm2/ros_ws/src/crazyswarm/scripts/crossing4_pps) by extensions ['ros']
[0.428s] Level 1:colcon.colcon_core.package_identification:_identify(src/crazyswarm2/ros_ws/src/crazyswarm/scripts/crossing4_pps) by extension 'ros'
[0.428s] Level 1:colcon.colcon_core.package_identification:_identify(src/crazyswarm2/ros_ws/src/crazyswarm/scripts/crossing4_pps) by extensions ['cmake', 'python']
[0.428s] Level 1:colcon.colcon_core.package_identification:_identify(src/crazyswarm2/ros_ws/src/crazyswarm/scripts/crossing4_pps) by extension 'cmake'
[0.428s] Level 1:colcon.colcon_core.package_identification:_identify(src/crazyswarm2/ros_ws/src/crazyswarm/scripts/crossing4_pps) by extension 'python'
[0.428s] Level 1:colcon.colcon_core.package_identification:_identify(src/crazyswarm2/ros_ws/src/crazyswarm/scripts/crossing4_pps) by extensions ['python_setup_py']
[0.428s] Level 1:colcon.colcon_core.package_identification:_identify(src/crazyswarm2/ros_ws/src/crazyswarm/scripts/crossing4_pps) by extension 'python_setup_py'
[0.428s] Level 1:colcon.colcon_core.package_identification:_identify(src/crazyswarm2/ros_ws/src/crazyswarm/scripts/sequence_trajectories) by extensions ['ignore', 'ignore_ament_install']
[0.428s] Level 1:colcon.colcon_core.package_identification:_identify(src/crazyswarm2/ros_ws/src/crazyswarm/scripts/sequence_trajectories) by extension 'ignore'
[0.428s] Level 1:colcon.colcon_core.package_identification:_identify(src/crazyswarm2/ros_ws/src/crazyswarm/scripts/sequence_trajectories) by extension 'ignore_ament_install'
[0.428s] Level 1:colcon.colcon_core.package_identification:_identify(src/crazyswarm2/ros_ws/src/crazyswarm/scripts/sequence_trajectories) by extensions ['colcon_pkg']
[0.428s] Level 1:colcon.colcon_core.package_identification:_identify(src/crazyswarm2/ros_ws/src/crazyswarm/scripts/sequence_trajectories) by extension 'colcon_pkg'
[0.428s] Level 1:colcon.colcon_core.package_identification:_identify(src/crazyswarm2/ros_ws/src/crazyswarm/scripts/sequence_trajectories) by extensions ['colcon_meta']
[0.428s] Level 1:colcon.colcon_core.package_identification:_identify(src/crazyswarm2/ros_ws/src/crazyswarm/scripts/sequence_trajectories) by extension 'colcon_meta'
[0.428s] Level 1:colcon.colcon_core.package_identification:_identify(src/crazyswarm2/ros_ws/src/crazyswarm/scripts/sequence_trajectories) by extensions ['ros']
[0.428s] Level 1:colcon.colcon_core.package_identification:_identify(src/crazyswarm2/ros_ws/src/crazyswarm/scripts/sequence_trajectories) by extension 'ros'
[0.428s] Level 1:colcon.colcon_core.package_identification:_identify(src/crazyswarm2/ros_ws/src/crazyswarm/scripts/sequence_trajectories) by extensions ['cmake', 'python']
[0.428s] Level 1:colcon.colcon_core.package_identification:_identify(src/crazyswarm2/ros_ws/src/crazyswarm/scripts/sequence_trajectories) by extension 'cmake'
[0.428s] Level 1:colcon.colcon_core.package_identification:_identify(src/crazyswarm2/ros_ws/src/crazyswarm/scripts/sequence_trajectories) by extension 'python'
[0.428s] Level 1:colcon.colcon_core.package_identification:_identify(src/crazyswarm2/ros_ws/src/crazyswarm/scripts/sequence_trajectories) by extensions ['python_setup_py']
[0.428s] Level 1:colcon.colcon_core.package_identification:_identify(src/crazyswarm2/ros_ws/src/crazyswarm/scripts/sequence_trajectories) by extension 'python_setup_py'
[0.428s] Level 1:colcon.colcon_core.package_identification:_identify(src/crazyswarm2/ros_ws/src/crazyswarm/scripts/sequence_trajectories/1) by extensions ['ignore', 'ignore_ament_install']
[0.429s] Level 1:colcon.colcon_core.package_identification:_identify(src/crazyswarm2/ros_ws/src/crazyswarm/scripts/sequence_trajectories/1) by extension 'ignore'
[0.429s] Level 1:colcon.colcon_core.package_identification:_identify(src/crazyswarm2/ros_ws/src/crazyswarm/scripts/sequence_trajectories/1) by extension 'ignore_ament_install'
[0.429s] Level 1:colcon.colcon_core.package_identification:_identify(src/crazyswarm2/ros_ws/src/crazyswarm/scripts/sequence_trajectories/1) by extensions ['colcon_pkg']
[0.429s] Level 1:colcon.colcon_core.package_identification:_identify(src/crazyswarm2/ros_ws/src/crazyswarm/scripts/sequence_trajectories/1) by extension 'colcon_pkg'
[0.429s] Level 1:colcon.colcon_core.package_identification:_identify(src/crazyswarm2/ros_ws/src/crazyswarm/scripts/sequence_trajectories/1) by extensions ['colcon_meta']
[0.429s] Level 1:colcon.colcon_core.package_identification:_identify(src/crazyswarm2/ros_ws/src/crazyswarm/scripts/sequence_trajectories/1) by extension 'colcon_meta'
[0.429s] Level 1:colcon.colcon_core.package_identification:_identify(src/crazyswarm2/ros_ws/src/crazyswarm/scripts/sequence_trajectories/1) by extensions ['ros']
[0.429s] Level 1:colcon.colcon_core.package_identification:_identify(src/crazyswarm2/ros_ws/src/crazyswarm/scripts/sequence_trajectories/1) by extension 'ros'
[0.429s] Level 1:colcon.colcon_core.package_identification:_identify(src/crazyswarm2/ros_ws/src/crazyswarm/scripts/sequence_trajectories/1) by extensions ['cmake', 'python']
[0.429s] Level 1:colcon.colcon_core.package_identification:_identify(src/crazyswarm2/ros_ws/src/crazyswarm/scripts/sequence_trajectories/1) by extension 'cmake'
[0.429s] Level 1:colcon.colcon_core.package_identification:_identify(src/crazyswarm2/ros_ws/src/crazyswarm/scripts/sequence_trajectories/1) by extension 'python'
[0.429s] Level 1:colcon.colcon_core.package_identification:_identify(src/crazyswarm2/ros_ws/src/crazyswarm/scripts/sequence_trajectories/1) by extensions ['python_setup_py']
[0.429s] Level 1:colcon.colcon_core.package_identification:_identify(src/crazyswarm2/ros_ws/src/crazyswarm/scripts/sequence_trajectories/1) by extension 'python_setup_py'
[0.429s] Level 1:colcon.colcon_core.package_identification:_identify(src/crazyswarm2/ros_ws/src/crazyswarm/scripts/sequence_trajectories/2) by extensions ['ignore', 'ignore_ament_install']
[0.429s] Level 1:colcon.colcon_core.package_identification:_identify(src/crazyswarm2/ros_ws/src/crazyswarm/scripts/sequence_trajectories/2) by extension 'ignore'
[0.429s] Level 1:colcon.colcon_core.package_identification:_identify(src/crazyswarm2/ros_ws/src/crazyswarm/scripts/sequence_trajectories/2) by extension 'ignore_ament_install'
[0.429s] Level 1:colcon.colcon_core.package_identification:_identify(src/crazyswarm2/ros_ws/src/crazyswarm/scripts/sequence_trajectories/2) by extensions ['colcon_pkg']
[0.429s] Level 1:colcon.colcon_core.package_identification:_identify(src/crazyswarm2/ros_ws/src/crazyswarm/scripts/sequence_trajectories/2) by extension 'colcon_pkg'
[0.429s] Level 1:colcon.colcon_core.package_identification:_identify(src/crazyswarm2/ros_ws/src/crazyswarm/scripts/sequence_trajectories/2) by extensions ['colcon_meta']
[0.429s] Level 1:colcon.colcon_core.package_identification:_identify(src/crazyswarm2/ros_ws/src/crazyswarm/scripts/sequence_trajectories/2) by extension 'colcon_meta'
[0.429s] Level 1:colcon.colcon_core.package_identification:_identify(src/crazyswarm2/ros_ws/src/crazyswarm/scripts/sequence_trajectories/2) by extensions ['ros']
[0.429s] Level 1:colcon.colcon_core.package_identification:_identify(src/crazyswarm2/ros_ws/src/crazyswarm/scripts/sequence_trajectories/2) by extension 'ros'
[0.429s] Level 1:colcon.colcon_core.package_identification:_identify(src/crazyswarm2/ros_ws/src/crazyswarm/scripts/sequence_trajectories/2) by extensions ['cmake', 'python']
[0.429s] Level 1:colcon.colcon_core.package_identification:_identify(src/crazyswarm2/ros_ws/src/crazyswarm/scripts/sequence_trajectories/2) by extension 'cmake'
[0.429s] Level 1:colcon.colcon_core.package_identification:_identify(src/crazyswarm2/ros_ws/src/crazyswarm/scripts/sequence_trajectories/2) by extension 'python'
[0.430s] Level 1:colcon.colcon_core.package_identification:_identify(src/crazyswarm2/ros_ws/src/crazyswarm/scripts/sequence_trajectories/2) by extensions ['python_setup_py']
[0.430s] Level 1:colcon.colcon_core.package_identification:_identify(src/crazyswarm2/ros_ws/src/crazyswarm/scripts/sequence_trajectories/2) by extension 'python_setup_py'
[0.430s] Level 1:colcon.colcon_core.package_identification:_identify(src/crazyswarm2/ros_ws/src/crazyswarm/scripts/sequence_trajectories/3) by extensions ['ignore', 'ignore_ament_install']
[0.430s] Level 1:colcon.colcon_core.package_identification:_identify(src/crazyswarm2/ros_ws/src/crazyswarm/scripts/sequence_trajectories/3) by extension 'ignore'
[0.430s] Level 1:colcon.colcon_core.package_identification:_identify(src/crazyswarm2/ros_ws/src/crazyswarm/scripts/sequence_trajectories/3) by extension 'ignore_ament_install'
[0.430s] Level 1:colcon.colcon_core.package_identification:_identify(src/crazyswarm2/ros_ws/src/crazyswarm/scripts/sequence_trajectories/3) by extensions ['colcon_pkg']
[0.430s] Level 1:colcon.colcon_core.package_identification:_identify(src/crazyswarm2/ros_ws/src/crazyswarm/scripts/sequence_trajectories/3) by extension 'colcon_pkg'
[0.430s] Level 1:colcon.colcon_core.package_identification:_identify(src/crazyswarm2/ros_ws/src/crazyswarm/scripts/sequence_trajectories/3) by extensions ['colcon_meta']
[0.430s] Level 1:colcon.colcon_core.package_identification:_identify(src/crazyswarm2/ros_ws/src/crazyswarm/scripts/sequence_trajectories/3) by extension 'colcon_meta'
[0.430s] Level 1:colcon.colcon_core.package_identification:_identify(src/crazyswarm2/ros_ws/src/crazyswarm/scripts/sequence_trajectories/3) by extensions ['ros']
[0.430s] Level 1:colcon.colcon_core.package_identification:_identify(src/crazyswarm2/ros_ws/src/crazyswarm/scripts/sequence_trajectories/3) by extension 'ros'
[0.430s] Level 1:colcon.colcon_core.package_identification:_identify(src/crazyswarm2/ros_ws/src/crazyswarm/scripts/sequence_trajectories/3) by extensions ['cmake', 'python']
[0.430s] Level 1:colcon.colcon_core.package_identification:_identify(src/crazyswarm2/ros_ws/src/crazyswarm/scripts/sequence_trajectories/3) by extension 'cmake'
[0.430s] Level 1:colcon.colcon_core.package_identification:_identify(src/crazyswarm2/ros_ws/src/crazyswarm/scripts/sequence_trajectories/3) by extension 'python'
[0.430s] Level 1:colcon.colcon_core.package_identification:_identify(src/crazyswarm2/ros_ws/src/crazyswarm/scripts/sequence_trajectories/3) by extensions ['python_setup_py']
[0.430s] Level 1:colcon.colcon_core.package_identification:_identify(src/crazyswarm2/ros_ws/src/crazyswarm/scripts/sequence_trajectories/3) by extension 'python_setup_py'
[0.430s] Level 1:colcon.colcon_core.package_identification:_identify(src/crazyswarm2/ros_ws/src/crazyswarm/scripts/sequence_trajectories/4) by extensions ['ignore', 'ignore_ament_install']
[0.430s] Level 1:colcon.colcon_core.package_identification:_identify(src/crazyswarm2/ros_ws/src/crazyswarm/scripts/sequence_trajectories/4) by extension 'ignore'
[0.430s] Level 1:colcon.colcon_core.package_identification:_identify(src/crazyswarm2/ros_ws/src/crazyswarm/scripts/sequence_trajectories/4) by extension 'ignore_ament_install'
[0.430s] Level 1:colcon.colcon_core.package_identification:_identify(src/crazyswarm2/ros_ws/src/crazyswarm/scripts/sequence_trajectories/4) by extensions ['colcon_pkg']
[0.430s] Level 1:colcon.colcon_core.package_identification:_identify(src/crazyswarm2/ros_ws/src/crazyswarm/scripts/sequence_trajectories/4) by extension 'colcon_pkg'
[0.430s] Level 1:colcon.colcon_core.package_identification:_identify(src/crazyswarm2/ros_ws/src/crazyswarm/scripts/sequence_trajectories/4) by extensions ['colcon_meta']
[0.431s] Level 1:colcon.colcon_core.package_identification:_identify(src/crazyswarm2/ros_ws/src/crazyswarm/scripts/sequence_trajectories/4) by extension 'colcon_meta'
[0.431s] Level 1:colcon.colcon_core.package_identification:_identify(src/crazyswarm2/ros_ws/src/crazyswarm/scripts/sequence_trajectories/4) by extensions ['ros']
[0.431s] Level 1:colcon.colcon_core.package_identification:_identify(src/crazyswarm2/ros_ws/src/crazyswarm/scripts/sequence_trajectories/4) by extension 'ros'
[0.431s] Level 1:colcon.colcon_core.package_identification:_identify(src/crazyswarm2/ros_ws/src/crazyswarm/scripts/sequence_trajectories/4) by extensions ['cmake', 'python']
[0.431s] Level 1:colcon.colcon_core.package_identification:_identify(src/crazyswarm2/ros_ws/src/crazyswarm/scripts/sequence_trajectories/4) by extension 'cmake'
[0.431s] Level 1:colcon.colcon_core.package_identification:_identify(src/crazyswarm2/ros_ws/src/crazyswarm/scripts/sequence_trajectories/4) by extension 'python'
[0.431s] Level 1:colcon.colcon_core.package_identification:_identify(src/crazyswarm2/ros_ws/src/crazyswarm/scripts/sequence_trajectories/4) by extensions ['python_setup_py']
[0.431s] Level 1:colcon.colcon_core.package_identification:_identify(src/crazyswarm2/ros_ws/src/crazyswarm/scripts/sequence_trajectories/4) by extension 'python_setup_py'
[0.431s] Level 1:colcon.colcon_core.package_identification:_identify(src/crazyswarm2/ros_ws/src/crazyswarm/scripts/sequence_trajectories/5) by extensions ['ignore', 'ignore_ament_install']
[0.431s] Level 1:colcon.colcon_core.package_identification:_identify(src/crazyswarm2/ros_ws/src/crazyswarm/scripts/sequence_trajectories/5) by extension 'ignore'
[0.431s] Level 1:colcon.colcon_core.package_identification:_identify(src/crazyswarm2/ros_ws/src/crazyswarm/scripts/sequence_trajectories/5) by extension 'ignore_ament_install'
[0.431s] Level 1:colcon.colcon_core.package_identification:_identify(src/crazyswarm2/ros_ws/src/crazyswarm/scripts/sequence_trajectories/5) by extensions ['colcon_pkg']
[0.431s] Level 1:colcon.colcon_core.package_identification:_identify(src/crazyswarm2/ros_ws/src/crazyswarm/scripts/sequence_trajectories/5) by extension 'colcon_pkg'
[0.431s] Level 1:colcon.colcon_core.package_identification:_identify(src/crazyswarm2/ros_ws/src/crazyswarm/scripts/sequence_trajectories/5) by extensions ['colcon_meta']
[0.431s] Level 1:colcon.colcon_core.package_identification:_identify(src/crazyswarm2/ros_ws/src/crazyswarm/scripts/sequence_trajectories/5) by extension 'colcon_meta'
[0.431s] Level 1:colcon.colcon_core.package_identification:_identify(src/crazyswarm2/ros_ws/src/crazyswarm/scripts/sequence_trajectories/5) by extensions ['ros']
[0.431s] Level 1:colcon.colcon_core.package_identification:_identify(src/crazyswarm2/ros_ws/src/crazyswarm/scripts/sequence_trajectories/5) by extension 'ros'
[0.431s] Level 1:colcon.colcon_core.package_identification:_identify(src/crazyswarm2/ros_ws/src/crazyswarm/scripts/sequence_trajectories/5) by extensions ['cmake', 'python']
[0.431s] Level 1:colcon.colcon_core.package_identification:_identify(src/crazyswarm2/ros_ws/src/crazyswarm/scripts/sequence_trajectories/5) by extension 'cmake'
[0.431s] Level 1:colcon.colcon_core.package_identification:_identify(src/crazyswarm2/ros_ws/src/crazyswarm/scripts/sequence_trajectories/5) by extension 'python'
[0.431s] Level 1:colcon.colcon_core.package_identification:_identify(src/crazyswarm2/ros_ws/src/crazyswarm/scripts/sequence_trajectories/5) by extensions ['python_setup_py']
[0.431s] Level 1:colcon.colcon_core.package_identification:_identify(src/crazyswarm2/ros_ws/src/crazyswarm/scripts/sequence_trajectories/5) by extension 'python_setup_py'
[0.432s] Level 1:colcon.colcon_core.package_identification:_identify(src/crazyswarm2/ros_ws/src/crazyswarm/scripts/sequence_trajectories/6) by extensions ['ignore', 'ignore_ament_install']
[0.432s] Level 1:colcon.colcon_core.package_identification:_identify(src/crazyswarm2/ros_ws/src/crazyswarm/scripts/sequence_trajectories/6) by extension 'ignore'
[0.432s] Level 1:colcon.colcon_core.package_identification:_identify(src/crazyswarm2/ros_ws/src/crazyswarm/scripts/sequence_trajectories/6) by extension 'ignore_ament_install'
[0.432s] Level 1:colcon.colcon_core.package_identification:_identify(src/crazyswarm2/ros_ws/src/crazyswarm/scripts/sequence_trajectories/6) by extensions ['colcon_pkg']
[0.432s] Level 1:colcon.colcon_core.package_identification:_identify(src/crazyswarm2/ros_ws/src/crazyswarm/scripts/sequence_trajectories/6) by extension 'colcon_pkg'
[0.432s] Level 1:colcon.colcon_core.package_identification:_identify(src/crazyswarm2/ros_ws/src/crazyswarm/scripts/sequence_trajectories/6) by extensions ['colcon_meta']
[0.432s] Level 1:colcon.colcon_core.package_identification:_identify(src/crazyswarm2/ros_ws/src/crazyswarm/scripts/sequence_trajectories/6) by extension 'colcon_meta'
[0.432s] Level 1:colcon.colcon_core.package_identification:_identify(src/crazyswarm2/ros_ws/src/crazyswarm/scripts/sequence_trajectories/6) by extensions ['ros']
[0.432s] Level 1:colcon.colcon_core.package_identification:_identify(src/crazyswarm2/ros_ws/src/crazyswarm/scripts/sequence_trajectories/6) by extension 'ros'
[0.432s] Level 1:colcon.colcon_core.package_identification:_identify(src/crazyswarm2/ros_ws/src/crazyswarm/scripts/sequence_trajectories/6) by extensions ['cmake', 'python']
[0.432s] Level 1:colcon.colcon_core.package_identification:_identify(src/crazyswarm2/ros_ws/src/crazyswarm/scripts/sequence_trajectories/6) by extension 'cmake'
[0.432s] Level 1:colcon.colcon_core.package_identification:_identify(src/crazyswarm2/ros_ws/src/crazyswarm/scripts/sequence_trajectories/6) by extension 'python'
[0.432s] Level 1:colcon.colcon_core.package_identification:_identify(src/crazyswarm2/ros_ws/src/crazyswarm/scripts/sequence_trajectories/6) by extensions ['python_setup_py']
[0.432s] Level 1:colcon.colcon_core.package_identification:_identify(src/crazyswarm2/ros_ws/src/crazyswarm/scripts/sequence_trajectories/6) by extension 'python_setup_py'
[0.432s] Level 1:colcon.colcon_core.package_identification:_identify(src/crazyswarm2/ros_ws/src/crazyswarm/scripts/sequence_trajectories/7) by extensions ['ignore', 'ignore_ament_install']
[0.433s] Level 1:colcon.colcon_core.package_identification:_identify(src/crazyswarm2/ros_ws/src/crazyswarm/scripts/sequence_trajectories/7) by extension 'ignore'
[0.433s] Level 1:colcon.colcon_core.package_identification:_identify(src/crazyswarm2/ros_ws/src/crazyswarm/scripts/sequence_trajectories/7) by extension 'ignore_ament_install'
[0.433s] Level 1:colcon.colcon_core.package_identification:_identify(src/crazyswarm2/ros_ws/src/crazyswarm/scripts/sequence_trajectories/7) by extensions ['colcon_pkg']
[0.433s] Level 1:colcon.colcon_core.package_identification:_identify(src/crazyswarm2/ros_ws/src/crazyswarm/scripts/sequence_trajectories/7) by extension 'colcon_pkg'
[0.433s] Level 1:colcon.colcon_core.package_identification:_identify(src/crazyswarm2/ros_ws/src/crazyswarm/scripts/sequence_trajectories/7) by extensions ['colcon_meta']
[0.433s] Level 1:colcon.colcon_core.package_identification:_identify(src/crazyswarm2/ros_ws/src/crazyswarm/scripts/sequence_trajectories/7) by extension 'colcon_meta'
[0.433s] Level 1:colcon.colcon_core.package_identification:_identify(src/crazyswarm2/ros_ws/src/crazyswarm/scripts/sequence_trajectories/7) by extensions ['ros']
[0.433s] Level 1:colcon.colcon_core.package_identification:_identify(src/crazyswarm2/ros_ws/src/crazyswarm/scripts/sequence_trajectories/7) by extension 'ros'
[0.433s] Level 1:colcon.colcon_core.package_identification:_identify(src/crazyswarm2/ros_ws/src/crazyswarm/scripts/sequence_trajectories/7) by extensions ['cmake', 'python']
[0.433s] Level 1:colcon.colcon_core.package_identification:_identify(src/crazyswarm2/ros_ws/src/crazyswarm/scripts/sequence_trajectories/7) by extension 'cmake'
[0.433s] Level 1:colcon.colcon_core.package_identification:_identify(src/crazyswarm2/ros_ws/src/crazyswarm/scripts/sequence_trajectories/7) by extension 'python'
[0.433s] Level 1:colcon.colcon_core.package_identification:_identify(src/crazyswarm2/ros_ws/src/crazyswarm/scripts/sequence_trajectories/7) by extensions ['python_setup_py']
[0.433s] Level 1:colcon.colcon_core.package_identification:_identify(src/crazyswarm2/ros_ws/src/crazyswarm/scripts/sequence_trajectories/7) by extension 'python_setup_py'
[0.434s] Level 1:colcon.colcon_core.package_identification:_identify(src/crazyswarm2/ros_ws/src/crazyswarm/scripts/swap6v_pps) by extensions ['ignore', 'ignore_ament_install']
[0.434s] Level 1:colcon.colcon_core.package_identification:_identify(src/crazyswarm2/ros_ws/src/crazyswarm/scripts/swap6v_pps) by extension 'ignore'
[0.434s] Level 1:colcon.colcon_core.package_identification:_identify(src/crazyswarm2/ros_ws/src/crazyswarm/scripts/swap6v_pps) by extension 'ignore_ament_install'
[0.434s] Level 1:colcon.colcon_core.package_identification:_identify(src/crazyswarm2/ros_ws/src/crazyswarm/scripts/swap6v_pps) by extensions ['colcon_pkg']
[0.434s] Level 1:colcon.colcon_core.package_identification:_identify(src/crazyswarm2/ros_ws/src/crazyswarm/scripts/swap6v_pps) by extension 'colcon_pkg'
[0.434s] Level 1:colcon.colcon_core.package_identification:_identify(src/crazyswarm2/ros_ws/src/crazyswarm/scripts/swap6v_pps) by extensions ['colcon_meta']
[0.434s] Level 1:colcon.colcon_core.package_identification:_identify(src/crazyswarm2/ros_ws/src/crazyswarm/scripts/swap6v_pps) by extension 'colcon_meta'
[0.434s] Level 1:colcon.colcon_core.package_identification:_identify(src/crazyswarm2/ros_ws/src/crazyswarm/scripts/swap6v_pps) by extensions ['ros']
[0.434s] Level 1:colcon.colcon_core.package_identification:_identify(src/crazyswarm2/ros_ws/src/crazyswarm/scripts/swap6v_pps) by extension 'ros'
[0.434s] Level 1:colcon.colcon_core.package_identification:_identify(src/crazyswarm2/ros_ws/src/crazyswarm/scripts/swap6v_pps) by extensions ['cmake', 'python']
[0.434s] Level 1:colcon.colcon_core.package_identification:_identify(src/crazyswarm2/ros_ws/src/crazyswarm/scripts/swap6v_pps) by extension 'cmake'
[0.434s] Level 1:colcon.colcon_core.package_identification:_identify(src/crazyswarm2/ros_ws/src/crazyswarm/scripts/swap6v_pps) by extension 'python'
[0.434s] Level 1:colcon.colcon_core.package_identification:_identify(src/crazyswarm2/ros_ws/src/crazyswarm/scripts/swap6v_pps) by extensions ['python_setup_py']
[0.434s] Level 1:colcon.colcon_core.package_identification:_identify(src/crazyswarm2/ros_ws/src/crazyswarm/scripts/swap6v_pps) by extension 'python_setup_py'
[0.435s] Level 1:colcon.colcon_core.package_identification:_identify(src/crazyswarm2/systemtests) by extensions ['ignore', 'ignore_ament_install']
[0.435s] Level 1:colcon.colcon_core.package_identification:_identify(src/crazyswarm2/systemtests) by extension 'ignore'
[0.435s] Level 1:colcon.colcon_core.package_identification:_identify(src/crazyswarm2/systemtests) by extension 'ignore_ament_install'
[0.435s] Level 1:colcon.colcon_core.package_identification:_identify(src/crazyswarm2/systemtests) by extensions ['colcon_pkg']
[0.435s] Level 1:colcon.colcon_core.package_identification:_identify(src/crazyswarm2/systemtests) by extension 'colcon_pkg'
[0.435s] Level 1:colcon.colcon_core.package_identification:_identify(src/crazyswarm2/systemtests) by extensions ['colcon_meta']
[0.435s] Level 1:colcon.colcon_core.package_identification:_identify(src/crazyswarm2/systemtests) by extension 'colcon_meta'
[0.435s] Level 1:colcon.colcon_core.package_identification:_identify(src/crazyswarm2/systemtests) by extensions ['ros']
[0.435s] Level 1:colcon.colcon_core.package_identification:_identify(src/crazyswarm2/systemtests) by extension 'ros'
[0.435s] Level 1:colcon.colcon_core.package_identification:_identify(src/crazyswarm2/systemtests) by extensions ['cmake', 'python']
[0.435s] Level 1:colcon.colcon_core.package_identification:_identify(src/crazyswarm2/systemtests) by extension 'cmake'
[0.436s] Level 1:colcon.colcon_core.package_identification:_identify(src/crazyswarm2/systemtests) by extension 'python'
[0.436s] Level 1:colcon.colcon_core.package_identification:_identify(src/crazyswarm2/systemtests) by extensions ['python_setup_py']
[0.436s] Level 1:colcon.colcon_core.package_identification:_identify(src/crazyswarm2/systemtests) by extension 'python_setup_py'
[0.436s] Level 1:colcon.colcon_core.package_identification:_identify(src/crazyswarm2/systemtests/SDplotting) by extensions ['ignore', 'ignore_ament_install']
[0.437s] Level 1:colcon.colcon_core.package_identification:_identify(src/crazyswarm2/systemtests/SDplotting) by extension 'ignore'
[0.437s] Level 1:colcon.colcon_core.package_identification:_identify(src/crazyswarm2/systemtests/SDplotting) by extension 'ignore_ament_install'
[0.437s] Level 1:colcon.colcon_core.package_identification:_identify(src/crazyswarm2/systemtests/SDplotting) by extensions ['colcon_pkg']
[0.437s] Level 1:colcon.colcon_core.package_identification:_identify(src/crazyswarm2/systemtests/SDplotting) by extension 'colcon_pkg'
[0.437s] Level 1:colcon.colcon_core.package_identification:_identify(src/crazyswarm2/systemtests/SDplotting) by extensions ['colcon_meta']
[0.437s] Level 1:colcon.colcon_core.package_identification:_identify(src/crazyswarm2/systemtests/SDplotting) by extension 'colcon_meta'
[0.437s] Level 1:colcon.colcon_core.package_identification:_identify(src/crazyswarm2/systemtests/SDplotting) by extensions ['ros']
[0.437s] Level 1:colcon.colcon_core.package_identification:_identify(src/crazyswarm2/systemtests/SDplotting) by extension 'ros'
[0.437s] Level 1:colcon.colcon_core.package_identification:_identify(src/crazyswarm2/systemtests/SDplotting) by extensions ['cmake', 'python']
[0.437s] Level 1:colcon.colcon_core.package_identification:_identify(src/crazyswarm2/systemtests/SDplotting) by extension 'cmake'
[0.438s] Level 1:colcon.colcon_core.package_identification:_identify(src/crazyswarm2/systemtests/SDplotting) by extension 'python'
[0.438s] Level 1:colcon.colcon_core.package_identification:_identify(src/crazyswarm2/systemtests/SDplotting) by extensions ['python_setup_py']
[0.438s] Level 1:colcon.colcon_core.package_identification:_identify(src/crazyswarm2/systemtests/SDplotting) by extension 'python_setup_py'
[0.438s] Level 1:colcon.colcon_core.package_identification:_identify(src/ros_gz_crazyflie) by extensions ['ignore', 'ignore_ament_install']
[0.438s] Level 1:colcon.colcon_core.package_identification:_identify(src/ros_gz_crazyflie) by extension 'ignore'
[0.438s] Level 1:colcon.colcon_core.package_identification:_identify(src/ros_gz_crazyflie) by extension 'ignore_ament_install'
[0.438s] Level 1:colcon.colcon_core.package_identification:_identify(src/ros_gz_crazyflie) by extensions ['colcon_pkg']
[0.438s] Level 1:colcon.colcon_core.package_identification:_identify(src/ros_gz_crazyflie) by extension 'colcon_pkg'
[0.438s] Level 1:colcon.colcon_core.package_identification:_identify(src/ros_gz_crazyflie) by extensions ['colcon_meta']
[0.438s] Level 1:colcon.colcon_core.package_identification:_identify(src/ros_gz_crazyflie) by extension 'colcon_meta'
[0.438s] Level 1:colcon.colcon_core.package_identification:_identify(src/ros_gz_crazyflie) by extensions ['ros']
[0.438s] Level 1:colcon.colcon_core.package_identification:_identify(src/ros_gz_crazyflie) by extension 'ros'
[0.439s] Level 1:colcon.colcon_core.package_identification:_identify(src/ros_gz_crazyflie) by extensions ['cmake', 'python']
[0.439s] Level 1:colcon.colcon_core.package_identification:_identify(src/ros_gz_crazyflie) by extension 'cmake'
[0.439s] Level 1:colcon.colcon_core.package_identification:_identify(src/ros_gz_crazyflie) by extension 'python'
[0.439s] Level 1:colcon.colcon_core.package_identification:_identify(src/ros_gz_crazyflie) by extensions ['python_setup_py']
[0.439s] Level 1:colcon.colcon_core.package_identification:_identify(src/ros_gz_crazyflie) by extension 'python_setup_py'
[0.439s] Level 1:colcon.colcon_core.package_identification:_identify(src/ros_gz_crazyflie/ros_gz_crazyflie_bringup) by extensions ['ignore', 'ignore_ament_install']
[0.439s] Level 1:colcon.colcon_core.package_identification:_identify(src/ros_gz_crazyflie/ros_gz_crazyflie_bringup) by extension 'ignore'
[0.440s] Level 1:colcon.colcon_core.package_identification:_identify(src/ros_gz_crazyflie/ros_gz_crazyflie_bringup) by extension 'ignore_ament_install'
[0.440s] Level 1:colcon.colcon_core.package_identification:_identify(src/ros_gz_crazyflie/ros_gz_crazyflie_bringup) by extensions ['colcon_pkg']
[0.440s] Level 1:colcon.colcon_core.package_identification:_identify(src/ros_gz_crazyflie/ros_gz_crazyflie_bringup) by extension 'colcon_pkg'
[0.440s] Level 1:colcon.colcon_core.package_identification:_identify(src/ros_gz_crazyflie/ros_gz_crazyflie_bringup) by extensions ['colcon_meta']
[0.440s] Level 1:colcon.colcon_core.package_identification:_identify(src/ros_gz_crazyflie/ros_gz_crazyflie_bringup) by extension 'colcon_meta'
[0.440s] Level 1:colcon.colcon_core.package_identification:_identify(src/ros_gz_crazyflie/ros_gz_crazyflie_bringup) by extensions ['ros']
[0.441s] Level 1:colcon.colcon_core.package_identification:_identify(src/ros_gz_crazyflie/ros_gz_crazyflie_bringup) by extension 'ros'
[0.442s] DEBUG:colcon.colcon_core.package_identification:Package 'src/ros_gz_crazyflie/ros_gz_crazyflie_bringup' with type 'ros.ament_cmake' and name 'ros_gz_crazyflie_bringup'
[0.442s] Level 1:colcon.colcon_core.package_identification:_identify(src/ros_gz_crazyflie/ros_gz_crazyflie_control) by extensions ['ignore', 'ignore_ament_install']
[0.442s] Level 1:colcon.colcon_core.package_identification:_identify(src/ros_gz_crazyflie/ros_gz_crazyflie_control) by extension 'ignore'
[0.442s] Level 1:colcon.colcon_core.package_identification:_identify(src/ros_gz_crazyflie/ros_gz_crazyflie_control) by extension 'ignore_ament_install'
[0.442s] Level 1:colcon.colcon_core.package_identification:_identify(src/ros_gz_crazyflie/ros_gz_crazyflie_control) by extensions ['colcon_pkg']
[0.442s] Level 1:colcon.colcon_core.package_identification:_identify(src/ros_gz_crazyflie/ros_gz_crazyflie_control) by extension 'colcon_pkg'
[0.442s] Level 1:colcon.colcon_core.package_identification:_identify(src/ros_gz_crazyflie/ros_gz_crazyflie_control) by extensions ['colcon_meta']
[0.442s] Level 1:colcon.colcon_core.package_identification:_identify(src/ros_gz_crazyflie/ros_gz_crazyflie_control) by extension 'colcon_meta'
[0.442s] Level 1:colcon.colcon_core.package_identification:_identify(src/ros_gz_crazyflie/ros_gz_crazyflie_control) by extensions ['ros']
[0.442s] Level 1:colcon.colcon_core.package_identification:_identify(src/ros_gz_crazyflie/ros_gz_crazyflie_control) by extension 'ros'
[0.444s] DEBUG:colcon.colcon_core.package_identification:Package 'src/ros_gz_crazyflie/ros_gz_crazyflie_control' with type 'ros.ament_python' and name 'ros_gz_crazyflie_control'
[0.444s] Level 1:colcon.colcon_core.package_identification:_identify(src/ros_gz_crazyflie/ros_gz_crazyflie_gazebo) by extensions ['ignore', 'ignore_ament_install']
[0.444s] Level 1:colcon.colcon_core.package_identification:_identify(src/ros_gz_crazyflie/ros_gz_crazyflie_gazebo) by extension 'ignore'
[0.445s] Level 1:colcon.colcon_core.package_identification:_identify(src/ros_gz_crazyflie/ros_gz_crazyflie_gazebo) by extension 'ignore_ament_install'
[0.445s] Level 1:colcon.colcon_core.package_identification:_identify(src/ros_gz_crazyflie/ros_gz_crazyflie_gazebo) by extensions ['colcon_pkg']
[0.445s] Level 1:colcon.colcon_core.package_identification:_identify(src/ros_gz_crazyflie/ros_gz_crazyflie_gazebo) by extension 'colcon_pkg'
[0.445s] Level 1:colcon.colcon_core.package_identification:_identify(src/ros_gz_crazyflie/ros_gz_crazyflie_gazebo) by extensions ['colcon_meta']
[0.445s] Level 1:colcon.colcon_core.package_identification:_identify(src/ros_gz_crazyflie/ros_gz_crazyflie_gazebo) by extension 'colcon_meta'
[0.446s] Level 1:colcon.colcon_core.package_identification:_identify(src/ros_gz_crazyflie/ros_gz_crazyflie_gazebo) by extensions ['ros']
[0.446s] Level 1:colcon.colcon_core.package_identification:_identify(src/ros_gz_crazyflie/ros_gz_crazyflie_gazebo) by extension 'ros'
[0.448s] DEBUG:colcon.colcon_core.package_identification:Package 'src/ros_gz_crazyflie/ros_gz_crazyflie_gazebo' with type 'ros.ament_cmake' and name 'ros_gz_crazyflie_gazebo'
[0.448s] Level 1:colcon.colcon_core.package_discovery:discover_packages(recursive) using defaults
[0.448s] Level 1:colcon.colcon_core.package_discovery:discover_packages(ignore) discover
[0.448s] Level 1:colcon.colcon_core.package_discovery:discover_packages(ignore) using defaults
[0.448s] Level 1:colcon.colcon_core.package_discovery:discover_packages(path) discover
[0.448s] Level 1:colcon.colcon_core.package_discovery:discover_packages(path) using defaults
[0.534s] Level 1:colcon.colcon_core.package_discovery:discover_packages(prefix_path) check parameters
[0.534s] Level 1:colcon.colcon_core.package_discovery:discover_packages(prefix_path) discover
[0.538s] DEBUG:colcon.colcon_installed_package_information.package_discovery:Found 290 installed packages in /opt/ros/humble
[0.540s] Level 1:colcon.colcon_core.package_discovery:discover_packages(prefix_path) using defaults
[0.607s] Level 5:colcon.colcon_core.verb:set package 'crazyflie_interfaces' build argument 'cmake_args' from command line to '['-DBUILD_TESTING=ON']'
[0.607s] Level 5:colcon.colcon_core.verb:set package 'crazyflie_interfaces' build argument 'cmake_target' from command line to 'None'
[0.607s] Level 5:colcon.colcon_core.verb:set package 'crazyflie_interfaces' build argument 'cmake_target_skip_unavailable' from command line to 'False'
[0.607s] Level 5:colcon.colcon_core.verb:set package 'crazyflie_interfaces' build argument 'cmake_clean_cache' from command line to 'False'
[0.607s] Level 5:colcon.colcon_core.verb:set package 'crazyflie_interfaces' build argument 'cmake_clean_first' from command line to 'False'
[0.607s] Level 5:colcon.colcon_core.verb:set package 'crazyflie_interfaces' build argument 'cmake_force_configure' from command line to 'False'
[0.607s] Level 5:colcon.colcon_core.verb:set package 'crazyflie_interfaces' build argument 'ament_cmake_args' from command line to 'None'
[0.607s] Level 5:colcon.colcon_core.verb:set package 'crazyflie_interfaces' build argument 'catkin_cmake_args' from command line to 'None'
[0.607s] Level 5:colcon.colcon_core.verb:set package 'crazyflie_interfaces' build argument 'catkin_skip_building_tests' from command line to 'False'
[0.607s] DEBUG:colcon.colcon_core.verb:Building package 'crazyflie_interfaces' with the following arguments: {'ament_cmake_args': None, 'build_base': '/home/raghav/crazyflie_mapping_demo/ros2_ws/build/crazyflie_interfaces', 'catkin_cmake_args': None, 'catkin_skip_building_tests': False, 'cmake_args': ['-DBUILD_TESTING=ON'], 'cmake_clean_cache': False, 'cmake_clean_first': False, 'cmake_force_configure': False, 'cmake_target': None, 'cmake_target_skip_unavailable': False, 'install_base': '/home/raghav/crazyflie_mapping_demo/ros2_ws/install/crazyflie_interfaces', 'merge_install': False, 'path': '/home/raghav/crazyflie_mapping_demo/ros2_ws/src/crazyswarm2/crazyflie_interfaces', 'symlink_install': False, 'test_result_base': None}
[0.608s] Level 5:colcon.colcon_core.verb:set package 'crazyflie_ros2_multiranger_simple_mapper' build argument 'cmake_args' from command line to '['-DBUILD_TESTING=ON']'
[0.608s] Level 5:colcon.colcon_core.verb:set package 'crazyflie_ros2_multiranger_simple_mapper' build argument 'cmake_target' from command line to 'None'
[0.608s] Level 5:colcon.colcon_core.verb:set package 'crazyflie_ros2_multiranger_simple_mapper' build argument 'cmake_target_skip_unavailable' from command line to 'False'
[0.608s] Level 5:colcon.colcon_core.verb:set package 'crazyflie_ros2_multiranger_simple_mapper' build argument 'cmake_clean_cache' from command line to 'False'
[0.608s] Level 5:colcon.colcon_core.verb:set package 'crazyflie_ros2_multiranger_simple_mapper' build argument 'cmake_clean_first' from command line to 'False'
[0.608s] Level 5:colcon.colcon_core.verb:set package 'crazyflie_ros2_multiranger_simple_mapper' build argument 'cmake_force_configure' from command line to 'False'
[0.608s] Level 5:colcon.colcon_core.verb:set package 'crazyflie_ros2_multiranger_simple_mapper' build argument 'ament_cmake_args' from command line to 'None'
[0.608s] Level 5:colcon.colcon_core.verb:set package 'crazyflie_ros2_multiranger_simple_mapper' build argument 'catkin_cmake_args' from command line to 'None'
[0.608s] Level 5:colcon.colcon_core.verb:set package 'crazyflie_ros2_multiranger_simple_mapper' build argument 'catkin_skip_building_tests' from command line to 'False'
[0.608s] DEBUG:colcon.colcon_core.verb:Building package 'crazyflie_ros2_multiranger_simple_mapper' with the following arguments: {'ament_cmake_args': None, 'build_base': '/home/raghav/crazyflie_mapping_demo/ros2_ws/build/crazyflie_ros2_multiranger_simple_mapper', 'catkin_cmake_args': None, 'catkin_skip_building_tests': False, 'cmake_args': ['-DBUILD_TESTING=ON'], 'cmake_clean_cache': False, 'cmake_clean_first': False, 'cmake_force_configure': False, 'cmake_target': None, 'cmake_target_skip_unavailable': False, 'install_base': '/home/raghav/crazyflie_mapping_demo/ros2_ws/install/crazyflie_ros2_multiranger_simple_mapper', 'merge_install': False, 'path': '/home/raghav/crazyflie_mapping_demo/ros2_ws/src/crazyflie_ros2_multiranger/crazyflie_ros2_multiranger_simple_mapper', 'symlink_install': False, 'test_result_base': None}
[0.609s] Level 5:colcon.colcon_core.verb:set package 'crazyflie_ros2_multiranger_wall_following' build argument 'cmake_args' from command line to '['-DBUILD_TESTING=ON']'
[0.609s] Level 5:colcon.colcon_core.verb:set package 'crazyflie_ros2_multiranger_wall_following' build argument 'cmake_target' from command line to 'None'
[0.609s] Level 5:colcon.colcon_core.verb:set package 'crazyflie_ros2_multiranger_wall_following' build argument 'cmake_target_skip_unavailable' from command line to 'False'
[0.609s] Level 5:colcon.colcon_core.verb:set package 'crazyflie_ros2_multiranger_wall_following' build argument 'cmake_clean_cache' from command line to 'False'
[0.609s] Level 5:colcon.colcon_core.verb:set package 'crazyflie_ros2_multiranger_wall_following' build argument 'cmake_clean_first' from command line to 'False'
[0.609s] Level 5:colcon.colcon_core.verb:set package 'crazyflie_ros2_multiranger_wall_following' build argument 'cmake_force_configure' from command line to 'False'
[0.609s] Level 5:colcon.colcon_core.verb:set package 'crazyflie_ros2_multiranger_wall_following' build argument 'ament_cmake_args' from command line to 'None'
[0.609s] Level 5:colcon.colcon_core.verb:set package 'crazyflie_ros2_multiranger_wall_following' build argument 'catkin_cmake_args' from command line to 'None'
[0.609s] Level 5:colcon.colcon_core.verb:set package 'crazyflie_ros2_multiranger_wall_following' build argument 'catkin_skip_building_tests' from command line to 'False'
[0.609s] DEBUG:colcon.colcon_core.verb:Building package 'crazyflie_ros2_multiranger_wall_following' with the following arguments: {'ament_cmake_args': None, 'build_base': '/home/raghav/crazyflie_mapping_demo/ros2_ws/build/crazyflie_ros2_multiranger_wall_following', 'catkin_cmake_args': None, 'catkin_skip_building_tests': False, 'cmake_args': ['-DBUILD_TESTING=ON'], 'cmake_clean_cache': False, 'cmake_clean_first': False, 'cmake_force_configure': False, 'cmake_target': None, 'cmake_target_skip_unavailable': False, 'install_base': '/home/raghav/crazyflie_mapping_demo/ros2_ws/install/crazyflie_ros2_multiranger_wall_following', 'merge_install': False, 'path': '/home/raghav/crazyflie_mapping_demo/ros2_ws/src/crazyflie_ros2_multiranger/crazyflie_ros2_multiranger_wall_following', 'symlink_install': False, 'test_result_base': None}
[0.610s] Level 5:colcon.colcon_core.verb:set package 'ros_gz_crazyflie_control' build argument 'cmake_args' from command line to '['-DBUILD_TESTING=ON']'
[0.610s] Level 5:colcon.colcon_core.verb:set package 'ros_gz_crazyflie_control' build argument 'cmake_target' from command line to 'None'
[0.610s] Level 5:colcon.colcon_core.verb:set package 'ros_gz_crazyflie_control' build argument 'cmake_target_skip_unavailable' from command line to 'False'
[0.610s] Level 5:colcon.colcon_core.verb:set package 'ros_gz_crazyflie_control' build argument 'cmake_clean_cache' from command line to 'False'
[0.610s] Level 5:colcon.colcon_core.verb:set package 'ros_gz_crazyflie_control' build argument 'cmake_clean_first' from command line to 'False'
[0.610s] Level 5:colcon.colcon_core.verb:set package 'ros_gz_crazyflie_control' build argument 'cmake_force_configure' from command line to 'False'
[0.610s] Level 5:colcon.colcon_core.verb:set package 'ros_gz_crazyflie_control' build argument 'ament_cmake_args' from command line to 'None'
[0.610s] Level 5:colcon.colcon_core.verb:set package 'ros_gz_crazyflie_control' build argument 'catkin_cmake_args' from command line to 'None'
[0.610s] Level 5:colcon.colcon_core.verb:set package 'ros_gz_crazyflie_control' build argument 'catkin_skip_building_tests' from command line to 'False'
[0.610s] DEBUG:colcon.colcon_core.verb:Building package 'ros_gz_crazyflie_control' with the following arguments: {'ament_cmake_args': None, 'build_base': '/home/raghav/crazyflie_mapping_demo/ros2_ws/build/ros_gz_crazyflie_control', 'catkin_cmake_args': None, 'catkin_skip_building_tests': False, 'cmake_args': ['-DBUILD_TESTING=ON'], 'cmake_clean_cache': False, 'cmake_clean_first': False, 'cmake_force_configure': False, 'cmake_target': None, 'cmake_target_skip_unavailable': False, 'install_base': '/home/raghav/crazyflie_mapping_demo/ros2_ws/install/ros_gz_crazyflie_control', 'merge_install': False, 'path': '/home/raghav/crazyflie_mapping_demo/ros2_ws/src/ros_gz_crazyflie/ros_gz_crazyflie_control', 'symlink_install': False, 'test_result_base': None}
[0.611s] Level 5:colcon.colcon_core.verb:set package 'ros_gz_crazyflie_gazebo' build argument 'cmake_args' from command line to '['-DBUILD_TESTING=ON']'
[0.611s] Level 5:colcon.colcon_core.verb:set package 'ros_gz_crazyflie_gazebo' build argument 'cmake_target' from command line to 'None'
[0.611s] Level 5:colcon.colcon_core.verb:set package 'ros_gz_crazyflie_gazebo' build argument 'cmake_target_skip_unavailable' from command line to 'False'
[0.611s] Level 5:colcon.colcon_core.verb:set package 'ros_gz_crazyflie_gazebo' build argument 'cmake_clean_cache' from command line to 'False'
[0.611s] Level 5:colcon.colcon_core.verb:set package 'ros_gz_crazyflie_gazebo' build argument 'cmake_clean_first' from command line to 'False'
[0.611s] Level 5:colcon.colcon_core.verb:set package 'ros_gz_crazyflie_gazebo' build argument 'cmake_force_configure' from command line to 'False'
[0.611s] Level 5:colcon.colcon_core.verb:set package 'ros_gz_crazyflie_gazebo' build argument 'ament_cmake_args' from command line to 'None'
[0.611s] Level 5:colcon.colcon_core.verb:set package 'ros_gz_crazyflie_gazebo' build argument 'catkin_cmake_args' from command line to 'None'
[0.611s] Level 5:colcon.colcon_core.verb:set package 'ros_gz_crazyflie_gazebo' build argument 'catkin_skip_building_tests' from command line to 'False'
[0.611s] DEBUG:colcon.colcon_core.verb:Building package 'ros_gz_crazyflie_gazebo' with the following arguments: {'ament_cmake_args': None, 'build_base': '/home/raghav/crazyflie_mapping_demo/ros2_ws/build/ros_gz_crazyflie_gazebo', 'catkin_cmake_args': None, 'catkin_skip_building_tests': False, 'cmake_args': ['-DBUILD_TESTING=ON'], 'cmake_clean_cache': False, 'cmake_clean_first': False, 'cmake_force_configure': False, 'cmake_target': None, 'cmake_target_skip_unavailable': False, 'install_base': '/home/raghav/crazyflie_mapping_demo/ros2_ws/install/ros_gz_crazyflie_gazebo', 'merge_install': False, 'path': '/home/raghav/crazyflie_mapping_demo/ros2_ws/src/ros_gz_crazyflie/ros_gz_crazyflie_gazebo', 'symlink_install': False, 'test_result_base': None}
[0.612s] Level 5:colcon.colcon_core.verb:set package 'crazyflie' build argument 'cmake_args' from command line to '['-DBUILD_TESTING=ON']'
[0.612s] Level 5:colcon.colcon_core.verb:set package 'crazyflie' build argument 'cmake_target' from command line to 'None'
[0.612s] Level 5:colcon.colcon_core.verb:set package 'crazyflie' build argument 'cmake_target_skip_unavailable' from command line to 'False'
[0.612s] Level 5:colcon.colcon_core.verb:set package 'crazyflie' build argument 'cmake_clean_cache' from command line to 'False'
[0.612s] Level 5:colcon.colcon_core.verb:set package 'crazyflie' build argument 'cmake_clean_first' from command line to 'False'
[0.612s] Level 5:colcon.colcon_core.verb:set package 'crazyflie' build argument 'cmake_force_configure' from command line to 'False'
[0.612s] Level 5:colcon.colcon_core.verb:set package 'crazyflie' build argument 'ament_cmake_args' from command line to 'None'
[0.612s] Level 5:colcon.colcon_core.verb:set package 'crazyflie' build argument 'catkin_cmake_args' from command line to 'None'
[0.612s] Level 5:colcon.colcon_core.verb:set package 'crazyflie' build argument 'catkin_skip_building_tests' from command line to 'False'
[0.612s] DEBUG:colcon.colcon_core.verb:Building package 'crazyflie' with the following arguments: {'ament_cmake_args': None, 'build_base': '/home/raghav/crazyflie_mapping_demo/ros2_ws/build/crazyflie', 'catkin_cmake_args': None, 'catkin_skip_building_tests': False, 'cmake_args': ['-DBUILD_TESTING=ON'], 'cmake_clean_cache': False, 'cmake_clean_first': False, 'cmake_force_configure': False, 'cmake_target': None, 'cmake_target_skip_unavailable': False, 'install_base': '/home/raghav/crazyflie_mapping_demo/ros2_ws/install/crazyflie', 'merge_install': False, 'path': '/home/raghav/crazyflie_mapping_demo/ros2_ws/src/crazyswarm2/crazyflie', 'symlink_install': False, 'test_result_base': None}
[0.613s] Level 5:colcon.colcon_core.verb:set package 'crazyflie_py' build argument 'cmake_args' from command line to '['-DBUILD_TESTING=ON']'
[0.613s] Level 5:colcon.colcon_core.verb:set package 'crazyflie_py' build argument 'cmake_target' from command line to 'None'
[0.613s] Level 5:colcon.colcon_core.verb:set package 'crazyflie_py' build argument 'cmake_target_skip_unavailable' from command line to 'False'
[0.613s] Level 5:colcon.colcon_core.verb:set package 'crazyflie_py' build argument 'cmake_clean_cache' from command line to 'False'
[0.613s] Level 5:colcon.colcon_core.verb:set package 'crazyflie_py' build argument 'cmake_clean_first' from command line to 'False'
[0.613s] Level 5:colcon.colcon_core.verb:set package 'crazyflie_py' build argument 'cmake_force_configure' from command line to 'False'
[0.613s] Level 5:colcon.colcon_core.verb:set package 'crazyflie_py' build argument 'ament_cmake_args' from command line to 'None'
[0.613s] Level 5:colcon.colcon_core.verb:set package 'crazyflie_py' build argument 'catkin_cmake_args' from command line to 'None'
[0.613s] Level 5:colcon.colcon_core.verb:set package 'crazyflie_py' build argument 'catkin_skip_building_tests' from command line to 'False'
[0.613s] DEBUG:colcon.colcon_core.verb:Building package 'crazyflie_py' with the following arguments: {'ament_cmake_args': None, 'build_base': '/home/raghav/crazyflie_mapping_demo/ros2_ws/build/crazyflie_py', 'catkin_cmake_args': None, 'catkin_skip_building_tests': False, 'cmake_args': ['-DBUILD_TESTING=ON'], 'cmake_clean_cache': False, 'cmake_clean_first': False, 'cmake_force_configure': False, 'cmake_target': None, 'cmake_target_skip_unavailable': False, 'install_base': '/home/raghav/crazyflie_mapping_demo/ros2_ws/install/crazyflie_py', 'merge_install': False, 'path': '/home/raghav/crazyflie_mapping_demo/ros2_ws/src/crazyswarm2/crazyflie_py', 'symlink_install': False, 'test_result_base': None}
[0.614s] Level 5:colcon.colcon_core.verb:set package 'crazyflie_sim' build argument 'cmake_args' from command line to '['-DBUILD_TESTING=ON']'
[0.614s] Level 5:colcon.colcon_core.verb:set package 'crazyflie_sim' build argument 'cmake_target' from command line to 'None'
[0.614s] Level 5:colcon.colcon_core.verb:set package 'crazyflie_sim' build argument 'cmake_target_skip_unavailable' from command line to 'False'
[0.614s] Level 5:colcon.colcon_core.verb:set package 'crazyflie_sim' build argument 'cmake_clean_cache' from command line to 'False'
[0.614s] Level 5:colcon.colcon_core.verb:set package 'crazyflie_sim' build argument 'cmake_clean_first' from command line to 'False'
[0.614s] Level 5:colcon.colcon_core.verb:set package 'crazyflie_sim' build argument 'cmake_force_configure' from command line to 'False'
[0.614s] Level 5:colcon.colcon_core.verb:set package 'crazyflie_sim' build argument 'ament_cmake_args' from command line to 'None'
[0.614s] Level 5:colcon.colcon_core.verb:set package 'crazyflie_sim' build argument 'catkin_cmake_args' from command line to 'None'
[0.614s] Level 5:colcon.colcon_core.verb:set package 'crazyflie_sim' build argument 'catkin_skip_building_tests' from command line to 'False'
[0.614s] DEBUG:colcon.colcon_core.verb:Building package 'crazyflie_sim' with the following arguments: {'ament_cmake_args': None, 'build_base': '/home/raghav/crazyflie_mapping_demo/ros2_ws/build/crazyflie_sim', 'catkin_cmake_args': None, 'catkin_skip_building_tests': False, 'cmake_args': ['-DBUILD_TESTING=ON'], 'cmake_clean_cache': False, 'cmake_clean_first': False, 'cmake_force_configure': False, 'cmake_target': None, 'cmake_target_skip_unavailable': False, 'install_base': '/home/raghav/crazyflie_mapping_demo/ros2_ws/install/crazyflie_sim', 'merge_install': False, 'path': '/home/raghav/crazyflie_mapping_demo/ros2_ws/src/crazyswarm2/crazyflie_sim', 'symlink_install': False, 'test_result_base': None}
[0.615s] Level 5:colcon.colcon_core.verb:set package 'ros_gz_crazyflie_bringup' build argument 'cmake_args' from command line to '['-DBUILD_TESTING=ON']'
[0.615s] Level 5:colcon.colcon_core.verb:set package 'ros_gz_crazyflie_bringup' build argument 'cmake_target' from command line to 'None'
[0.615s] Level 5:colcon.colcon_core.verb:set package 'ros_gz_crazyflie_bringup' build argument 'cmake_target_skip_unavailable' from command line to 'False'
[0.615s] Level 5:colcon.colcon_core.verb:set package 'ros_gz_crazyflie_bringup' build argument 'cmake_clean_cache' from command line to 'False'
[0.615s] Level 5:colcon.colcon_core.verb:set package 'ros_gz_crazyflie_bringup' build argument 'cmake_clean_first' from command line to 'False'
[0.615s] Level 5:colcon.colcon_core.verb:set package 'ros_gz_crazyflie_bringup' build argument 'cmake_force_configure' from command line to 'False'
[0.615s] Level 5:colcon.colcon_core.verb:set package 'ros_gz_crazyflie_bringup' build argument 'ament_cmake_args' from command line to 'None'
[0.615s] Level 5:colcon.colcon_core.verb:set package 'ros_gz_crazyflie_bringup' build argument 'catkin_cmake_args' from command line to 'None'
[0.615s] Level 5:colcon.colcon_core.verb:set package 'ros_gz_crazyflie_bringup' build argument 'catkin_skip_building_tests' from command line to 'False'
[0.615s] DEBUG:colcon.colcon_core.verb:Building package 'ros_gz_crazyflie_bringup' with the following arguments: {'ament_cmake_args': None, 'build_base': '/home/raghav/crazyflie_mapping_demo/ros2_ws/build/ros_gz_crazyflie_bringup', 'catkin_cmake_args': None, 'catkin_skip_building_tests': False, 'cmake_args': ['-DBUILD_TESTING=ON'], 'cmake_clean_cache': False, 'cmake_clean_first': False, 'cmake_force_configure': False, 'cmake_target': None, 'cmake_target_skip_unavailable': False, 'install_base': '/home/raghav/crazyflie_mapping_demo/ros2_ws/install/ros_gz_crazyflie_bringup', 'merge_install': False, 'path': '/home/raghav/crazyflie_mapping_demo/ros2_ws/src/ros_gz_crazyflie/ros_gz_crazyflie_bringup', 'symlink_install': False, 'test_result_base': None}
[0.616s] Level 5:colcon.colcon_core.verb:set package 'crazyflie_examples' build argument 'cmake_args' from command line to '['-DBUILD_TESTING=ON']'
[0.616s] Level 5:colcon.colcon_core.verb:set package 'crazyflie_examples' build argument 'cmake_target' from command line to 'None'
[0.616s] Level 5:colcon.colcon_core.verb:set package 'crazyflie_examples' build argument 'cmake_target_skip_unavailable' from command line to 'False'
[0.616s] Level 5:colcon.colcon_core.verb:set package 'crazyflie_examples' build argument 'cmake_clean_cache' from command line to 'False'
[0.616s] Level 5:colcon.colcon_core.verb:set package 'crazyflie_examples' build argument 'cmake_clean_first' from command line to 'False'
[0.616s] Level 5:colcon.colcon_core.verb:set package 'crazyflie_examples' build argument 'cmake_force_configure' from command line to 'False'
[0.616s] Level 5:colcon.colcon_core.verb:set package 'crazyflie_examples' build argument 'ament_cmake_args' from command line to 'None'
[0.616s] Level 5:colcon.colcon_core.verb:set package 'crazyflie_examples' build argument 'catkin_cmake_args' from command line to 'None'
[0.616s] Level 5:colcon.colcon_core.verb:set package 'crazyflie_examples' build argument 'catkin_skip_building_tests' from command line to 'False'
[0.616s] DEBUG:colcon.colcon_core.verb:Building package 'crazyflie_examples' with the following arguments: {'ament_cmake_args': None, 'build_base': '/home/raghav/crazyflie_mapping_demo/ros2_ws/build/crazyflie_examples', 'catkin_cmake_args': None, 'catkin_skip_building_tests': False, 'cmake_args': ['-DBUILD_TESTING=ON'], 'cmake_clean_cache': False, 'cmake_clean_first': False, 'cmake_force_configure': False, 'cmake_target': None, 'cmake_target_skip_unavailable': False, 'install_base': '/home/raghav/crazyflie_mapping_demo/ros2_ws/install/crazyflie_examples', 'merge_install': False, 'path': '/home/raghav/crazyflie_mapping_demo/ros2_ws/src/crazyswarm2/crazyflie_examples', 'symlink_install': False, 'test_result_base': None}
[0.617s] Level 5:colcon.colcon_core.verb:set package 'crazyflie_ros2_multiranger_bringup' build argument 'cmake_args' from command line to '['-DBUILD_TESTING=ON']'
[0.617s] Level 5:colcon.colcon_core.verb:set package 'crazyflie_ros2_multiranger_bringup' build argument 'cmake_target' from command line to 'None'
[0.617s] Level 5:colcon.colcon_core.verb:set package 'crazyflie_ros2_multiranger_bringup' build argument 'cmake_target_skip_unavailable' from command line to 'False'
[0.617s] Level 5:colcon.colcon_core.verb:set package 'crazyflie_ros2_multiranger_bringup' build argument 'cmake_clean_cache' from command line to 'False'
[0.617s] Level 5:colcon.colcon_core.verb:set package 'crazyflie_ros2_multiranger_bringup' build argument 'cmake_clean_first' from command line to 'False'
[0.617s] Level 5:colcon.colcon_core.verb:set package 'crazyflie_ros2_multiranger_bringup' build argument 'cmake_force_configure' from command line to 'False'
[0.617s] Level 5:colcon.colcon_core.verb:set package 'crazyflie_ros2_multiranger_bringup' build argument 'ament_cmake_args' from command line to 'None'
[0.617s] Level 5:colcon.colcon_core.verb:set package 'crazyflie_ros2_multiranger_bringup' build argument 'catkin_cmake_args' from command line to 'None'
[0.617s] Level 5:colcon.colcon_core.verb:set package 'crazyflie_ros2_multiranger_bringup' build argument 'catkin_skip_building_tests' from command line to 'False'
[0.617s] DEBUG:colcon.colcon_core.verb:Building package 'crazyflie_ros2_multiranger_bringup' with the following arguments: {'ament_cmake_args': None, 'build_base': '/home/raghav/crazyflie_mapping_demo/ros2_ws/build/crazyflie_ros2_multiranger_bringup', 'catkin_cmake_args': None, 'catkin_skip_building_tests': False, 'cmake_args': ['-DBUILD_TESTING=ON'], 'cmake_clean_cache': False, 'cmake_clean_first': False, 'cmake_force_configure': False, 'cmake_target': None, 'cmake_target_skip_unavailable': False, 'install_base': '/home/raghav/crazyflie_mapping_demo/ros2_ws/install/crazyflie_ros2_multiranger_bringup', 'merge_install': False, 'path': '/home/raghav/crazyflie_mapping_demo/ros2_ws/src/crazyflie_ros2_multiranger/crazyflie_ros2_multiranger_bringup', 'symlink_install': False, 'test_result_base': None}
[0.617s] INFO:colcon.colcon_core.executor:Executing jobs using 'parallel' executor
[0.620s] DEBUG:colcon.colcon_parallel_executor.executor.parallel:run_until_complete
[0.621s] INFO:colcon.colcon_ros.task.ament_cmake.build:Building ROS package in '/home/raghav/crazyflie_mapping_demo/ros2_ws/src/crazyswarm2/crazyflie_interfaces' with build type 'ament_cmake'
[0.621s] INFO:colcon.colcon_cmake.task.cmake.build:Building CMake package in '/home/raghav/crazyflie_mapping_demo/ros2_ws/src/crazyswarm2/crazyflie_interfaces'
[0.624s] INFO:colcon.colcon_core.plugin_system:Skipping extension 'colcon_core.shell.bat': Not used on non-Windows systems
[0.625s] INFO:colcon.colcon_core.shell:Skip shell extension 'powershell' for command environment: Not usable outside of PowerShell
[0.625s] DEBUG:colcon.colcon_core.shell:Skip shell extension 'dsv' for command environment
[0.629s] INFO:colcon.colcon_ros.task.ament_cmake.build:Building ROS package in '/home/raghav/crazyflie_mapping_demo/ros2_ws/src/ros_gz_crazyflie/ros_gz_crazyflie_gazebo' with build type 'ament_cmake'
[0.629s] INFO:colcon.colcon_cmake.task.cmake.build:Building CMake package in '/home/raghav/crazyflie_mapping_demo/ros2_ws/src/ros_gz_crazyflie/ros_gz_crazyflie_gazebo'
[0.630s] INFO:colcon.colcon_core.shell:Skip shell extension 'powershell' for command environment: Not usable outside of PowerShell
[0.630s] DEBUG:colcon.colcon_core.shell:Skip shell extension 'dsv' for command environment
[0.635s] INFO:colcon.colcon_ros.task.ament_python.build:Building ROS package in '/home/raghav/crazyflie_mapping_demo/ros2_ws/src/crazyflie_ros2_multiranger/crazyflie_ros2_multiranger_simple_mapper' with build type 'ament_python'
[0.635s] Level 1:colcon.colcon_core.shell:create_environment_hook('crazyflie_ros2_multiranger_simple_mapper', 'ament_prefix_path')
[0.636s] INFO:colcon.colcon_core.shell:Creating environment hook '/home/raghav/crazyflie_mapping_demo/ros2_ws/install/crazyflie_ros2_multiranger_simple_mapper/share/crazyflie_ros2_multiranger_simple_mapper/hook/ament_prefix_path.ps1'
[0.637s] INFO:colcon.colcon_core.shell:Creating environment descriptor '/home/raghav/crazyflie_mapping_demo/ros2_ws/install/crazyflie_ros2_multiranger_simple_mapper/share/crazyflie_ros2_multiranger_simple_mapper/hook/ament_prefix_path.dsv'
[0.638s] INFO:colcon.colcon_core.shell:Creating environment hook '/home/raghav/crazyflie_mapping_demo/ros2_ws/install/crazyflie_ros2_multiranger_simple_mapper/share/crazyflie_ros2_multiranger_simple_mapper/hook/ament_prefix_path.sh'
[0.640s] INFO:colcon.colcon_core.shell:Skip shell extension 'powershell' for command environment: Not usable outside of PowerShell
[0.640s] DEBUG:colcon.colcon_core.shell:Skip shell extension 'dsv' for command environment
[0.645s] INFO:colcon.colcon_ros.task.ament_python.build:Building ROS package in '/home/raghav/crazyflie_mapping_demo/ros2_ws/src/crazyflie_ros2_multiranger/crazyflie_ros2_multiranger_wall_following' with build type 'ament_python'
[0.645s] Level 1:colcon.colcon_core.shell:create_environment_hook('crazyflie_ros2_multiranger_wall_following', 'ament_prefix_path')
[0.646s] INFO:colcon.colcon_core.shell:Creating environment hook '/home/raghav/crazyflie_mapping_demo/ros2_ws/install/crazyflie_ros2_multiranger_wall_following/share/crazyflie_ros2_multiranger_wall_following/hook/ament_prefix_path.ps1'
[0.648s] INFO:colcon.colcon_core.shell:Creating environment descriptor '/home/raghav/crazyflie_mapping_demo/ros2_ws/install/crazyflie_ros2_multiranger_wall_following/share/crazyflie_ros2_multiranger_wall_following/hook/ament_prefix_path.dsv'
[0.648s] INFO:colcon.colcon_core.shell:Creating environment hook '/home/raghav/crazyflie_mapping_demo/ros2_ws/install/crazyflie_ros2_multiranger_wall_following/share/crazyflie_ros2_multiranger_wall_following/hook/ament_prefix_path.sh'
[0.650s] INFO:colcon.colcon_core.shell:Skip shell extension 'powershell' for command environment: Not usable outside of PowerShell
[0.650s] DEBUG:colcon.colcon_core.shell:Skip shell extension 'dsv' for command environment
[0.659s] INFO:colcon.colcon_ros.task.ament_python.build:Building ROS package in '/home/raghav/crazyflie_mapping_demo/ros2_ws/src/ros_gz_crazyflie/ros_gz_crazyflie_control' with build type 'ament_python'
[0.659s] Level 1:colcon.colcon_core.shell:create_environment_hook('ros_gz_crazyflie_control', 'ament_prefix_path')
[0.660s] INFO:colcon.colcon_core.shell:Creating environment hook '/home/raghav/crazyflie_mapping_demo/ros2_ws/install/ros_gz_crazyflie_control/share/ros_gz_crazyflie_control/hook/ament_prefix_path.ps1'
[0.663s] INFO:colcon.colcon_core.shell:Creating environment descriptor '/home/raghav/crazyflie_mapping_demo/ros2_ws/install/ros_gz_crazyflie_control/share/ros_gz_crazyflie_control/hook/ament_prefix_path.dsv'
[0.665s] INFO:colcon.colcon_core.shell:Creating environment hook '/home/raghav/crazyflie_mapping_demo/ros2_ws/install/ros_gz_crazyflie_control/share/ros_gz_crazyflie_control/hook/ament_prefix_path.sh'
[0.667s] INFO:colcon.colcon_core.shell:Skip shell extension 'powershell' for command environment: Not usable outside of PowerShell
[0.667s] DEBUG:colcon.colcon_core.shell:Skip shell extension 'dsv' for command environment
[0.685s] DEBUG:colcon.colcon_core.event_handler.log_command:Invoking command in '/home/raghav/crazyflie_mapping_demo/ros2_ws/build/crazyflie_interfaces': CMAKE_PREFIX_PATH=/opt/ros/humble /usr/bin/cmake --build /home/raghav/crazyflie_mapping_demo/ros2_ws/build/crazyflie_interfaces -- -j20 -l20
[0.692s] DEBUG:colcon.colcon_core.event_handler.log_command:Invoking command in '/home/raghav/crazyflie_mapping_demo/ros2_ws/build/ros_gz_crazyflie_gazebo': CMAKE_PREFIX_PATH=/opt/ros/humble /usr/bin/cmake --build /home/raghav/crazyflie_mapping_demo/ros2_ws/build/ros_gz_crazyflie_gazebo -- -j20 -l20
[1.118s] INFO:colcon.colcon_core.task.python.build:Building Python package in '/home/raghav/crazyflie_mapping_demo/ros2_ws/src/crazyflie_ros2_multiranger/crazyflie_ros2_multiranger_simple_mapper'
[1.119s] INFO:colcon.colcon_core.shell:Skip shell extension 'powershell' for command environment: Not usable outside of PowerShell
[1.119s] DEBUG:colcon.colcon_core.shell:Skip shell extension 'dsv' for command environment
[1.439s] INFO:colcon.colcon_core.task.python.build:Building Python package in '/home/raghav/crazyflie_mapping_demo/ros2_ws/src/crazyflie_ros2_multiranger/crazyflie_ros2_multiranger_wall_following'
[1.440s] INFO:colcon.colcon_core.shell:Skip shell extension 'powershell' for command environment: Not usable outside of PowerShell
[1.440s] DEBUG:colcon.colcon_core.shell:Skip shell extension 'dsv' for command environment
[1.905s] INFO:colcon.colcon_core.task.python.build:Building Python package in '/home/raghav/crazyflie_mapping_demo/ros2_ws/src/ros_gz_crazyflie/ros_gz_crazyflie_control'
[1.905s] INFO:colcon.colcon_core.shell:Skip shell extension 'powershell' for command environment: Not usable outside of PowerShell
[1.905s] DEBUG:colcon.colcon_core.shell:Skip shell extension 'dsv' for command environment
[1.914s] DEBUG:colcon.colcon_core.event_handler.log_command:Invoked command in '/home/raghav/crazyflie_mapping_demo/ros2_ws/build/ros_gz_crazyflie_gazebo' returned '0': CMAKE_PREFIX_PATH=/opt/ros/humble /usr/bin/cmake --build /home/raghav/crazyflie_mapping_demo/ros2_ws/build/ros_gz_crazyflie_gazebo -- -j20 -l20
[1.939s] DEBUG:colcon.colcon_core.event_handler.log_command:Invoking command in '/home/raghav/crazyflie_mapping_demo/ros2_ws/build/ros_gz_crazyflie_gazebo': CMAKE_PREFIX_PATH=/opt/ros/humble /usr/bin/cmake --install /home/raghav/crazyflie_mapping_demo/ros2_ws/build/ros_gz_crazyflie_gazebo
[1.941s] DEBUG:colcon.colcon_core.event_handler.log_command:Invoked command in '/home/raghav/crazyflie_mapping_demo/ros2_ws/build/crazyflie_interfaces' returned '0': CMAKE_PREFIX_PATH=/opt/ros/humble /usr/bin/cmake --build /home/raghav/crazyflie_mapping_demo/ros2_ws/build/crazyflie_interfaces -- -j20 -l20
[1.945s] DEBUG:colcon.colcon_core.event_handler.log_command:Invoking command in '/home/raghav/crazyflie_mapping_demo/ros2_ws/build/crazyflie_interfaces': CMAKE_PREFIX_PATH=/opt/ros/humble /usr/bin/cmake --install /home/raghav/crazyflie_mapping_demo/ros2_ws/build/crazyflie_interfaces
[1.991s] Level 1:colcon.colcon_core.environment:create_environment_scripts_only(ros_gz_crazyflie_gazebo)
[1.996s] DEBUG:colcon.colcon_core.event_handler.log_command:Invoked command in '/home/raghav/crazyflie_mapping_demo/ros2_ws/build/ros_gz_crazyflie_gazebo' returned '0': CMAKE_PREFIX_PATH=/opt/ros/humble /usr/bin/cmake --install /home/raghav/crazyflie_mapping_demo/ros2_ws/build/ros_gz_crazyflie_gazebo
[2.001s] Level 1:colcon.colcon_core.environment:checking '/home/raghav/crazyflie_mapping_demo/ros2_ws/install/ros_gz_crazyflie_gazebo' for CMake module files
[2.005s] Level 1:colcon.colcon_core.environment:checking '/home/raghav/crazyflie_mapping_demo/ros2_ws/install/ros_gz_crazyflie_gazebo' for CMake config files
[2.008s] Level 1:colcon.colcon_core.shell:create_environment_hook('ros_gz_crazyflie_gazebo', 'cmake_prefix_path')
[2.008s] INFO:colcon.colcon_core.shell:Creating environment hook '/home/raghav/crazyflie_mapping_demo/ros2_ws/install/ros_gz_crazyflie_gazebo/share/ros_gz_crazyflie_gazebo/hook/cmake_prefix_path.ps1'
[2.010s] INFO:colcon.colcon_core.shell:Creating environment descriptor '/home/raghav/crazyflie_mapping_demo/ros2_ws/install/ros_gz_crazyflie_gazebo/share/ros_gz_crazyflie_gazebo/hook/cmake_prefix_path.dsv'
[2.011s] INFO:colcon.colcon_core.shell:Creating environment hook '/home/raghav/crazyflie_mapping_demo/ros2_ws/install/ros_gz_crazyflie_gazebo/share/ros_gz_crazyflie_gazebo/hook/cmake_prefix_path.sh'
[2.016s] Level 1:colcon.colcon_core.environment:checking '/home/raghav/crazyflie_mapping_demo/ros2_ws/install/ros_gz_crazyflie_gazebo/bin'
[2.016s] Level 1:colcon.colcon_core.environment:checking '/home/raghav/crazyflie_mapping_demo/ros2_ws/install/ros_gz_crazyflie_gazebo/lib/pkgconfig/ros_gz_crazyflie_gazebo.pc'
[2.017s] Level 1:colcon.colcon_core.environment:checking '/home/raghav/crazyflie_mapping_demo/ros2_ws/install/ros_gz_crazyflie_gazebo/lib/python3.10/site-packages'
[2.018s] Level 1:colcon.colcon_core.environment:checking '/home/raghav/crazyflie_mapping_demo/ros2_ws/install/ros_gz_crazyflie_gazebo/bin'
[2.018s] INFO:colcon.colcon_core.shell:Creating package script '/home/raghav/crazyflie_mapping_demo/ros2_ws/install/ros_gz_crazyflie_gazebo/share/ros_gz_crazyflie_gazebo/package.ps1'
[2.019s] INFO:colcon.colcon_core.shell:Creating package descriptor '/home/raghav/crazyflie_mapping_demo/ros2_ws/install/ros_gz_crazyflie_gazebo/share/ros_gz_crazyflie_gazebo/package.dsv'
[2.021s] INFO:colcon.colcon_core.shell:Creating package script '/home/raghav/crazyflie_mapping_demo/ros2_ws/install/ros_gz_crazyflie_gazebo/share/ros_gz_crazyflie_gazebo/package.sh'
[2.022s] INFO:colcon.colcon_core.shell:Creating package script '/home/raghav/crazyflie_mapping_demo/ros2_ws/install/ros_gz_crazyflie_gazebo/share/ros_gz_crazyflie_gazebo/package.bash'
[2.023s] INFO:colcon.colcon_core.shell:Creating package script '/home/raghav/crazyflie_mapping_demo/ros2_ws/install/ros_gz_crazyflie_gazebo/share/ros_gz_crazyflie_gazebo/package.zsh'
[2.023s] Level 1:colcon.colcon_core.environment:create_file_with_runtime_dependencies(/home/raghav/crazyflie_mapping_demo/ros2_ws/install/ros_gz_crazyflie_gazebo/share/colcon-core/packages/ros_gz_crazyflie_gazebo)
[2.024s] Level 1:colcon.colcon_core.environment:create_environment_scripts_only(ros_gz_crazyflie_gazebo)
[2.024s] Level 1:colcon.colcon_core.environment:checking '/home/raghav/crazyflie_mapping_demo/ros2_ws/install/ros_gz_crazyflie_gazebo' for CMake module files
[2.028s] Level 1:colcon.colcon_core.environment:checking '/home/raghav/crazyflie_mapping_demo/ros2_ws/install/ros_gz_crazyflie_gazebo' for CMake config files
[2.029s] Level 1:colcon.colcon_core.shell:create_environment_hook('ros_gz_crazyflie_gazebo', 'cmake_prefix_path')
[2.029s] INFO:colcon.colcon_core.shell:Creating environment hook '/home/raghav/crazyflie_mapping_demo/ros2_ws/install/ros_gz_crazyflie_gazebo/share/ros_gz_crazyflie_gazebo/hook/cmake_prefix_path.ps1'
[2.030s] INFO:colcon.colcon_core.shell:Creating environment descriptor '/home/raghav/crazyflie_mapping_demo/ros2_ws/install/ros_gz_crazyflie_gazebo/share/ros_gz_crazyflie_gazebo/hook/cmake_prefix_path.dsv'
[2.031s] INFO:colcon.colcon_core.shell:Creating environment hook '/home/raghav/crazyflie_mapping_demo/ros2_ws/install/ros_gz_crazyflie_gazebo/share/ros_gz_crazyflie_gazebo/hook/cmake_prefix_path.sh'
[2.033s] Level 1:colcon.colcon_core.environment:checking '/home/raghav/crazyflie_mapping_demo/ros2_ws/install/ros_gz_crazyflie_gazebo/bin'
[2.033s] Level 1:colcon.colcon_core.environment:checking '/home/raghav/crazyflie_mapping_demo/ros2_ws/install/ros_gz_crazyflie_gazebo/lib/pkgconfig/ros_gz_crazyflie_gazebo.pc'
[2.034s] Level 1:colcon.colcon_core.environment:checking '/home/raghav/crazyflie_mapping_demo/ros2_ws/install/ros_gz_crazyflie_gazebo/lib/python3.10/site-packages'
[2.034s] Level 1:colcon.colcon_core.environment:checking '/home/raghav/crazyflie_mapping_demo/ros2_ws/install/ros_gz_crazyflie_gazebo/bin'
[2.036s] INFO:colcon.colcon_core.shell:Creating package script '/home/raghav/crazyflie_mapping_demo/ros2_ws/install/ros_gz_crazyflie_gazebo/share/ros_gz_crazyflie_gazebo/package.ps1'
[2.038s] INFO:colcon.colcon_core.shell:Creating package descriptor '/home/raghav/crazyflie_mapping_demo/ros2_ws/install/ros_gz_crazyflie_gazebo/share/ros_gz_crazyflie_gazebo/package.dsv'
[2.039s] INFO:colcon.colcon_core.shell:Creating package script '/home/raghav/crazyflie_mapping_demo/ros2_ws/install/ros_gz_crazyflie_gazebo/share/ros_gz_crazyflie_gazebo/package.sh'
[2.040s] INFO:colcon.colcon_core.shell:Creating package script '/home/raghav/crazyflie_mapping_demo/ros2_ws/install/ros_gz_crazyflie_gazebo/share/ros_gz_crazyflie_gazebo/package.bash'
[2.040s] INFO:colcon.colcon_core.shell:Creating package script '/home/raghav/crazyflie_mapping_demo/ros2_ws/install/ros_gz_crazyflie_gazebo/share/ros_gz_crazyflie_gazebo/package.zsh'
[2.042s] Level 1:colcon.colcon_core.environment:create_file_with_runtime_dependencies(/home/raghav/crazyflie_mapping_demo/ros2_ws/install/ros_gz_crazyflie_gazebo/share/colcon-core/packages/ros_gz_crazyflie_gazebo)
[2.043s] INFO:colcon.colcon_ros.task.ament_cmake.build:Building ROS package in '/home/raghav/crazyflie_mapping_demo/ros2_ws/src/ros_gz_crazyflie/ros_gz_crazyflie_bringup' with build type 'ament_cmake'
[2.043s] INFO:colcon.colcon_cmake.task.cmake.build:Building CMake package in '/home/raghav/crazyflie_mapping_demo/ros2_ws/src/ros_gz_crazyflie/ros_gz_crazyflie_bringup'
[2.044s] INFO:colcon.colcon_core.shell:Skip shell extension 'powershell' for command environment: Not usable outside of PowerShell
[2.044s] DEBUG:colcon.colcon_core.shell:Skip shell extension 'dsv' for command environment
[2.087s] DEBUG:colcon.colcon_core.event_handler.log_command:Invoking command in '/home/raghav/crazyflie_mapping_demo/ros2_ws/build/ros_gz_crazyflie_bringup': AMENT_PREFIX_PATH=/home/raghav/crazyflie_mapping_demo/ros2_ws/install/ros_gz_crazyflie_gazebo:${AMENT_PREFIX_PATH} CMAKE_PREFIX_PATH=/home/raghav/crazyflie_mapping_demo/ros2_ws/install/ros_gz_crazyflie_gazebo:/opt/ros/humble /usr/bin/cmake --build /home/raghav/crazyflie_mapping_demo/ros2_ws/build/ros_gz_crazyflie_bringup -- -j20 -l20
[2.125s] DEBUG:colcon.colcon_core.event_handler.log_command:Invoked command in '/home/raghav/crazyflie_mapping_demo/ros2_ws/build/ros_gz_crazyflie_bringup' returned '0': AMENT_PREFIX_PATH=/home/raghav/crazyflie_mapping_demo/ros2_ws/install/ros_gz_crazyflie_gazebo:${AMENT_PREFIX_PATH} CMAKE_PREFIX_PATH=/home/raghav/crazyflie_mapping_demo/ros2_ws/install/ros_gz_crazyflie_gazebo:/opt/ros/humble /usr/bin/cmake --build /home/raghav/crazyflie_mapping_demo/ros2_ws/build/ros_gz_crazyflie_bringup -- -j20 -l20
[2.127s] DEBUG:colcon.colcon_core.event_handler.log_command:Invoking command in '/home/raghav/crazyflie_mapping_demo/ros2_ws/build/ros_gz_crazyflie_bringup': AMENT_PREFIX_PATH=/home/raghav/crazyflie_mapping_demo/ros2_ws/install/ros_gz_crazyflie_gazebo:${AMENT_PREFIX_PATH} CMAKE_PREFIX_PATH=/home/raghav/crazyflie_mapping_demo/ros2_ws/install/ros_gz_crazyflie_gazebo:/opt/ros/humble /usr/bin/cmake --install /home/raghav/crazyflie_mapping_demo/ros2_ws/build/ros_gz_crazyflie_bringup
[2.141s] Level 1:colcon.colcon_core.environment:create_environment_scripts_only(crazyflie_interfaces)
[2.141s] Level 1:colcon.colcon_core.environment:checking '/home/raghav/crazyflie_mapping_demo/ros2_ws/install/crazyflie_interfaces' for CMake module files
[2.142s] DEBUG:colcon.colcon_core.event_handler.log_command:Invoked command in '/home/raghav/crazyflie_mapping_demo/ros2_ws/build/crazyflie_interfaces' returned '0': CMAKE_PREFIX_PATH=/opt/ros/humble /usr/bin/cmake --install /home/raghav/crazyflie_mapping_demo/ros2_ws/build/crazyflie_interfaces
[2.143s] Level 1:colcon.colcon_core.environment:checking '/home/raghav/crazyflie_mapping_demo/ros2_ws/install/crazyflie_interfaces' for CMake config files
[2.148s] Level 1:colcon.colcon_core.shell:create_environment_hook('crazyflie_interfaces', 'cmake_prefix_path')
[2.148s] INFO:colcon.colcon_core.shell:Creating environment hook '/home/raghav/crazyflie_mapping_demo/ros2_ws/install/crazyflie_interfaces/share/crazyflie_interfaces/hook/cmake_prefix_path.ps1'
[2.149s] INFO:colcon.colcon_core.shell:Creating environment descriptor '/home/raghav/crazyflie_mapping_demo/ros2_ws/install/crazyflie_interfaces/share/crazyflie_interfaces/hook/cmake_prefix_path.dsv'
[2.149s] INFO:colcon.colcon_core.shell:Creating environment hook '/home/raghav/crazyflie_mapping_demo/ros2_ws/install/crazyflie_interfaces/share/crazyflie_interfaces/hook/cmake_prefix_path.sh'
[2.150s] Level 1:colcon.colcon_core.environment:checking '/home/raghav/crazyflie_mapping_demo/ros2_ws/install/crazyflie_interfaces/lib'
[2.150s] Level 1:colcon.colcon_core.shell:create_environment_hook('crazyflie_interfaces', 'ld_library_path_lib')
[2.150s] INFO:colcon.colcon_core.shell:Creating environment hook '/home/raghav/crazyflie_mapping_demo/ros2_ws/install/crazyflie_interfaces/share/crazyflie_interfaces/hook/ld_library_path_lib.ps1'
[2.151s] INFO:colcon.colcon_core.shell:Creating environment descriptor '/home/raghav/crazyflie_mapping_demo/ros2_ws/install/crazyflie_interfaces/share/crazyflie_interfaces/hook/ld_library_path_lib.dsv'
[2.151s] INFO:colcon.colcon_core.shell:Creating environment hook '/home/raghav/crazyflie_mapping_demo/ros2_ws/install/crazyflie_interfaces/share/crazyflie_interfaces/hook/ld_library_path_lib.sh'
[2.152s] Level 1:colcon.colcon_core.environment:checking '/home/raghav/crazyflie_mapping_demo/ros2_ws/install/crazyflie_interfaces/bin'
[2.152s] Level 1:colcon.colcon_core.environment:checking '/home/raghav/crazyflie_mapping_demo/ros2_ws/install/crazyflie_interfaces/lib/pkgconfig/crazyflie_interfaces.pc'
[2.152s] Level 1:colcon.colcon_core.environment:checking '/home/raghav/crazyflie_mapping_demo/ros2_ws/install/crazyflie_interfaces/lib/python3.10/site-packages'
[2.152s] Level 1:colcon.colcon_core.environment:checking '/home/raghav/crazyflie_mapping_demo/ros2_ws/install/crazyflie_interfaces/bin'
[2.153s] INFO:colcon.colcon_core.shell:Creating package script '/home/raghav/crazyflie_mapping_demo/ros2_ws/install/crazyflie_interfaces/share/crazyflie_interfaces/package.ps1'
[2.155s] INFO:colcon.colcon_core.shell:Creating package descriptor '/home/raghav/crazyflie_mapping_demo/ros2_ws/install/crazyflie_interfaces/share/crazyflie_interfaces/package.dsv'
[2.156s] INFO:colcon.colcon_core.shell:Creating package script '/home/raghav/crazyflie_mapping_demo/ros2_ws/install/crazyflie_interfaces/share/crazyflie_interfaces/package.sh'
[2.156s] INFO:colcon.colcon_core.shell:Creating package script '/home/raghav/crazyflie_mapping_demo/ros2_ws/install/crazyflie_interfaces/share/crazyflie_interfaces/package.bash'
[2.157s] INFO:colcon.colcon_core.shell:Creating package script '/home/raghav/crazyflie_mapping_demo/ros2_ws/install/crazyflie_interfaces/share/crazyflie_interfaces/package.zsh'
[2.157s] Level 1:colcon.colcon_core.environment:create_file_with_runtime_dependencies(/home/raghav/crazyflie_mapping_demo/ros2_ws/install/crazyflie_interfaces/share/colcon-core/packages/crazyflie_interfaces)
[2.158s] Level 1:colcon.colcon_core.environment:create_environment_scripts_only(crazyflie_interfaces)
[2.158s] Level 1:colcon.colcon_core.environment:checking '/home/raghav/crazyflie_mapping_demo/ros2_ws/install/crazyflie_interfaces' for CMake module files
[2.159s] Level 1:colcon.colcon_core.environment:checking '/home/raghav/crazyflie_mapping_demo/ros2_ws/install/crazyflie_interfaces' for CMake config files
[2.161s] Level 1:colcon.colcon_core.shell:create_environment_hook('crazyflie_interfaces', 'cmake_prefix_path')
[2.161s] INFO:colcon.colcon_core.shell:Creating environment hook '/home/raghav/crazyflie_mapping_demo/ros2_ws/install/crazyflie_interfaces/share/crazyflie_interfaces/hook/cmake_prefix_path.ps1'
[2.162s] INFO:colcon.colcon_core.shell:Creating environment descriptor '/home/raghav/crazyflie_mapping_demo/ros2_ws/install/crazyflie_interfaces/share/crazyflie_interfaces/hook/cmake_prefix_path.dsv'
[2.162s] INFO:colcon.colcon_core.shell:Creating environment hook '/home/raghav/crazyflie_mapping_demo/ros2_ws/install/crazyflie_interfaces/share/crazyflie_interfaces/hook/cmake_prefix_path.sh'
[2.163s] Level 1:colcon.colcon_core.environment:checking '/home/raghav/crazyflie_mapping_demo/ros2_ws/install/crazyflie_interfaces/lib'
[2.163s] Level 1:colcon.colcon_core.shell:create_environment_hook('crazyflie_interfaces', 'ld_library_path_lib')
[2.163s] INFO:colcon.colcon_core.shell:Creating environment hook '/home/raghav/crazyflie_mapping_demo/ros2_ws/install/crazyflie_interfaces/share/crazyflie_interfaces/hook/ld_library_path_lib.ps1'
[2.164s] INFO:colcon.colcon_core.shell:Creating environment descriptor '/home/raghav/crazyflie_mapping_demo/ros2_ws/install/crazyflie_interfaces/share/crazyflie_interfaces/hook/ld_library_path_lib.dsv'
[2.164s] INFO:colcon.colcon_core.shell:Creating environment hook '/home/raghav/crazyflie_mapping_demo/ros2_ws/install/crazyflie_interfaces/share/crazyflie_interfaces/hook/ld_library_path_lib.sh'
[2.165s] Level 1:colcon.colcon_core.environment:checking '/home/raghav/crazyflie_mapping_demo/ros2_ws/install/crazyflie_interfaces/bin'
[2.165s] Level 1:colcon.colcon_core.environment:checking '/home/raghav/crazyflie_mapping_demo/ros2_ws/install/crazyflie_interfaces/lib/pkgconfig/crazyflie_interfaces.pc'
[2.165s] Level 1:colcon.colcon_core.environment:checking '/home/raghav/crazyflie_mapping_demo/ros2_ws/install/crazyflie_interfaces/lib/python3.10/site-packages'
[2.165s] Level 1:colcon.colcon_core.environment:checking '/home/raghav/crazyflie_mapping_demo/ros2_ws/install/crazyflie_interfaces/bin'
[2.166s] INFO:colcon.colcon_core.shell:Creating package script '/home/raghav/crazyflie_mapping_demo/ros2_ws/install/crazyflie_interfaces/share/crazyflie_interfaces/package.ps1'
[2.167s] INFO:colcon.colcon_core.shell:Creating package descriptor '/home/raghav/crazyflie_mapping_demo/ros2_ws/install/crazyflie_interfaces/share/crazyflie_interfaces/package.dsv'
[2.167s] INFO:colcon.colcon_core.shell:Creating package script '/home/raghav/crazyflie_mapping_demo/ros2_ws/install/crazyflie_interfaces/share/crazyflie_interfaces/package.sh'
[2.168s] INFO:colcon.colcon_core.shell:Creating package script '/home/raghav/crazyflie_mapping_demo/ros2_ws/install/crazyflie_interfaces/share/crazyflie_interfaces/package.bash'
[2.168s] INFO:colcon.colcon_core.shell:Creating package script '/home/raghav/crazyflie_mapping_demo/ros2_ws/install/crazyflie_interfaces/share/crazyflie_interfaces/package.zsh'
[2.168s] Level 1:colcon.colcon_core.environment:create_file_with_runtime_dependencies(/home/raghav/crazyflie_mapping_demo/ros2_ws/install/crazyflie_interfaces/share/colcon-core/packages/crazyflie_interfaces)
[2.169s] INFO:colcon.colcon_ros.task.ament_python.build:Building ROS package in '/home/raghav/crazyflie_mapping_demo/ros2_ws/src/crazyswarm2/crazyflie_py' with build type 'ament_python'
[2.169s] Level 1:colcon.colcon_core.shell:create_environment_hook('crazyflie_py', 'ament_prefix_path')
[2.169s] INFO:colcon.colcon_core.shell:Creating environment hook '/home/raghav/crazyflie_mapping_demo/ros2_ws/install/crazyflie_py/share/crazyflie_py/hook/ament_prefix_path.ps1'
[2.170s] INFO:colcon.colcon_core.shell:Creating environment descriptor '/home/raghav/crazyflie_mapping_demo/ros2_ws/install/crazyflie_py/share/crazyflie_py/hook/ament_prefix_path.dsv'
[2.171s] INFO:colcon.colcon_core.shell:Creating environment hook '/home/raghav/crazyflie_mapping_demo/ros2_ws/install/crazyflie_py/share/crazyflie_py/hook/ament_prefix_path.sh'
[2.172s] INFO:colcon.colcon_core.shell:Skip shell extension 'powershell' for command environment: Not usable outside of PowerShell
[2.172s] DEBUG:colcon.colcon_core.shell:Skip shell extension 'dsv' for command environment
[2.175s] INFO:colcon.colcon_ros.task.ament_cmake.build:Building ROS package in '/home/raghav/crazyflie_mapping_demo/ros2_ws/src/crazyswarm2/crazyflie' with build type 'ament_cmake'
[2.175s] INFO:colcon.colcon_cmake.task.cmake.build:Building CMake package in '/home/raghav/crazyflie_mapping_demo/ros2_ws/src/crazyswarm2/crazyflie'
[2.176s] INFO:colcon.colcon_core.shell:Skip shell extension 'powershell' for command environment: Not usable outside of PowerShell
[2.176s] DEBUG:colcon.colcon_core.shell:Skip shell extension 'dsv' for command environment
[2.178s] INFO:colcon.colcon_ros.task.ament_cmake.build:Building ROS package in '/home/raghav/crazyflie_mapping_demo/ros2_ws/src/crazyswarm2/crazyflie_sim' with build type 'ament_cmake'
[2.178s] INFO:colcon.colcon_cmake.task.cmake.build:Building CMake package in '/home/raghav/crazyflie_mapping_demo/ros2_ws/src/crazyswarm2/crazyflie_sim'
[2.179s] INFO:colcon.colcon_core.shell:Skip shell extension 'powershell' for command environment: Not usable outside of PowerShell
[2.179s] DEBUG:colcon.colcon_core.shell:Skip shell extension 'dsv' for command environment
[2.183s] Level 1:colcon.colcon_core.environment:create_environment_scripts_only(ros_gz_crazyflie_bringup)
[2.184s] Level 1:colcon.colcon_core.environment:checking '/home/raghav/crazyflie_mapping_demo/ros2_ws/install/ros_gz_crazyflie_bringup' for CMake module files
[2.185s] DEBUG:colcon.colcon_core.event_handler.log_command:Invoked command in '/home/raghav/crazyflie_mapping_demo/ros2_ws/build/ros_gz_crazyflie_bringup' returned '0': AMENT_PREFIX_PATH=/home/raghav/crazyflie_mapping_demo/ros2_ws/install/ros_gz_crazyflie_gazebo:${AMENT_PREFIX_PATH} CMAKE_PREFIX_PATH=/home/raghav/crazyflie_mapping_demo/ros2_ws/install/ros_gz_crazyflie_gazebo:/opt/ros/humble /usr/bin/cmake --install /home/raghav/crazyflie_mapping_demo/ros2_ws/build/ros_gz_crazyflie_bringup
[2.185s] Level 1:colcon.colcon_core.environment:checking '/home/raghav/crazyflie_mapping_demo/ros2_ws/install/ros_gz_crazyflie_bringup' for CMake config files
[2.185s] Level 1:colcon.colcon_core.shell:create_environment_hook('ros_gz_crazyflie_bringup', 'cmake_prefix_path')
[2.186s] INFO:colcon.colcon_core.shell:Creating environment hook '/home/raghav/crazyflie_mapping_demo/ros2_ws/install/ros_gz_crazyflie_bringup/share/ros_gz_crazyflie_bringup/hook/cmake_prefix_path.ps1'
[2.186s] INFO:colcon.colcon_core.shell:Creating environment descriptor '/home/raghav/crazyflie_mapping_demo/ros2_ws/install/ros_gz_crazyflie_bringup/share/ros_gz_crazyflie_bringup/hook/cmake_prefix_path.dsv'
[2.186s] INFO:colcon.colcon_core.shell:Creating environment hook '/home/raghav/crazyflie_mapping_demo/ros2_ws/install/ros_gz_crazyflie_bringup/share/ros_gz_crazyflie_bringup/hook/cmake_prefix_path.sh'
[2.187s] Level 1:colcon.colcon_core.environment:checking '/home/raghav/crazyflie_mapping_demo/ros2_ws/install/ros_gz_crazyflie_bringup/bin'
[2.187s] Level 1:colcon.colcon_core.environment:checking '/home/raghav/crazyflie_mapping_demo/ros2_ws/install/ros_gz_crazyflie_bringup/lib/pkgconfig/ros_gz_crazyflie_bringup.pc'
[2.188s] Level 1:colcon.colcon_core.environment:checking '/home/raghav/crazyflie_mapping_demo/ros2_ws/install/ros_gz_crazyflie_bringup/lib/python3.10/site-packages'
[2.188s] Level 1:colcon.colcon_core.environment:checking '/home/raghav/crazyflie_mapping_demo/ros2_ws/install/ros_gz_crazyflie_bringup/bin'
[2.189s] INFO:colcon.colcon_core.shell:Creating package script '/home/raghav/crazyflie_mapping_demo/ros2_ws/install/ros_gz_crazyflie_bringup/share/ros_gz_crazyflie_bringup/package.ps1'
[2.190s] INFO:colcon.colcon_core.shell:Creating package descriptor '/home/raghav/crazyflie_mapping_demo/ros2_ws/install/ros_gz_crazyflie_bringup/share/ros_gz_crazyflie_bringup/package.dsv'
[2.191s] INFO:colcon.colcon_core.shell:Creating package script '/home/raghav/crazyflie_mapping_demo/ros2_ws/install/ros_gz_crazyflie_bringup/share/ros_gz_crazyflie_bringup/package.sh'
[2.193s] INFO:colcon.colcon_core.shell:Creating package script '/home/raghav/crazyflie_mapping_demo/ros2_ws/install/ros_gz_crazyflie_bringup/share/ros_gz_crazyflie_bringup/package.bash'
[2.194s] INFO:colcon.colcon_core.shell:Creating package script '/home/raghav/crazyflie_mapping_demo/ros2_ws/install/ros_gz_crazyflie_bringup/share/ros_gz_crazyflie_bringup/package.zsh'
[2.195s] Level 1:colcon.colcon_core.environment:create_file_with_runtime_dependencies(/home/raghav/crazyflie_mapping_demo/ros2_ws/install/ros_gz_crazyflie_bringup/share/colcon-core/packages/ros_gz_crazyflie_bringup)
[2.196s] Level 1:colcon.colcon_core.environment:create_environment_scripts_only(ros_gz_crazyflie_bringup)
[2.197s] Level 1:colcon.colcon_core.environment:checking '/home/raghav/crazyflie_mapping_demo/ros2_ws/install/ros_gz_crazyflie_bringup' for CMake module files
[2.197s] Level 1:colcon.colcon_core.environment:checking '/home/raghav/crazyflie_mapping_demo/ros2_ws/install/ros_gz_crazyflie_bringup' for CMake config files
[2.198s] Level 1:colcon.colcon_core.shell:create_environment_hook('ros_gz_crazyflie_bringup', 'cmake_prefix_path')
[2.198s] INFO:colcon.colcon_core.shell:Creating environment hook '/home/raghav/crazyflie_mapping_demo/ros2_ws/install/ros_gz_crazyflie_bringup/share/ros_gz_crazyflie_bringup/hook/cmake_prefix_path.ps1'
[2.199s] INFO:colcon.colcon_core.shell:Creating environment descriptor '/home/raghav/crazyflie_mapping_demo/ros2_ws/install/ros_gz_crazyflie_bringup/share/ros_gz_crazyflie_bringup/hook/cmake_prefix_path.dsv'
[2.199s] INFO:colcon.colcon_core.shell:Creating environment hook '/home/raghav/crazyflie_mapping_demo/ros2_ws/install/ros_gz_crazyflie_bringup/share/ros_gz_crazyflie_bringup/hook/cmake_prefix_path.sh'
[2.200s] Level 1:colcon.colcon_core.environment:checking '/home/raghav/crazyflie_mapping_demo/ros2_ws/install/ros_gz_crazyflie_bringup/bin'
[2.200s] Level 1:colcon.colcon_core.environment:checking '/home/raghav/crazyflie_mapping_demo/ros2_ws/install/ros_gz_crazyflie_bringup/lib/pkgconfig/ros_gz_crazyflie_bringup.pc'
[2.200s] Level 1:colcon.colcon_core.environment:checking '/home/raghav/crazyflie_mapping_demo/ros2_ws/install/ros_gz_crazyflie_bringup/lib/python3.10/site-packages'
[2.201s] Level 1:colcon.colcon_core.environment:checking '/home/raghav/crazyflie_mapping_demo/ros2_ws/install/ros_gz_crazyflie_bringup/bin'
[2.201s] INFO:colcon.colcon_core.shell:Creating package script '/home/raghav/crazyflie_mapping_demo/ros2_ws/install/ros_gz_crazyflie_bringup/share/ros_gz_crazyflie_bringup/package.ps1'
[2.204s] INFO:colcon.colcon_core.shell:Creating package descriptor '/home/raghav/crazyflie_mapping_demo/ros2_ws/install/ros_gz_crazyflie_bringup/share/ros_gz_crazyflie_bringup/package.dsv'
[2.205s] INFO:colcon.colcon_core.shell:Creating package script '/home/raghav/crazyflie_mapping_demo/ros2_ws/install/ros_gz_crazyflie_bringup/share/ros_gz_crazyflie_bringup/package.sh'
[2.206s] INFO:colcon.colcon_core.shell:Creating package script '/home/raghav/crazyflie_mapping_demo/ros2_ws/install/ros_gz_crazyflie_bringup/share/ros_gz_crazyflie_bringup/package.bash'
[2.206s] INFO:colcon.colcon_core.shell:Creating package script '/home/raghav/crazyflie_mapping_demo/ros2_ws/install/ros_gz_crazyflie_bringup/share/ros_gz_crazyflie_bringup/package.zsh'
[2.207s] Level 1:colcon.colcon_core.environment:create_file_with_runtime_dependencies(/home/raghav/crazyflie_mapping_demo/ros2_ws/install/ros_gz_crazyflie_bringup/share/colcon-core/packages/ros_gz_crazyflie_bringup)
[2.209s] INFO:colcon.colcon_ros.task.ament_cmake.build:Building ROS package in '/home/raghav/crazyflie_mapping_demo/ros2_ws/src/crazyflie_ros2_multiranger/crazyflie_ros2_multiranger_bringup' with build type 'ament_cmake'
[2.209s] INFO:colcon.colcon_cmake.task.cmake.build:Building CMake package in '/home/raghav/crazyflie_mapping_demo/ros2_ws/src/crazyflie_ros2_multiranger/crazyflie_ros2_multiranger_bringup'
[2.209s] INFO:colcon.colcon_core.shell:Skip shell extension 'powershell' for command environment: Not usable outside of PowerShell
[2.210s] DEBUG:colcon.colcon_core.shell:Skip shell extension 'dsv' for command environment
[2.487s] INFO:colcon.colcon_core.task.python.build:Building Python package in '/home/raghav/crazyflie_mapping_demo/ros2_ws/src/crazyswarm2/crazyflie_py'
[2.488s] INFO:colcon.colcon_core.shell:Skip shell extension 'powershell' for command environment: Not usable outside of PowerShell
[2.488s] DEBUG:colcon.colcon_core.shell:Skip shell extension 'dsv' for command environment
[2.498s] DEBUG:colcon.colcon_core.event_handler.log_command:Invoking command in '/home/raghav/crazyflie_mapping_demo/ros2_ws/build/crazyflie': AMENT_PREFIX_PATH=/home/raghav/crazyflie_mapping_demo/ros2_ws/install/crazyflie_interfaces:${AMENT_PREFIX_PATH} CMAKE_PREFIX_PATH=/home/raghav/crazyflie_mapping_demo/ros2_ws/install/crazyflie_interfaces:/opt/ros/humble LD_LIBRARY_PATH=/home/raghav/crazyflie_mapping_demo/ros2_ws/install/crazyflie_interfaces/lib:${LD_LIBRARY_PATH} PYTHONPATH=/home/raghav/crazyflie_mapping_demo/ros2_ws/install/crazyflie_interfaces/local/lib/python3.10/dist-packages:${PYTHONPATH} /usr/bin/cmake --build /home/raghav/crazyflie_mapping_demo/ros2_ws/build/crazyflie -- -j20 -l20
[2.506s] DEBUG:colcon.colcon_core.event_handler.log_command:Invoking command in '/home/raghav/crazyflie_mapping_demo/ros2_ws/build/crazyflie_sim': AMENT_PREFIX_PATH=/home/raghav/crazyflie_mapping_demo/ros2_ws/install/crazyflie_interfaces:${AMENT_PREFIX_PATH} CMAKE_PREFIX_PATH=/home/raghav/crazyflie_mapping_demo/ros2_ws/install/crazyflie_interfaces:/opt/ros/humble LD_LIBRARY_PATH=/home/raghav/crazyflie_mapping_demo/ros2_ws/install/crazyflie_interfaces/lib:${LD_LIBRARY_PATH} PYTHONPATH=/home/raghav/crazyflie_mapping_demo/ros2_ws/install/crazyflie_interfaces/local/lib/python3.10/dist-packages:${PYTHONPATH} /usr/bin/cmake --build /home/raghav/crazyflie_mapping_demo/ros2_ws/build/crazyflie_sim -- -j20 -l20
[2.521s] DEBUG:colcon.colcon_core.event_handler.log_command:Invoking command in '/home/raghav/crazyflie_mapping_demo/ros2_ws/build/crazyflie_ros2_multiranger_bringup': AMENT_PREFIX_PATH=/home/raghav/crazyflie_mapping_demo/ros2_ws/install/ros_gz_crazyflie_bringup:/home/raghav/crazyflie_mapping_demo/ros2_ws/install/ros_gz_crazyflie_gazebo:${AMENT_PREFIX_PATH} CMAKE_PREFIX_PATH=/home/raghav/crazyflie_mapping_demo/ros2_ws/install/ros_gz_crazyflie_bringup:/home/raghav/crazyflie_mapping_demo/ros2_ws/install/ros_gz_crazyflie_gazebo:/opt/ros/humble /usr/bin/cmake --build /home/raghav/crazyflie_mapping_demo/ros2_ws/build/crazyflie_ros2_multiranger_bringup -- -j20 -l20
[2.527s] DEBUG:colcon.colcon_core.event_handler.log_command:Invoking command in '/home/raghav/crazyflie_mapping_demo/ros2_ws/src/crazyflie_ros2_multiranger/crazyflie_ros2_multiranger_wall_following': PYTHONPATH=/home/raghav/crazyflie_mapping_demo/ros2_ws/build/crazyflie_ros2_multiranger_wall_following/prefix_override:/usr/lib/python3/dist-packages/colcon_core/task/python/colcon_distutils_commands:/home/raghav/crazyflie_mapping_demo/ros2_ws/install/crazyflie_ros2_multiranger_wall_following/lib/python3.10/site-packages:${PYTHONPATH} /usr/bin/python3 -W ignore:setup.py install is deprecated -W ignore:easy_install command is deprecated setup.py egg_info --egg-base ../../../build/crazyflie_ros2_multiranger_wall_following build --build-base /home/raghav/crazyflie_mapping_demo/ros2_ws/build/crazyflie_ros2_multiranger_wall_following/build install --record /home/raghav/crazyflie_mapping_demo/ros2_ws/build/crazyflie_ros2_multiranger_wall_following/install.log --single-version-externally-managed install_data
[2.535s] DEBUG:colcon.colcon_core.event_handler.log_command:Invoking command in '/home/raghav/crazyflie_mapping_demo/ros2_ws/src/ros_gz_crazyflie/ros_gz_crazyflie_control': PYTHONPATH=/home/raghav/crazyflie_mapping_demo/ros2_ws/build/ros_gz_crazyflie_control/prefix_override:/usr/lib/python3/dist-packages/colcon_core/task/python/colcon_distutils_commands:/home/raghav/crazyflie_mapping_demo/ros2_ws/install/ros_gz_crazyflie_control/lib/python3.10/site-packages:${PYTHONPATH} /usr/bin/python3 -W ignore:setup.py install is deprecated -W ignore:easy_install command is deprecated setup.py egg_info --egg-base ../../../build/ros_gz_crazyflie_control build --build-base /home/raghav/crazyflie_mapping_demo/ros2_ws/build/ros_gz_crazyflie_control/build install --record /home/raghav/crazyflie_mapping_demo/ros2_ws/build/ros_gz_crazyflie_control/install.log --single-version-externally-managed install_data
[2.541s] DEBUG:colcon.colcon_core.event_handler.log_command:Invoking command in '/home/raghav/crazyflie_mapping_demo/ros2_ws/src/crazyflie_ros2_multiranger/crazyflie_ros2_multiranger_simple_mapper': PYTHONPATH=/home/raghav/crazyflie_mapping_demo/ros2_ws/build/crazyflie_ros2_multiranger_simple_mapper/prefix_override:/usr/lib/python3/dist-packages/colcon_core/task/python/colcon_distutils_commands:/home/raghav/crazyflie_mapping_demo/ros2_ws/install/crazyflie_ros2_multiranger_simple_mapper/lib/python3.10/site-packages:${PYTHONPATH} /usr/bin/python3 -W ignore:setup.py install is deprecated -W ignore:easy_install command is deprecated setup.py egg_info --egg-base ../../../build/crazyflie_ros2_multiranger_simple_mapper build --build-base /home/raghav/crazyflie_mapping_demo/ros2_ws/build/crazyflie_ros2_multiranger_simple_mapper/build install --record /home/raghav/crazyflie_mapping_demo/ros2_ws/build/crazyflie_ros2_multiranger_simple_mapper/install.log --single-version-externally-managed install_data
[2.582s] DEBUG:colcon.colcon_core.event_handler.log_command:Invoked command in '/home/raghav/crazyflie_mapping_demo/ros2_ws/build/crazyflie_ros2_multiranger_bringup' returned '0': AMENT_PREFIX_PATH=/home/raghav/crazyflie_mapping_demo/ros2_ws/install/ros_gz_crazyflie_bringup:/home/raghav/crazyflie_mapping_demo/ros2_ws/install/ros_gz_crazyflie_gazebo:${AMENT_PREFIX_PATH} CMAKE_PREFIX_PATH=/home/raghav/crazyflie_mapping_demo/ros2_ws/install/ros_gz_crazyflie_bringup:/home/raghav/crazyflie_mapping_demo/ros2_ws/install/ros_gz_crazyflie_gazebo:/opt/ros/humble /usr/bin/cmake --build /home/raghav/crazyflie_mapping_demo/ros2_ws/build/crazyflie_ros2_multiranger_bringup -- -j20 -l20
[2.585s] DEBUG:colcon.colcon_core.event_handler.log_command:Invoking command in '/home/raghav/crazyflie_mapping_demo/ros2_ws/build/crazyflie_ros2_multiranger_bringup': AMENT_PREFIX_PATH=/home/raghav/crazyflie_mapping_demo/ros2_ws/install/ros_gz_crazyflie_bringup:/home/raghav/crazyflie_mapping_demo/ros2_ws/install/ros_gz_crazyflie_gazebo:${AMENT_PREFIX_PATH} CMAKE_PREFIX_PATH=/home/raghav/crazyflie_mapping_demo/ros2_ws/install/ros_gz_crazyflie_bringup:/home/raghav/crazyflie_mapping_demo/ros2_ws/install/ros_gz_crazyflie_gazebo:/opt/ros/humble /usr/bin/cmake --install /home/raghav/crazyflie_mapping_demo/ros2_ws/build/crazyflie_ros2_multiranger_bringup
[2.621s] Level 1:colcon.colcon_core.environment:create_environment_scripts_only(crazyflie_ros2_multiranger_bringup)
[2.622s] Level 1:colcon.colcon_core.environment:checking '/home/raghav/crazyflie_mapping_demo/ros2_ws/install/crazyflie_ros2_multiranger_bringup' for CMake module files
[2.622s] DEBUG:colcon.colcon_core.event_handler.log_command:Invoked command in '/home/raghav/crazyflie_mapping_demo/ros2_ws/build/crazyflie_ros2_multiranger_bringup' returned '0': AMENT_PREFIX_PATH=/home/raghav/crazyflie_mapping_demo/ros2_ws/install/ros_gz_crazyflie_bringup:/home/raghav/crazyflie_mapping_demo/ros2_ws/install/ros_gz_crazyflie_gazebo:${AMENT_PREFIX_PATH} CMAKE_PREFIX_PATH=/home/raghav/crazyflie_mapping_demo/ros2_ws/install/ros_gz_crazyflie_bringup:/home/raghav/crazyflie_mapping_demo/ros2_ws/install/ros_gz_crazyflie_gazebo:/opt/ros/humble /usr/bin/cmake --install /home/raghav/crazyflie_mapping_demo/ros2_ws/build/crazyflie_ros2_multiranger_bringup
[2.623s] Level 1:colcon.colcon_core.environment:checking '/home/raghav/crazyflie_mapping_demo/ros2_ws/install/crazyflie_ros2_multiranger_bringup' for CMake config files
[2.624s] Level 1:colcon.colcon_core.shell:create_environment_hook('crazyflie_ros2_multiranger_bringup', 'cmake_prefix_path')
[2.624s] INFO:colcon.colcon_core.shell:Creating environment hook '/home/raghav/crazyflie_mapping_demo/ros2_ws/install/crazyflie_ros2_multiranger_bringup/share/crazyflie_ros2_multiranger_bringup/hook/cmake_prefix_path.ps1'
[2.625s] INFO:colcon.colcon_core.shell:Creating environment descriptor '/home/raghav/crazyflie_mapping_demo/ros2_ws/install/crazyflie_ros2_multiranger_bringup/share/crazyflie_ros2_multiranger_bringup/hook/cmake_prefix_path.dsv'
[2.628s] INFO:colcon.colcon_core.shell:Creating environment hook '/home/raghav/crazyflie_mapping_demo/ros2_ws/install/crazyflie_ros2_multiranger_bringup/share/crazyflie_ros2_multiranger_bringup/hook/cmake_prefix_path.sh'
[2.632s] Level 1:colcon.colcon_core.environment:checking '/home/raghav/crazyflie_mapping_demo/ros2_ws/install/crazyflie_ros2_multiranger_bringup/bin'
[2.632s] Level 1:colcon.colcon_core.environment:checking '/home/raghav/crazyflie_mapping_demo/ros2_ws/install/crazyflie_ros2_multiranger_bringup/lib/pkgconfig/crazyflie_ros2_multiranger_bringup.pc'
[2.632s] Level 1:colcon.colcon_core.environment:checking '/home/raghav/crazyflie_mapping_demo/ros2_ws/install/crazyflie_ros2_multiranger_bringup/lib/python3.10/site-packages'
[2.633s] Level 1:colcon.colcon_core.environment:checking '/home/raghav/crazyflie_mapping_demo/ros2_ws/install/crazyflie_ros2_multiranger_bringup/bin'
[2.633s] INFO:colcon.colcon_core.shell:Creating package script '/home/raghav/crazyflie_mapping_demo/ros2_ws/install/crazyflie_ros2_multiranger_bringup/share/crazyflie_ros2_multiranger_bringup/package.ps1'
[2.634s] INFO:colcon.colcon_core.shell:Creating package descriptor '/home/raghav/crazyflie_mapping_demo/ros2_ws/install/crazyflie_ros2_multiranger_bringup/share/crazyflie_ros2_multiranger_bringup/package.dsv'
[2.635s] INFO:colcon.colcon_core.shell:Creating package script '/home/raghav/crazyflie_mapping_demo/ros2_ws/install/crazyflie_ros2_multiranger_bringup/share/crazyflie_ros2_multiranger_bringup/package.sh'
[2.635s] INFO:colcon.colcon_core.shell:Creating package script '/home/raghav/crazyflie_mapping_demo/ros2_ws/install/crazyflie_ros2_multiranger_bringup/share/crazyflie_ros2_multiranger_bringup/package.bash'
[2.635s] INFO:colcon.colcon_core.shell:Creating package script '/home/raghav/crazyflie_mapping_demo/ros2_ws/install/crazyflie_ros2_multiranger_bringup/share/crazyflie_ros2_multiranger_bringup/package.zsh'
[2.636s] Level 1:colcon.colcon_core.environment:create_file_with_runtime_dependencies(/home/raghav/crazyflie_mapping_demo/ros2_ws/install/crazyflie_ros2_multiranger_bringup/share/colcon-core/packages/crazyflie_ros2_multiranger_bringup)
[2.637s] Level 1:colcon.colcon_core.environment:create_environment_scripts_only(crazyflie_ros2_multiranger_bringup)
[2.638s] Level 1:colcon.colcon_core.environment:checking '/home/raghav/crazyflie_mapping_demo/ros2_ws/install/crazyflie_ros2_multiranger_bringup' for CMake module files
[2.638s] Level 1:colcon.colcon_core.environment:checking '/home/raghav/crazyflie_mapping_demo/ros2_ws/install/crazyflie_ros2_multiranger_bringup' for CMake config files
[2.639s] Level 1:colcon.colcon_core.shell:create_environment_hook('crazyflie_ros2_multiranger_bringup', 'cmake_prefix_path')
[2.639s] INFO:colcon.colcon_core.shell:Creating environment hook '/home/raghav/crazyflie_mapping_demo/ros2_ws/install/crazyflie_ros2_multiranger_bringup/share/crazyflie_ros2_multiranger_bringup/hook/cmake_prefix_path.ps1'
[2.640s] INFO:colcon.colcon_core.shell:Creating environment descriptor '/home/raghav/crazyflie_mapping_demo/ros2_ws/install/crazyflie_ros2_multiranger_bringup/share/crazyflie_ros2_multiranger_bringup/hook/cmake_prefix_path.dsv'
[2.640s] INFO:colcon.colcon_core.shell:Creating environment hook '/home/raghav/crazyflie_mapping_demo/ros2_ws/install/crazyflie_ros2_multiranger_bringup/share/crazyflie_ros2_multiranger_bringup/hook/cmake_prefix_path.sh'
[2.641s] Level 1:colcon.colcon_core.environment:checking '/home/raghav/crazyflie_mapping_demo/ros2_ws/install/crazyflie_ros2_multiranger_bringup/bin'
[2.641s] Level 1:colcon.colcon_core.environment:checking '/home/raghav/crazyflie_mapping_demo/ros2_ws/install/crazyflie_ros2_multiranger_bringup/lib/pkgconfig/crazyflie_ros2_multiranger_bringup.pc'
[2.642s] Level 1:colcon.colcon_core.environment:checking '/home/raghav/crazyflie_mapping_demo/ros2_ws/install/crazyflie_ros2_multiranger_bringup/lib/python3.10/site-packages'
[2.642s] Level 1:colcon.colcon_core.environment:checking '/home/raghav/crazyflie_mapping_demo/ros2_ws/install/crazyflie_ros2_multiranger_bringup/bin'
[2.643s] INFO:colcon.colcon_core.shell:Creating package script '/home/raghav/crazyflie_mapping_demo/ros2_ws/install/crazyflie_ros2_multiranger_bringup/share/crazyflie_ros2_multiranger_bringup/package.ps1'
[2.644s] INFO:colcon.colcon_core.shell:Creating package descriptor '/home/raghav/crazyflie_mapping_demo/ros2_ws/install/crazyflie_ros2_multiranger_bringup/share/crazyflie_ros2_multiranger_bringup/package.dsv'
[2.645s] INFO:colcon.colcon_core.shell:Creating package script '/home/raghav/crazyflie_mapping_demo/ros2_ws/install/crazyflie_ros2_multiranger_bringup/share/crazyflie_ros2_multiranger_bringup/package.sh'
[2.646s] INFO:colcon.colcon_core.shell:Creating package script '/home/raghav/crazyflie_mapping_demo/ros2_ws/install/crazyflie_ros2_multiranger_bringup/share/crazyflie_ros2_multiranger_bringup/package.bash'
[2.647s] INFO:colcon.colcon_core.shell:Creating package script '/home/raghav/crazyflie_mapping_demo/ros2_ws/install/crazyflie_ros2_multiranger_bringup/share/crazyflie_ros2_multiranger_bringup/package.zsh'
[2.647s] Level 1:colcon.colcon_core.environment:create_file_with_runtime_dependencies(/home/raghav/crazyflie_mapping_demo/ros2_ws/install/crazyflie_ros2_multiranger_bringup/share/colcon-core/packages/crazyflie_ros2_multiranger_bringup)
[2.699s] DEBUG:colcon.colcon_core.event_handler.log_command:Invoked command in '/home/raghav/crazyflie_mapping_demo/ros2_ws/build/crazyflie' returned '0': AMENT_PREFIX_PATH=/home/raghav/crazyflie_mapping_demo/ros2_ws/install/crazyflie_interfaces:${AMENT_PREFIX_PATH} CMAKE_PREFIX_PATH=/home/raghav/crazyflie_mapping_demo/ros2_ws/install/crazyflie_interfaces:/opt/ros/humble LD_LIBRARY_PATH=/home/raghav/crazyflie_mapping_demo/ros2_ws/install/crazyflie_interfaces/lib:${LD_LIBRARY_PATH} PYTHONPATH=/home/raghav/crazyflie_mapping_demo/ros2_ws/install/crazyflie_interfaces/local/lib/python3.10/dist-packages:${PYTHONPATH} /usr/bin/cmake --build /home/raghav/crazyflie_mapping_demo/ros2_ws/build/crazyflie -- -j20 -l20
[2.704s] DEBUG:colcon.colcon_core.event_handler.log_command:Invoking command in '/home/raghav/crazyflie_mapping_demo/ros2_ws/build/crazyflie': AMENT_PREFIX_PATH=/home/raghav/crazyflie_mapping_demo/ros2_ws/install/crazyflie_interfaces:${AMENT_PREFIX_PATH} CMAKE_PREFIX_PATH=/home/raghav/crazyflie_mapping_demo/ros2_ws/install/crazyflie_interfaces:/opt/ros/humble LD_LIBRARY_PATH=/home/raghav/crazyflie_mapping_demo/ros2_ws/install/crazyflie_interfaces/lib:${LD_LIBRARY_PATH} PYTHONPATH=/home/raghav/crazyflie_mapping_demo/ros2_ws/install/crazyflie_interfaces/local/lib/python3.10/dist-packages:${PYTHONPATH} /usr/bin/cmake --install /home/raghav/crazyflie_mapping_demo/ros2_ws/build/crazyflie
[2.721s] Level 1:colcon.colcon_core.environment:create_environment_scripts_only(crazyflie)
[2.721s] Level 1:colcon.colcon_core.environment:checking '/home/raghav/crazyflie_mapping_demo/ros2_ws/install/crazyflie' for CMake module files
[2.722s] DEBUG:colcon.colcon_core.event_handler.log_command:Invoked command in '/home/raghav/crazyflie_mapping_demo/ros2_ws/build/crazyflie' returned '0': AMENT_PREFIX_PATH=/home/raghav/crazyflie_mapping_demo/ros2_ws/install/crazyflie_interfaces:${AMENT_PREFIX_PATH} CMAKE_PREFIX_PATH=/home/raghav/crazyflie_mapping_demo/ros2_ws/install/crazyflie_interfaces:/opt/ros/humble LD_LIBRARY_PATH=/home/raghav/crazyflie_mapping_demo/ros2_ws/install/crazyflie_interfaces/lib:${LD_LIBRARY_PATH} PYTHONPATH=/home/raghav/crazyflie_mapping_demo/ros2_ws/install/crazyflie_interfaces/local/lib/python3.10/dist-packages:${PYTHONPATH} /usr/bin/cmake --install /home/raghav/crazyflie_mapping_demo/ros2_ws/build/crazyflie
[2.723s] Level 1:colcon.colcon_core.environment:checking '/home/raghav/crazyflie_mapping_demo/ros2_ws/install/crazyflie' for CMake config files
[2.723s] Level 1:colcon.colcon_core.shell:create_environment_hook('crazyflie', 'cmake_prefix_path')
[2.723s] INFO:colcon.colcon_core.shell:Creating environment hook '/home/raghav/crazyflie_mapping_demo/ros2_ws/install/crazyflie/share/crazyflie/hook/cmake_prefix_path.ps1'
[2.724s] INFO:colcon.colcon_core.shell:Creating environment descriptor '/home/raghav/crazyflie_mapping_demo/ros2_ws/install/crazyflie/share/crazyflie/hook/cmake_prefix_path.dsv'
[2.724s] INFO:colcon.colcon_core.shell:Creating environment hook '/home/raghav/crazyflie_mapping_demo/ros2_ws/install/crazyflie/share/crazyflie/hook/cmake_prefix_path.sh'
[2.725s] Level 1:colcon.colcon_core.environment:checking '/home/raghav/crazyflie_mapping_demo/ros2_ws/install/crazyflie/lib'
[2.725s] Level 1:colcon.colcon_core.environment:checking '/home/raghav/crazyflie_mapping_demo/ros2_ws/install/crazyflie/bin'
[2.725s] Level 1:colcon.colcon_core.environment:checking '/home/raghav/crazyflie_mapping_demo/ros2_ws/install/crazyflie/lib/pkgconfig/crazyflie.pc'
[2.725s] Level 1:colcon.colcon_core.environment:checking '/home/raghav/crazyflie_mapping_demo/ros2_ws/install/crazyflie/lib/python3.10/site-packages'
[2.726s] Level 1:colcon.colcon_core.environment:checking '/home/raghav/crazyflie_mapping_demo/ros2_ws/install/crazyflie/bin'
[2.727s] INFO:colcon.colcon_core.shell:Creating package script '/home/raghav/crazyflie_mapping_demo/ros2_ws/install/crazyflie/share/crazyflie/package.ps1'
[2.728s] INFO:colcon.colcon_core.shell:Creating package descriptor '/home/raghav/crazyflie_mapping_demo/ros2_ws/install/crazyflie/share/crazyflie/package.dsv'
[2.729s] INFO:colcon.colcon_core.shell:Creating package script '/home/raghav/crazyflie_mapping_demo/ros2_ws/install/crazyflie/share/crazyflie/package.sh'
[2.730s] INFO:colcon.colcon_core.shell:Creating package script '/home/raghav/crazyflie_mapping_demo/ros2_ws/install/crazyflie/share/crazyflie/package.bash'
[2.730s] INFO:colcon.colcon_core.shell:Creating package script '/home/raghav/crazyflie_mapping_demo/ros2_ws/install/crazyflie/share/crazyflie/package.zsh'
[2.730s] Level 1:colcon.colcon_core.environment:create_file_with_runtime_dependencies(/home/raghav/crazyflie_mapping_demo/ros2_ws/install/crazyflie/share/colcon-core/packages/crazyflie)
[2.731s] Level 1:colcon.colcon_core.environment:create_environment_scripts_only(crazyflie)
[2.731s] Level 1:colcon.colcon_core.environment:checking '/home/raghav/crazyflie_mapping_demo/ros2_ws/install/crazyflie' for CMake module files
[2.732s] Level 1:colcon.colcon_core.environment:checking '/home/raghav/crazyflie_mapping_demo/ros2_ws/install/crazyflie' for CMake config files
[2.732s] Level 1:colcon.colcon_core.shell:create_environment_hook('crazyflie', 'cmake_prefix_path')
[2.732s] INFO:colcon.colcon_core.shell:Creating environment hook '/home/raghav/crazyflie_mapping_demo/ros2_ws/install/crazyflie/share/crazyflie/hook/cmake_prefix_path.ps1'
[2.732s] INFO:colcon.colcon_core.shell:Creating environment descriptor '/home/raghav/crazyflie_mapping_demo/ros2_ws/install/crazyflie/share/crazyflie/hook/cmake_prefix_path.dsv'
[2.733s] INFO:colcon.colcon_core.shell:Creating environment hook '/home/raghav/crazyflie_mapping_demo/ros2_ws/install/crazyflie/share/crazyflie/hook/cmake_prefix_path.sh'
[2.733s] Level 1:colcon.colcon_core.environment:checking '/home/raghav/crazyflie_mapping_demo/ros2_ws/install/crazyflie/lib'
[2.733s] Level 1:colcon.colcon_core.environment:checking '/home/raghav/crazyflie_mapping_demo/ros2_ws/install/crazyflie/bin'
[2.734s] Level 1:colcon.colcon_core.environment:checking '/home/raghav/crazyflie_mapping_demo/ros2_ws/install/crazyflie/lib/pkgconfig/crazyflie.pc'
[2.734s] Level 1:colcon.colcon_core.environment:checking '/home/raghav/crazyflie_mapping_demo/ros2_ws/install/crazyflie/lib/python3.10/site-packages'
[2.734s] Level 1:colcon.colcon_core.environment:checking '/home/raghav/crazyflie_mapping_demo/ros2_ws/install/crazyflie/bin'
[2.735s] INFO:colcon.colcon_core.shell:Creating package script '/home/raghav/crazyflie_mapping_demo/ros2_ws/install/crazyflie/share/crazyflie/package.ps1'
[2.737s] INFO:colcon.colcon_core.shell:Creating package descriptor '/home/raghav/crazyflie_mapping_demo/ros2_ws/install/crazyflie/share/crazyflie/package.dsv'
[2.738s] INFO:colcon.colcon_core.shell:Creating package script '/home/raghav/crazyflie_mapping_demo/ros2_ws/install/crazyflie/share/crazyflie/package.sh'
[2.738s] INFO:colcon.colcon_core.shell:Creating package script '/home/raghav/crazyflie_mapping_demo/ros2_ws/install/crazyflie/share/crazyflie/package.bash'
[2.738s] INFO:colcon.colcon_core.shell:Creating package script '/home/raghav/crazyflie_mapping_demo/ros2_ws/install/crazyflie/share/crazyflie/package.zsh'
[2.739s] Level 1:colcon.colcon_core.environment:create_file_with_runtime_dependencies(/home/raghav/crazyflie_mapping_demo/ros2_ws/install/crazyflie/share/colcon-core/packages/crazyflie)
[2.894s] Level 1:colcon.colcon_core.environment:checking '/home/raghav/crazyflie_mapping_demo/ros2_ws/install/crazyflie_ros2_multiranger_simple_mapper' for CMake module files
[2.895s] DEBUG:colcon.colcon_core.event_handler.log_command:Invoked command in '/home/raghav/crazyflie_mapping_demo/ros2_ws/src/crazyflie_ros2_multiranger/crazyflie_ros2_multiranger_simple_mapper' returned '0': PYTHONPATH=/home/raghav/crazyflie_mapping_demo/ros2_ws/build/crazyflie_ros2_multiranger_simple_mapper/prefix_override:/usr/lib/python3/dist-packages/colcon_core/task/python/colcon_distutils_commands:/home/raghav/crazyflie_mapping_demo/ros2_ws/install/crazyflie_ros2_multiranger_simple_mapper/lib/python3.10/site-packages:${PYTHONPATH} /usr/bin/python3 -W ignore:setup.py install is deprecated -W ignore:easy_install command is deprecated setup.py egg_info --egg-base ../../../build/crazyflie_ros2_multiranger_simple_mapper build --build-base /home/raghav/crazyflie_mapping_demo/ros2_ws/build/crazyflie_ros2_multiranger_simple_mapper/build install --record /home/raghav/crazyflie_mapping_demo/ros2_ws/build/crazyflie_ros2_multiranger_simple_mapper/install.log --single-version-externally-managed install_data
[2.897s] Level 1:colcon.colcon_core.environment:checking '/home/raghav/crazyflie_mapping_demo/ros2_ws/install/crazyflie_ros2_multiranger_simple_mapper' for CMake config files
[2.897s] Level 1:colcon.colcon_core.environment:checking '/home/raghav/crazyflie_mapping_demo/ros2_ws/install/crazyflie_ros2_multiranger_simple_mapper/lib'
[2.898s] Level 1:colcon.colcon_core.environment:checking '/home/raghav/crazyflie_mapping_demo/ros2_ws/install/crazyflie_ros2_multiranger_simple_mapper/bin'
[2.898s] Level 1:colcon.colcon_core.environment:checking '/home/raghav/crazyflie_mapping_demo/ros2_ws/install/crazyflie_ros2_multiranger_simple_mapper/lib/pkgconfig/crazyflie_ros2_multiranger_simple_mapper.pc'
[2.898s] Level 1:colcon.colcon_core.environment:checking '/home/raghav/crazyflie_mapping_demo/ros2_ws/install/crazyflie_ros2_multiranger_simple_mapper/lib/python3.10/site-packages'
[2.898s] Level 1:colcon.colcon_core.shell:create_environment_hook('crazyflie_ros2_multiranger_simple_mapper', 'pythonpath')
[2.898s] INFO:colcon.colcon_core.shell:Creating environment hook '/home/raghav/crazyflie_mapping_demo/ros2_ws/install/crazyflie_ros2_multiranger_simple_mapper/share/crazyflie_ros2_multiranger_simple_mapper/hook/pythonpath.ps1'
[2.899s] INFO:colcon.colcon_core.shell:Creating environment descriptor '/home/raghav/crazyflie_mapping_demo/ros2_ws/install/crazyflie_ros2_multiranger_simple_mapper/share/crazyflie_ros2_multiranger_simple_mapper/hook/pythonpath.dsv'
[2.900s] INFO:colcon.colcon_core.shell:Creating environment hook '/home/raghav/crazyflie_mapping_demo/ros2_ws/install/crazyflie_ros2_multiranger_simple_mapper/share/crazyflie_ros2_multiranger_simple_mapper/hook/pythonpath.sh'
[2.901s] Level 1:colcon.colcon_core.environment:checking '/home/raghav/crazyflie_mapping_demo/ros2_ws/install/crazyflie_ros2_multiranger_simple_mapper/bin'
[2.901s] Level 1:colcon.colcon_core.environment:create_environment_scripts_only(crazyflie_ros2_multiranger_simple_mapper)
[2.901s] INFO:colcon.colcon_core.shell:Creating package script '/home/raghav/crazyflie_mapping_demo/ros2_ws/install/crazyflie_ros2_multiranger_simple_mapper/share/crazyflie_ros2_multiranger_simple_mapper/package.ps1'
[2.902s] INFO:colcon.colcon_core.shell:Creating package descriptor '/home/raghav/crazyflie_mapping_demo/ros2_ws/install/crazyflie_ros2_multiranger_simple_mapper/share/crazyflie_ros2_multiranger_simple_mapper/package.dsv'
[2.902s] INFO:colcon.colcon_core.shell:Creating package script '/home/raghav/crazyflie_mapping_demo/ros2_ws/install/crazyflie_ros2_multiranger_simple_mapper/share/crazyflie_ros2_multiranger_simple_mapper/package.sh'
[2.903s] INFO:colcon.colcon_core.shell:Creating package script '/home/raghav/crazyflie_mapping_demo/ros2_ws/install/crazyflie_ros2_multiranger_simple_mapper/share/crazyflie_ros2_multiranger_simple_mapper/package.bash'
[2.903s] INFO:colcon.colcon_core.shell:Creating package script '/home/raghav/crazyflie_mapping_demo/ros2_ws/install/crazyflie_ros2_multiranger_simple_mapper/share/crazyflie_ros2_multiranger_simple_mapper/package.zsh'
[2.903s] Level 1:colcon.colcon_core.environment:create_file_with_runtime_dependencies(/home/raghav/crazyflie_mapping_demo/ros2_ws/install/crazyflie_ros2_multiranger_simple_mapper/share/colcon-core/packages/crazyflie_ros2_multiranger_simple_mapper)
[2.989s] Level 1:colcon.colcon_core.environment:checking '/home/raghav/crazyflie_mapping_demo/ros2_ws/install/ros_gz_crazyflie_control' for CMake module files
[2.990s] DEBUG:colcon.colcon_core.event_handler.log_command:Invoked command in '/home/raghav/crazyflie_mapping_demo/ros2_ws/src/ros_gz_crazyflie/ros_gz_crazyflie_control' returned '0': PYTHONPATH=/home/raghav/crazyflie_mapping_demo/ros2_ws/build/ros_gz_crazyflie_control/prefix_override:/usr/lib/python3/dist-packages/colcon_core/task/python/colcon_distutils_commands:/home/raghav/crazyflie_mapping_demo/ros2_ws/install/ros_gz_crazyflie_control/lib/python3.10/site-packages:${PYTHONPATH} /usr/bin/python3 -W ignore:setup.py install is deprecated -W ignore:easy_install command is deprecated setup.py egg_info --egg-base ../../../build/ros_gz_crazyflie_control build --build-base /home/raghav/crazyflie_mapping_demo/ros2_ws/build/ros_gz_crazyflie_control/build install --record /home/raghav/crazyflie_mapping_demo/ros2_ws/build/ros_gz_crazyflie_control/install.log --single-version-externally-managed install_data
[2.990s] Level 1:colcon.colcon_core.environment:checking '/home/raghav/crazyflie_mapping_demo/ros2_ws/install/ros_gz_crazyflie_control' for CMake config files
[2.991s] Level 1:colcon.colcon_core.environment:checking '/home/raghav/crazyflie_mapping_demo/ros2_ws/install/ros_gz_crazyflie_control/lib'
[2.991s] Level 1:colcon.colcon_core.environment:checking '/home/raghav/crazyflie_mapping_demo/ros2_ws/install/ros_gz_crazyflie_control/bin'
[2.991s] Level 1:colcon.colcon_core.environment:checking '/home/raghav/crazyflie_mapping_demo/ros2_ws/install/ros_gz_crazyflie_control/lib/pkgconfig/ros_gz_crazyflie_control.pc'
[2.991s] Level 1:colcon.colcon_core.environment:checking '/home/raghav/crazyflie_mapping_demo/ros2_ws/install/ros_gz_crazyflie_control/lib/python3.10/site-packages'
[2.991s] Level 1:colcon.colcon_core.shell:create_environment_hook('ros_gz_crazyflie_control', 'pythonpath')
[2.991s] INFO:colcon.colcon_core.shell:Creating environment hook '/home/raghav/crazyflie_mapping_demo/ros2_ws/install/ros_gz_crazyflie_control/share/ros_gz_crazyflie_control/hook/pythonpath.ps1'
[2.992s] INFO:colcon.colcon_core.shell:Creating environment descriptor '/home/raghav/crazyflie_mapping_demo/ros2_ws/install/ros_gz_crazyflie_control/share/ros_gz_crazyflie_control/hook/pythonpath.dsv'
[2.992s] INFO:colcon.colcon_core.shell:Creating environment hook '/home/raghav/crazyflie_mapping_demo/ros2_ws/install/ros_gz_crazyflie_control/share/ros_gz_crazyflie_control/hook/pythonpath.sh'
[2.993s] Level 1:colcon.colcon_core.environment:checking '/home/raghav/crazyflie_mapping_demo/ros2_ws/install/ros_gz_crazyflie_control/bin'
[2.993s] Level 1:colcon.colcon_core.environment:create_environment_scripts_only(ros_gz_crazyflie_control)
[2.993s] INFO:colcon.colcon_core.shell:Creating package script '/home/raghav/crazyflie_mapping_demo/ros2_ws/install/ros_gz_crazyflie_control/share/ros_gz_crazyflie_control/package.ps1'
[2.994s] INFO:colcon.colcon_core.shell:Creating package descriptor '/home/raghav/crazyflie_mapping_demo/ros2_ws/install/ros_gz_crazyflie_control/share/ros_gz_crazyflie_control/package.dsv'
[2.995s] INFO:colcon.colcon_core.shell:Creating package script '/home/raghav/crazyflie_mapping_demo/ros2_ws/install/ros_gz_crazyflie_control/share/ros_gz_crazyflie_control/package.sh'
[2.995s] INFO:colcon.colcon_core.shell:Creating package script '/home/raghav/crazyflie_mapping_demo/ros2_ws/install/ros_gz_crazyflie_control/share/ros_gz_crazyflie_control/package.bash'
[2.995s] INFO:colcon.colcon_core.shell:Creating package script '/home/raghav/crazyflie_mapping_demo/ros2_ws/install/ros_gz_crazyflie_control/share/ros_gz_crazyflie_control/package.zsh'
[2.996s] Level 1:colcon.colcon_core.environment:create_file_with_runtime_dependencies(/home/raghav/crazyflie_mapping_demo/ros2_ws/install/ros_gz_crazyflie_control/share/colcon-core/packages/ros_gz_crazyflie_control)
[2.997s] Level 1:colcon.colcon_core.environment:checking '/home/raghav/crazyflie_mapping_demo/ros2_ws/install/crazyflie_ros2_multiranger_wall_following' for CMake module files
[2.999s] Level 1:colcon.colcon_core.environment:checking '/home/raghav/crazyflie_mapping_demo/ros2_ws/install/crazyflie_ros2_multiranger_wall_following' for CMake config files
[2.999s] DEBUG:colcon.colcon_core.event_handler.log_command:Invoked command in '/home/raghav/crazyflie_mapping_demo/ros2_ws/src/crazyflie_ros2_multiranger/crazyflie_ros2_multiranger_wall_following' returned '0': PYTHONPATH=/home/raghav/crazyflie_mapping_demo/ros2_ws/build/crazyflie_ros2_multiranger_wall_following/prefix_override:/usr/lib/python3/dist-packages/colcon_core/task/python/colcon_distutils_commands:/home/raghav/crazyflie_mapping_demo/ros2_ws/install/crazyflie_ros2_multiranger_wall_following/lib/python3.10/site-packages:${PYTHONPATH} /usr/bin/python3 -W ignore:setup.py install is deprecated -W ignore:easy_install command is deprecated setup.py egg_info --egg-base ../../../build/crazyflie_ros2_multiranger_wall_following build --build-base /home/raghav/crazyflie_mapping_demo/ros2_ws/build/crazyflie_ros2_multiranger_wall_following/build install --record /home/raghav/crazyflie_mapping_demo/ros2_ws/build/crazyflie_ros2_multiranger_wall_following/install.log --single-version-externally-managed install_data
[3.000s] Level 1:colcon.colcon_core.environment:checking '/home/raghav/crazyflie_mapping_demo/ros2_ws/install/crazyflie_ros2_multiranger_wall_following/lib'
[3.000s] Level 1:colcon.colcon_core.environment:checking '/home/raghav/crazyflie_mapping_demo/ros2_ws/install/crazyflie_ros2_multiranger_wall_following/bin'
[3.000s] Level 1:colcon.colcon_core.environment:checking '/home/raghav/crazyflie_mapping_demo/ros2_ws/install/crazyflie_ros2_multiranger_wall_following/lib/pkgconfig/crazyflie_ros2_multiranger_wall_following.pc'
[3.001s] Level 1:colcon.colcon_core.environment:checking '/home/raghav/crazyflie_mapping_demo/ros2_ws/install/crazyflie_ros2_multiranger_wall_following/lib/python3.10/site-packages'
[3.001s] Level 1:colcon.colcon_core.shell:create_environment_hook('crazyflie_ros2_multiranger_wall_following', 'pythonpath')
[3.001s] INFO:colcon.colcon_core.shell:Creating environment hook '/home/raghav/crazyflie_mapping_demo/ros2_ws/install/crazyflie_ros2_multiranger_wall_following/share/crazyflie_ros2_multiranger_wall_following/hook/pythonpath.ps1'
[3.001s] INFO:colcon.colcon_core.shell:Creating environment descriptor '/home/raghav/crazyflie_mapping_demo/ros2_ws/install/crazyflie_ros2_multiranger_wall_following/share/crazyflie_ros2_multiranger_wall_following/hook/pythonpath.dsv'
[3.002s] INFO:colcon.colcon_core.shell:Creating environment hook '/home/raghav/crazyflie_mapping_demo/ros2_ws/install/crazyflie_ros2_multiranger_wall_following/share/crazyflie_ros2_multiranger_wall_following/hook/pythonpath.sh'
[3.002s] Level 1:colcon.colcon_core.environment:checking '/home/raghav/crazyflie_mapping_demo/ros2_ws/install/crazyflie_ros2_multiranger_wall_following/bin'
[3.003s] Level 1:colcon.colcon_core.environment:create_environment_scripts_only(crazyflie_ros2_multiranger_wall_following)
[3.003s] INFO:colcon.colcon_core.shell:Creating package script '/home/raghav/crazyflie_mapping_demo/ros2_ws/install/crazyflie_ros2_multiranger_wall_following/share/crazyflie_ros2_multiranger_wall_following/package.ps1'
[3.003s] INFO:colcon.colcon_core.shell:Creating package descriptor '/home/raghav/crazyflie_mapping_demo/ros2_ws/install/crazyflie_ros2_multiranger_wall_following/share/crazyflie_ros2_multiranger_wall_following/package.dsv'
[3.004s] INFO:colcon.colcon_core.shell:Creating package script '/home/raghav/crazyflie_mapping_demo/ros2_ws/install/crazyflie_ros2_multiranger_wall_following/share/crazyflie_ros2_multiranger_wall_following/package.sh'
[3.004s] INFO:colcon.colcon_core.shell:Creating package script '/home/raghav/crazyflie_mapping_demo/ros2_ws/install/crazyflie_ros2_multiranger_wall_following/share/crazyflie_ros2_multiranger_wall_following/package.bash'
[3.004s] INFO:colcon.colcon_core.shell:Creating package script '/home/raghav/crazyflie_mapping_demo/ros2_ws/install/crazyflie_ros2_multiranger_wall_following/share/crazyflie_ros2_multiranger_wall_following/package.zsh'
[3.005s] Level 1:colcon.colcon_core.environment:create_file_with_runtime_dependencies(/home/raghav/crazyflie_mapping_demo/ros2_ws/install/crazyflie_ros2_multiranger_wall_following/share/colcon-core/packages/crazyflie_ros2_multiranger_wall_following)
[3.010s] DEBUG:colcon.colcon_core.event_handler.log_command:Invoking command in '/home/raghav/crazyflie_mapping_demo/ros2_ws/src/crazyswarm2/crazyflie_py': AMENT_PREFIX_PATH=/home/raghav/crazyflie_mapping_demo/ros2_ws/install/crazyflie_interfaces:${AMENT_PREFIX_PATH} CMAKE_PREFIX_PATH=/home/raghav/crazyflie_mapping_demo/ros2_ws/install/crazyflie_interfaces LD_LIBRARY_PATH=/home/raghav/crazyflie_mapping_demo/ros2_ws/install/crazyflie_interfaces/lib:${LD_LIBRARY_PATH} PYTHONPATH=/home/raghav/crazyflie_mapping_demo/ros2_ws/build/crazyflie_py/prefix_override:/usr/lib/python3/dist-packages/colcon_core/task/python/colcon_distutils_commands:/home/raghav/crazyflie_mapping_demo/ros2_ws/install/crazyflie_py/lib/python3.10/site-packages:/home/raghav/crazyflie_mapping_demo/ros2_ws/install/crazyflie_interfaces/local/lib/python3.10/dist-packages:${PYTHONPATH} /usr/bin/python3 -W ignore:setup.py install is deprecated -W ignore:easy_install command is deprecated setup.py egg_info --egg-base ../../../build/crazyflie_py build --build-base /home/raghav/crazyflie_mapping_demo/ros2_ws/build/crazyflie_py/build install --record /home/raghav/crazyflie_mapping_demo/ros2_ws/build/crazyflie_py/install.log --single-version-externally-managed install_data
[3.143s] DEBUG:colcon.colcon_core.event_handler.log_command:Invoked command in '/home/raghav/crazyflie_mapping_demo/ros2_ws/build/crazyflie_sim' returned '0': AMENT_PREFIX_PATH=/home/raghav/crazyflie_mapping_demo/ros2_ws/install/crazyflie_interfaces:${AMENT_PREFIX_PATH} CMAKE_PREFIX_PATH=/home/raghav/crazyflie_mapping_demo/ros2_ws/install/crazyflie_interfaces:/opt/ros/humble LD_LIBRARY_PATH=/home/raghav/crazyflie_mapping_demo/ros2_ws/install/crazyflie_interfaces/lib:${LD_LIBRARY_PATH} PYTHONPATH=/home/raghav/crazyflie_mapping_demo/ros2_ws/install/crazyflie_interfaces/local/lib/python3.10/dist-packages:${PYTHONPATH} /usr/bin/cmake --build /home/raghav/crazyflie_mapping_demo/ros2_ws/build/crazyflie_sim -- -j20 -l20
[3.145s] DEBUG:colcon.colcon_core.event_handler.log_command:Invoking command in '/home/raghav/crazyflie_mapping_demo/ros2_ws/build/crazyflie_sim': AMENT_PREFIX_PATH=/home/raghav/crazyflie_mapping_demo/ros2_ws/install/crazyflie_interfaces:${AMENT_PREFIX_PATH} CMAKE_PREFIX_PATH=/home/raghav/crazyflie_mapping_demo/ros2_ws/install/crazyflie_interfaces:/opt/ros/humble LD_LIBRARY_PATH=/home/raghav/crazyflie_mapping_demo/ros2_ws/install/crazyflie_interfaces/lib:${LD_LIBRARY_PATH} PYTHONPATH=/home/raghav/crazyflie_mapping_demo/ros2_ws/install/crazyflie_interfaces/local/lib/python3.10/dist-packages:${PYTHONPATH} /usr/bin/cmake --install /home/raghav/crazyflie_mapping_demo/ros2_ws/build/crazyflie_sim
[3.205s] Level 1:colcon.colcon_core.environment:create_environment_scripts_only(crazyflie_sim)
[3.205s] Level 1:colcon.colcon_core.environment:checking '/home/raghav/crazyflie_mapping_demo/ros2_ws/install/crazyflie_sim' for CMake module files
[3.206s] Level 1:colcon.colcon_core.environment:checking '/home/raghav/crazyflie_mapping_demo/ros2_ws/install/crazyflie_sim' for CMake config files
[3.206s] Level 1:colcon.colcon_core.shell:create_environment_hook('crazyflie_sim', 'cmake_prefix_path')
[3.206s] INFO:colcon.colcon_core.shell:Creating environment hook '/home/raghav/crazyflie_mapping_demo/ros2_ws/install/crazyflie_sim/share/crazyflie_sim/hook/cmake_prefix_path.ps1'
[3.207s] DEBUG:colcon.colcon_core.event_handler.log_command:Invoked command in '/home/raghav/crazyflie_mapping_demo/ros2_ws/build/crazyflie_sim' returned '0': AMENT_PREFIX_PATH=/home/raghav/crazyflie_mapping_demo/ros2_ws/install/crazyflie_interfaces:${AMENT_PREFIX_PATH} CMAKE_PREFIX_PATH=/home/raghav/crazyflie_mapping_demo/ros2_ws/install/crazyflie_interfaces:/opt/ros/humble LD_LIBRARY_PATH=/home/raghav/crazyflie_mapping_demo/ros2_ws/install/crazyflie_interfaces/lib:${LD_LIBRARY_PATH} PYTHONPATH=/home/raghav/crazyflie_mapping_demo/ros2_ws/install/crazyflie_interfaces/local/lib/python3.10/dist-packages:${PYTHONPATH} /usr/bin/cmake --install /home/raghav/crazyflie_mapping_demo/ros2_ws/build/crazyflie_sim
[3.207s] INFO:colcon.colcon_core.shell:Creating environment descriptor '/home/raghav/crazyflie_mapping_demo/ros2_ws/install/crazyflie_sim/share/crazyflie_sim/hook/cmake_prefix_path.dsv'
[3.208s] INFO:colcon.colcon_core.shell:Creating environment hook '/home/raghav/crazyflie_mapping_demo/ros2_ws/install/crazyflie_sim/share/crazyflie_sim/hook/cmake_prefix_path.sh'
[3.209s] Level 1:colcon.colcon_core.environment:checking '/home/raghav/crazyflie_mapping_demo/ros2_ws/install/crazyflie_sim/lib'
[3.210s] Level 1:colcon.colcon_core.environment:checking '/home/raghav/crazyflie_mapping_demo/ros2_ws/install/crazyflie_sim/bin'
[3.210s] Level 1:colcon.colcon_core.environment:checking '/home/raghav/crazyflie_mapping_demo/ros2_ws/install/crazyflie_sim/lib/pkgconfig/crazyflie_sim.pc'
[3.210s] Level 1:colcon.colcon_core.environment:checking '/home/raghav/crazyflie_mapping_demo/ros2_ws/install/crazyflie_sim/lib/python3.10/site-packages'
[3.210s] Level 1:colcon.colcon_core.environment:checking '/home/raghav/crazyflie_mapping_demo/ros2_ws/install/crazyflie_sim/bin'
[3.211s] INFO:colcon.colcon_core.shell:Creating package script '/home/raghav/crazyflie_mapping_demo/ros2_ws/install/crazyflie_sim/share/crazyflie_sim/package.ps1'
[3.211s] INFO:colcon.colcon_core.shell:Creating package descriptor '/home/raghav/crazyflie_mapping_demo/ros2_ws/install/crazyflie_sim/share/crazyflie_sim/package.dsv'
[3.212s] INFO:colcon.colcon_core.shell:Creating package script '/home/raghav/crazyflie_mapping_demo/ros2_ws/install/crazyflie_sim/share/crazyflie_sim/package.sh'
[3.212s] INFO:colcon.colcon_core.shell:Creating package script '/home/raghav/crazyflie_mapping_demo/ros2_ws/install/crazyflie_sim/share/crazyflie_sim/package.bash'
[3.212s] INFO:colcon.colcon_core.shell:Creating package script '/home/raghav/crazyflie_mapping_demo/ros2_ws/install/crazyflie_sim/share/crazyflie_sim/package.zsh'
[3.213s] Level 1:colcon.colcon_core.environment:create_file_with_runtime_dependencies(/home/raghav/crazyflie_mapping_demo/ros2_ws/install/crazyflie_sim/share/colcon-core/packages/crazyflie_sim)
[3.213s] Level 1:colcon.colcon_core.environment:create_environment_scripts_only(crazyflie_sim)
[3.213s] Level 1:colcon.colcon_core.environment:checking '/home/raghav/crazyflie_mapping_demo/ros2_ws/install/crazyflie_sim' for CMake module files
[3.214s] Level 1:colcon.colcon_core.environment:checking '/home/raghav/crazyflie_mapping_demo/ros2_ws/install/crazyflie_sim' for CMake config files
[3.214s] Level 1:colcon.colcon_core.shell:create_environment_hook('crazyflie_sim', 'cmake_prefix_path')
[3.214s] INFO:colcon.colcon_core.shell:Creating environment hook '/home/raghav/crazyflie_mapping_demo/ros2_ws/install/crazyflie_sim/share/crazyflie_sim/hook/cmake_prefix_path.ps1'
[3.215s] INFO:colcon.colcon_core.shell:Creating environment descriptor '/home/raghav/crazyflie_mapping_demo/ros2_ws/install/crazyflie_sim/share/crazyflie_sim/hook/cmake_prefix_path.dsv'
[3.215s] INFO:colcon.colcon_core.shell:Creating environment hook '/home/raghav/crazyflie_mapping_demo/ros2_ws/install/crazyflie_sim/share/crazyflie_sim/hook/cmake_prefix_path.sh'
[3.215s] Level 1:colcon.colcon_core.environment:checking '/home/raghav/crazyflie_mapping_demo/ros2_ws/install/crazyflie_sim/lib'
[3.215s] Level 1:colcon.colcon_core.environment:checking '/home/raghav/crazyflie_mapping_demo/ros2_ws/install/crazyflie_sim/bin'
[3.216s] Level 1:colcon.colcon_core.environment:checking '/home/raghav/crazyflie_mapping_demo/ros2_ws/install/crazyflie_sim/lib/pkgconfig/crazyflie_sim.pc'
[3.216s] Level 1:colcon.colcon_core.environment:checking '/home/raghav/crazyflie_mapping_demo/ros2_ws/install/crazyflie_sim/lib/python3.10/site-packages'
[3.216s] Level 1:colcon.colcon_core.environment:checking '/home/raghav/crazyflie_mapping_demo/ros2_ws/install/crazyflie_sim/bin'
[3.217s] INFO:colcon.colcon_core.shell:Creating package script '/home/raghav/crazyflie_mapping_demo/ros2_ws/install/crazyflie_sim/share/crazyflie_sim/package.ps1'
[3.218s] INFO:colcon.colcon_core.shell:Creating package descriptor '/home/raghav/crazyflie_mapping_demo/ros2_ws/install/crazyflie_sim/share/crazyflie_sim/package.dsv'
[3.219s] INFO:colcon.colcon_core.shell:Creating package script '/home/raghav/crazyflie_mapping_demo/ros2_ws/install/crazyflie_sim/share/crazyflie_sim/package.sh'
[3.219s] INFO:colcon.colcon_core.shell:Creating package script '/home/raghav/crazyflie_mapping_demo/ros2_ws/install/crazyflie_sim/share/crazyflie_sim/package.bash'
[3.219s] INFO:colcon.colcon_core.shell:Creating package script '/home/raghav/crazyflie_mapping_demo/ros2_ws/install/crazyflie_sim/share/crazyflie_sim/package.zsh'
[3.220s] Level 1:colcon.colcon_core.environment:create_file_with_runtime_dependencies(/home/raghav/crazyflie_mapping_demo/ros2_ws/install/crazyflie_sim/share/colcon-core/packages/crazyflie_sim)
[3.334s] Level 1:colcon.colcon_core.environment:checking '/home/raghav/crazyflie_mapping_demo/ros2_ws/install/crazyflie_py' for CMake module files
[3.335s] Level 1:colcon.colcon_core.environment:checking '/home/raghav/crazyflie_mapping_demo/ros2_ws/install/crazyflie_py' for CMake config files
[3.336s] DEBUG:colcon.colcon_core.event_handler.log_command:Invoked command in '/home/raghav/crazyflie_mapping_demo/ros2_ws/src/crazyswarm2/crazyflie_py' returned '0': AMENT_PREFIX_PATH=/home/raghav/crazyflie_mapping_demo/ros2_ws/install/crazyflie_interfaces:${AMENT_PREFIX_PATH} CMAKE_PREFIX_PATH=/home/raghav/crazyflie_mapping_demo/ros2_ws/install/crazyflie_interfaces LD_LIBRARY_PATH=/home/raghav/crazyflie_mapping_demo/ros2_ws/install/crazyflie_interfaces/lib:${LD_LIBRARY_PATH} PYTHONPATH=/home/raghav/crazyflie_mapping_demo/ros2_ws/build/crazyflie_py/prefix_override:/usr/lib/python3/dist-packages/colcon_core/task/python/colcon_distutils_commands:/home/raghav/crazyflie_mapping_demo/ros2_ws/install/crazyflie_py/lib/python3.10/site-packages:/home/raghav/crazyflie_mapping_demo/ros2_ws/install/crazyflie_interfaces/local/lib/python3.10/dist-packages:${PYTHONPATH} /usr/bin/python3 -W ignore:setup.py install is deprecated -W ignore:easy_install command is deprecated setup.py egg_info --egg-base ../../../build/crazyflie_py build --build-base /home/raghav/crazyflie_mapping_demo/ros2_ws/build/crazyflie_py/build install --record /home/raghav/crazyflie_mapping_demo/ros2_ws/build/crazyflie_py/install.log --single-version-externally-managed install_data
[3.338s] Level 1:colcon.colcon_core.environment:checking '/home/raghav/crazyflie_mapping_demo/ros2_ws/install/crazyflie_py/lib'
[3.339s] Level 1:colcon.colcon_core.environment:checking '/home/raghav/crazyflie_mapping_demo/ros2_ws/install/crazyflie_py/bin'
[3.339s] Level 1:colcon.colcon_core.environment:checking '/home/raghav/crazyflie_mapping_demo/ros2_ws/install/crazyflie_py/lib/pkgconfig/crazyflie_py.pc'
[3.341s] Level 1:colcon.colcon_core.environment:checking '/home/raghav/crazyflie_mapping_demo/ros2_ws/install/crazyflie_py/lib/python3.10/site-packages'
[3.341s] Level 1:colcon.colcon_core.shell:create_environment_hook('crazyflie_py', 'pythonpath')
[3.342s] INFO:colcon.colcon_core.shell:Creating environment hook '/home/raghav/crazyflie_mapping_demo/ros2_ws/install/crazyflie_py/share/crazyflie_py/hook/pythonpath.ps1'
[3.344s] INFO:colcon.colcon_core.shell:Creating environment descriptor '/home/raghav/crazyflie_mapping_demo/ros2_ws/install/crazyflie_py/share/crazyflie_py/hook/pythonpath.dsv'
[3.346s] INFO:colcon.colcon_core.shell:Creating environment hook '/home/raghav/crazyflie_mapping_demo/ros2_ws/install/crazyflie_py/share/crazyflie_py/hook/pythonpath.sh'
[3.349s] Level 1:colcon.colcon_core.environment:checking '/home/raghav/crazyflie_mapping_demo/ros2_ws/install/crazyflie_py/bin'
[3.349s] Level 1:colcon.colcon_core.environment:create_environment_scripts_only(crazyflie_py)
[3.351s] INFO:colcon.colcon_core.shell:Creating package script '/home/raghav/crazyflie_mapping_demo/ros2_ws/install/crazyflie_py/share/crazyflie_py/package.ps1'
[3.354s] INFO:colcon.colcon_core.shell:Creating package descriptor '/home/raghav/crazyflie_mapping_demo/ros2_ws/install/crazyflie_py/share/crazyflie_py/package.dsv'
[3.356s] INFO:colcon.colcon_core.shell:Creating package script '/home/raghav/crazyflie_mapping_demo/ros2_ws/install/crazyflie_py/share/crazyflie_py/package.sh'
[3.357s] INFO:colcon.colcon_core.shell:Creating package script '/home/raghav/crazyflie_mapping_demo/ros2_ws/install/crazyflie_py/share/crazyflie_py/package.bash'
[3.359s] INFO:colcon.colcon_core.shell:Creating package script '/home/raghav/crazyflie_mapping_demo/ros2_ws/install/crazyflie_py/share/crazyflie_py/package.zsh'
[3.360s] Level 1:colcon.colcon_core.environment:create_file_with_runtime_dependencies(/home/raghav/crazyflie_mapping_demo/ros2_ws/install/crazyflie_py/share/colcon-core/packages/crazyflie_py)
[3.361s] INFO:colcon.colcon_ros.task.ament_cmake.build:Building ROS package in '/home/raghav/crazyflie_mapping_demo/ros2_ws/src/crazyswarm2/crazyflie_examples' with build type 'ament_cmake'
[3.362s] INFO:colcon.colcon_cmake.task.cmake.build:Building CMake package in '/home/raghav/crazyflie_mapping_demo/ros2_ws/src/crazyswarm2/crazyflie_examples'
[3.363s] INFO:colcon.colcon_core.shell:Skip shell extension 'powershell' for command environment: Not usable outside of PowerShell
[3.363s] DEBUG:colcon.colcon_core.shell:Skip shell extension 'dsv' for command environment
[3.387s] DEBUG:colcon.colcon_core.event_handler.log_command:Invoking command in '/home/raghav/crazyflie_mapping_demo/ros2_ws/build/crazyflie_examples': AMENT_PREFIX_PATH=/home/raghav/crazyflie_mapping_demo/ros2_ws/install/crazyflie_py:/home/raghav/crazyflie_mapping_demo/ros2_ws/install/crazyflie_interfaces:${AMENT_PREFIX_PATH} CMAKE_PREFIX_PATH=/home/raghav/crazyflie_mapping_demo/ros2_ws/install/crazyflie_interfaces:/opt/ros/humble LD_LIBRARY_PATH=/home/raghav/crazyflie_mapping_demo/ros2_ws/install/crazyflie_interfaces/lib:${LD_LIBRARY_PATH} PYTHONPATH=/home/raghav/crazyflie_mapping_demo/ros2_ws/install/crazyflie_py/lib/python3.10/site-packages:/home/raghav/crazyflie_mapping_demo/ros2_ws/install/crazyflie_interfaces/local/lib/python3.10/dist-packages:${PYTHONPATH} /usr/bin/cmake --build /home/raghav/crazyflie_mapping_demo/ros2_ws/build/crazyflie_examples -- -j20 -l20
[3.899s] DEBUG:colcon.colcon_core.event_handler.log_command:Invoked command in '/home/raghav/crazyflie_mapping_demo/ros2_ws/build/crazyflie_examples' returned '0': AMENT_PREFIX_PATH=/home/raghav/crazyflie_mapping_demo/ros2_ws/install/crazyflie_py:/home/raghav/crazyflie_mapping_demo/ros2_ws/install/crazyflie_interfaces:${AMENT_PREFIX_PATH} CMAKE_PREFIX_PATH=/home/raghav/crazyflie_mapping_demo/ros2_ws/install/crazyflie_interfaces:/opt/ros/humble LD_LIBRARY_PATH=/home/raghav/crazyflie_mapping_demo/ros2_ws/install/crazyflie_interfaces/lib:${LD_LIBRARY_PATH} PYTHONPATH=/home/raghav/crazyflie_mapping_demo/ros2_ws/install/crazyflie_py/lib/python3.10/site-packages:/home/raghav/crazyflie_mapping_demo/ros2_ws/install/crazyflie_interfaces/local/lib/python3.10/dist-packages:${PYTHONPATH} /usr/bin/cmake --build /home/raghav/crazyflie_mapping_demo/ros2_ws/build/crazyflie_examples -- -j20 -l20
[3.902s] DEBUG:colcon.colcon_core.event_handler.log_command:Invoking command in '/home/raghav/crazyflie_mapping_demo/ros2_ws/build/crazyflie_examples': AMENT_PREFIX_PATH=/home/raghav/crazyflie_mapping_demo/ros2_ws/install/crazyflie_py:/home/raghav/crazyflie_mapping_demo/ros2_ws/install/crazyflie_interfaces:${AMENT_PREFIX_PATH} CMAKE_PREFIX_PATH=/home/raghav/crazyflie_mapping_demo/ros2_ws/install/crazyflie_interfaces:/opt/ros/humble LD_LIBRARY_PATH=/home/raghav/crazyflie_mapping_demo/ros2_ws/install/crazyflie_interfaces/lib:${LD_LIBRARY_PATH} PYTHONPATH=/home/raghav/crazyflie_mapping_demo/ros2_ws/install/crazyflie_py/lib/python3.10/site-packages:/home/raghav/crazyflie_mapping_demo/ros2_ws/install/crazyflie_interfaces/local/lib/python3.10/dist-packages:${PYTHONPATH} /usr/bin/cmake --install /home/raghav/crazyflie_mapping_demo/ros2_ws/build/crazyflie_examples
[3.981s] Level 1:colcon.colcon_core.environment:create_environment_scripts_only(crazyflie_examples)
[3.981s] Level 1:colcon.colcon_core.environment:checking '/home/raghav/crazyflie_mapping_demo/ros2_ws/install/crazyflie_examples' for CMake module files
[3.982s] DEBUG:colcon.colcon_core.event_handler.log_command:Invoked command in '/home/raghav/crazyflie_mapping_demo/ros2_ws/build/crazyflie_examples' returned '0': AMENT_PREFIX_PATH=/home/raghav/crazyflie_mapping_demo/ros2_ws/install/crazyflie_py:/home/raghav/crazyflie_mapping_demo/ros2_ws/install/crazyflie_interfaces:${AMENT_PREFIX_PATH} CMAKE_PREFIX_PATH=/home/raghav/crazyflie_mapping_demo/ros2_ws/install/crazyflie_interfaces:/opt/ros/humble LD_LIBRARY_PATH=/home/raghav/crazyflie_mapping_demo/ros2_ws/install/crazyflie_interfaces/lib:${LD_LIBRARY_PATH} PYTHONPATH=/home/raghav/crazyflie_mapping_demo/ros2_ws/install/crazyflie_py/lib/python3.10/site-packages:/home/raghav/crazyflie_mapping_demo/ros2_ws/install/crazyflie_interfaces/local/lib/python3.10/dist-packages:${PYTHONPATH} /usr/bin/cmake --install /home/raghav/crazyflie_mapping_demo/ros2_ws/build/crazyflie_examples
[3.982s] Level 1:colcon.colcon_core.environment:checking '/home/raghav/crazyflie_mapping_demo/ros2_ws/install/crazyflie_examples' for CMake config files
[3.983s] Level 1:colcon.colcon_core.shell:create_environment_hook('crazyflie_examples', 'cmake_prefix_path')
[3.983s] INFO:colcon.colcon_core.shell:Creating environment hook '/home/raghav/crazyflie_mapping_demo/ros2_ws/install/crazyflie_examples/share/crazyflie_examples/hook/cmake_prefix_path.ps1'
[3.983s] INFO:colcon.colcon_core.shell:Creating environment descriptor '/home/raghav/crazyflie_mapping_demo/ros2_ws/install/crazyflie_examples/share/crazyflie_examples/hook/cmake_prefix_path.dsv'
[3.984s] INFO:colcon.colcon_core.shell:Creating environment hook '/home/raghav/crazyflie_mapping_demo/ros2_ws/install/crazyflie_examples/share/crazyflie_examples/hook/cmake_prefix_path.sh'
[3.984s] Level 1:colcon.colcon_core.environment:checking '/home/raghav/crazyflie_mapping_demo/ros2_ws/install/crazyflie_examples/lib'
[3.984s] Level 1:colcon.colcon_core.environment:checking '/home/raghav/crazyflie_mapping_demo/ros2_ws/install/crazyflie_examples/bin'
[3.984s] Level 1:colcon.colcon_core.environment:checking '/home/raghav/crazyflie_mapping_demo/ros2_ws/install/crazyflie_examples/lib/pkgconfig/crazyflie_examples.pc'
[3.984s] Level 1:colcon.colcon_core.environment:checking '/home/raghav/crazyflie_mapping_demo/ros2_ws/install/crazyflie_examples/lib/python3.10/site-packages'
[3.984s] Level 1:colcon.colcon_core.environment:checking '/home/raghav/crazyflie_mapping_demo/ros2_ws/install/crazyflie_examples/bin'
[3.985s] INFO:colcon.colcon_core.shell:Creating package script '/home/raghav/crazyflie_mapping_demo/ros2_ws/install/crazyflie_examples/share/crazyflie_examples/package.ps1'
[3.985s] INFO:colcon.colcon_core.shell:Creating package descriptor '/home/raghav/crazyflie_mapping_demo/ros2_ws/install/crazyflie_examples/share/crazyflie_examples/package.dsv'
[3.986s] INFO:colcon.colcon_core.shell:Creating package script '/home/raghav/crazyflie_mapping_demo/ros2_ws/install/crazyflie_examples/share/crazyflie_examples/package.sh'
[3.986s] INFO:colcon.colcon_core.shell:Creating package script '/home/raghav/crazyflie_mapping_demo/ros2_ws/install/crazyflie_examples/share/crazyflie_examples/package.bash'
[3.986s] INFO:colcon.colcon_core.shell:Creating package script '/home/raghav/crazyflie_mapping_demo/ros2_ws/install/crazyflie_examples/share/crazyflie_examples/package.zsh'
[3.987s] Level 1:colcon.colcon_core.environment:create_file_with_runtime_dependencies(/home/raghav/crazyflie_mapping_demo/ros2_ws/install/crazyflie_examples/share/colcon-core/packages/crazyflie_examples)
[3.987s] Level 1:colcon.colcon_core.environment:create_environment_scripts_only(crazyflie_examples)
[3.988s] Level 1:colcon.colcon_core.environment:checking '/home/raghav/crazyflie_mapping_demo/ros2_ws/install/crazyflie_examples' for CMake module files
[3.989s] Level 1:colcon.colcon_core.environment:checking '/home/raghav/crazyflie_mapping_demo/ros2_ws/install/crazyflie_examples' for CMake config files
[3.989s] Level 1:colcon.colcon_core.shell:create_environment_hook('crazyflie_examples', 'cmake_prefix_path')
[3.989s] INFO:colcon.colcon_core.shell:Creating environment hook '/home/raghav/crazyflie_mapping_demo/ros2_ws/install/crazyflie_examples/share/crazyflie_examples/hook/cmake_prefix_path.ps1'
[3.990s] INFO:colcon.colcon_core.shell:Creating environment descriptor '/home/raghav/crazyflie_mapping_demo/ros2_ws/install/crazyflie_examples/share/crazyflie_examples/hook/cmake_prefix_path.dsv'
[3.991s] INFO:colcon.colcon_core.shell:Creating environment hook '/home/raghav/crazyflie_mapping_demo/ros2_ws/install/crazyflie_examples/share/crazyflie_examples/hook/cmake_prefix_path.sh'
[3.991s] Level 1:colcon.colcon_core.environment:checking '/home/raghav/crazyflie_mapping_demo/ros2_ws/install/crazyflie_examples/lib'
[3.991s] Level 1:colcon.colcon_core.environment:checking '/home/raghav/crazyflie_mapping_demo/ros2_ws/install/crazyflie_examples/bin'
[3.991s] Level 1:colcon.colcon_core.environment:checking '/home/raghav/crazyflie_mapping_demo/ros2_ws/install/crazyflie_examples/lib/pkgconfig/crazyflie_examples.pc'
[3.991s] Level 1:colcon.colcon_core.environment:checking '/home/raghav/crazyflie_mapping_demo/ros2_ws/install/crazyflie_examples/lib/python3.10/site-packages'
[3.992s] Level 1:colcon.colcon_core.environment:checking '/home/raghav/crazyflie_mapping_demo/ros2_ws/install/crazyflie_examples/bin'
[3.992s] INFO:colcon.colcon_core.shell:Creating package script '/home/raghav/crazyflie_mapping_demo/ros2_ws/install/crazyflie_examples/share/crazyflie_examples/package.ps1'
[3.993s] INFO:colcon.colcon_core.shell:Creating package descriptor '/home/raghav/crazyflie_mapping_demo/ros2_ws/install/crazyflie_examples/share/crazyflie_examples/package.dsv'
[3.993s] INFO:colcon.colcon_core.shell:Creating package script '/home/raghav/crazyflie_mapping_demo/ros2_ws/install/crazyflie_examples/share/crazyflie_examples/package.sh'
[3.993s] INFO:colcon.colcon_core.shell:Creating package script '/home/raghav/crazyflie_mapping_demo/ros2_ws/install/crazyflie_examples/share/crazyflie_examples/package.bash'
[3.994s] INFO:colcon.colcon_core.shell:Creating package script '/home/raghav/crazyflie_mapping_demo/ros2_ws/install/crazyflie_examples/share/crazyflie_examples/package.zsh'
[3.994s] Level 1:colcon.colcon_core.environment:create_file_with_runtime_dependencies(/home/raghav/crazyflie_mapping_demo/ros2_ws/install/crazyflie_examples/share/colcon-core/packages/crazyflie_examples)
[3.994s] DEBUG:colcon.colcon_parallel_executor.executor.parallel:closing loop
[3.995s] DEBUG:colcon.colcon_parallel_executor.executor.parallel:loop closed
[3.995s] DEBUG:colcon.colcon_parallel_executor.executor.parallel:run_until_complete finished with '0'
[3.995s] DEBUG:colcon.colcon_core.event_reactor:joining thread
[4.008s] INFO:colcon.colcon_core.plugin_system:Skipping extension 'colcon_notification.desktop_notification.terminal_notifier': Not used on non-Darwin systems
[4.008s] INFO:colcon.colcon_core.plugin_system:Skipping extension 'colcon_notification.desktop_notification.win32': Not used on non-Windows systems
[4.008s] INFO:colcon.colcon_notification.desktop_notification:Sending desktop notification using 'notify2'
[4.044s] DEBUG:colcon.colcon_core.event_reactor:joined thread
[4.045s] INFO:colcon.colcon_core.shell:Creating prefix script '/home/raghav/crazyflie_mapping_demo/ros2_ws/install/local_setup.ps1'
[4.048s] INFO:colcon.colcon_core.shell:Creating prefix util module '/home/raghav/crazyflie_mapping_demo/ros2_ws/install/_local_setup_util_ps1.py'
[4.051s] INFO:colcon.colcon_core.shell:Creating prefix chain script '/home/raghav/crazyflie_mapping_demo/ros2_ws/install/setup.ps1'
[4.054s] INFO:colcon.colcon_core.shell:Creating prefix script '/home/raghav/crazyflie_mapping_demo/ros2_ws/install/local_setup.sh'
[4.055s] INFO:colcon.colcon_core.shell:Creating prefix util module '/home/raghav/crazyflie_mapping_demo/ros2_ws/install/_local_setup_util_sh.py'
[4.058s] INFO:colcon.colcon_core.shell:Creating prefix chain script '/home/raghav/crazyflie_mapping_demo/ros2_ws/install/setup.sh'
[4.061s] INFO:colcon.colcon_core.shell:Creating prefix script '/home/raghav/crazyflie_mapping_demo/ros2_ws/install/local_setup.bash'
[4.062s] INFO:colcon.colcon_core.shell:Creating prefix chain script '/home/raghav/crazyflie_mapping_demo/ros2_ws/install/setup.bash'
[4.065s] INFO:colcon.colcon_core.shell:Creating prefix script '/home/raghav/crazyflie_mapping_demo/ros2_ws/install/local_setup.zsh'
[4.066s] INFO:colcon.colcon_core.shell:Creating prefix chain script '/home/raghav/crazyflie_mapping_demo/ros2_ws/install/setup.zsh'
