[0.065s] DEBUG:colcon:Command line arguments: ['/usr/bin/colcon', 'build', '--cmake-args', '-DBUILD_TESTING=ON']
[0.065s] DEBUG:colcon:Parsed command line arguments: Namespace(log_base=None, log_level=None, verb_name='build', build_base='build', install_base='install', merge_install=False, symlink_install=False, test_result_base=None, continue_on_error=False, executor='parallel', parallel_workers=20, event_handlers=None, ignore_user_meta=False, metas=['./colcon.meta'], base_paths=['.'], packages_ignore=None, packages_ignore_regex=None, paths=None, packages_up_to=None, packages_up_to_regex=None, packages_above=None, packages_above_and_dependencies=None, packages_above_depth=None, packages_select_by_dep=None, packages_skip_by_dep=None, packages_skip_up_to=None, packages_select_build_failed=False, packages_skip_build_finished=False, packages_select_test_failures=False, packages_skip_test_passed=False, packages_select=None, packages_skip=None, packages_select_regex=None, packages_skip_regex=None, packages_start=None, packages_end=None, allow_overriding=[], cmake_args=['-DBUILD_TESTING=ON'], cmake_target=None, cmake_target_skip_unavailable=False, cmake_clean_cache=False, cmake_clean_first=False, cmake_force_configure=False, ament_cmake_args=None, catkin_cmake_args=None, catkin_skip_building_tests=False, verb_parser=<colcon_defaults.argument_parser.defaults.DefaultArgumentsDecorator object at 0x70d632044f70>, verb_extension=<colcon_core.verb.build.BuildVerb object at 0x70d632132b30>, main=<bound method BuildVerb.main of <colcon_core.verb.build.BuildVerb object at 0x70d632132b30>>)
[0.160s] Level 1:colcon.colcon_core.package_discovery:discover_packages(colcon_meta) check parameters
[0.160s] Level 1:colcon.colcon_core.package_discovery:discover_packages(recursive) check parameters
[0.160s] Level 1:colcon.colcon_core.package_discovery:discover_packages(ignore) check parameters
[0.160s] Level 1:colcon.colcon_core.package_discovery:discover_packages(path) check parameters
[0.160s] Level 1:colcon.colcon_core.package_discovery:discover_packages(colcon_meta) discover
[0.160s] Level 1:colcon.colcon_core.package_discovery:discover_packages(recursive) discover
[0.160s] INFO:colcon.colcon_core.package_discovery:Crawling recursively for packages in '/home/raghav/crazyflie_mapping_demo/ros2_ws'
[0.160s] Level 1:colcon.colcon_core.package_identification:_identify(.) by extensions ['ignore', 'ignore_ament_install']
[0.160s] Level 1:colcon.colcon_core.package_identification:_identify(.) by extension 'ignore'
[0.160s] Level 1:colcon.colcon_core.package_identification:_identify(.) by extension 'ignore_ament_install'
[0.160s] Level 1:colcon.colcon_core.package_identification:_identify(.) by extensions ['colcon_pkg']
[0.160s] Level 1:colcon.colcon_core.package_identification:_identify(.) by extension 'colcon_pkg'
[0.161s] Level 1:colcon.colcon_core.package_identification:_identify(.) by extensions ['colcon_meta']
[0.161s] Level 1:colcon.colcon_core.package_identification:_identify(.) by extension 'colcon_meta'
[0.161s] Level 1:colcon.colcon_core.package_identification:_identify(.) by extensions ['ros']
[0.161s] Level 1:colcon.colcon_core.package_identification:_identify(.) by extension 'ros'
[0.168s] Level 1:colcon.colcon_core.package_identification:_identify(.) by extensions ['cmake', 'python']
[0.168s] Level 1:colcon.colcon_core.package_identification:_identify(.) by extension 'cmake'
[0.168s] Level 1:colcon.colcon_core.package_identification:_identify(.) by extension 'python'
[0.168s] Level 1:colcon.colcon_core.package_identification:_identify(.) by extensions ['python_setup_py']
[0.168s] Level 1:colcon.colcon_core.package_identification:_identify(.) by extension 'python_setup_py'
[0.168s] Level 1:colcon.colcon_core.package_identification:_identify(build) by extensions ['ignore', 'ignore_ament_install']
[0.168s] Level 1:colcon.colcon_core.package_identification:_identify(build) by extension 'ignore'
[0.168s] Level 1:colcon.colcon_core.package_identification:_identify(build) ignored
[0.168s] Level 1:colcon.colcon_core.package_identification:_identify(install) by extensions ['ignore', 'ignore_ament_install']
[0.168s] Level 1:colcon.colcon_core.package_identification:_identify(install) by extension 'ignore'
[0.168s] Level 1:colcon.colcon_core.package_identification:_identify(install) ignored
[0.168s] Level 1:colcon.colcon_core.package_identification:_identify(log) by extensions ['ignore', 'ignore_ament_install']
[0.168s] Level 1:colcon.colcon_core.package_identification:_identify(log) by extension 'ignore'
[0.168s] Level 1:colcon.colcon_core.package_identification:_identify(log) ignored
[0.168s] Level 1:colcon.colcon_core.package_identification:_identify(src) by extensions ['ignore', 'ignore_ament_install']
[0.169s] Level 1:colcon.colcon_core.package_identification:_identify(src) by extension 'ignore'
[0.169s] Level 1:colcon.colcon_core.package_identification:_identify(src) by extension 'ignore_ament_install'
[0.169s] Level 1:colcon.colcon_core.package_identification:_identify(src) by extensions ['colcon_pkg']
[0.169s] Level 1:colcon.colcon_core.package_identification:_identify(src) by extension 'colcon_pkg'
[0.169s] Level 1:colcon.colcon_core.package_identification:_identify(src) by extensions ['colcon_meta']
[0.169s] Level 1:colcon.colcon_core.package_identification:_identify(src) by extension 'colcon_meta'
[0.169s] Level 1:colcon.colcon_core.package_identification:_identify(src) by extensions ['ros']
[0.169s] Level 1:colcon.colcon_core.package_identification:_identify(src) by extension 'ros'
[0.169s] Level 1:colcon.colcon_core.package_identification:_identify(src) by extensions ['cmake', 'python']
[0.169s] Level 1:colcon.colcon_core.package_identification:_identify(src) by extension 'cmake'
[0.169s] Level 1:colcon.colcon_core.package_identification:_identify(src) by extension 'python'
[0.169s] Level 1:colcon.colcon_core.package_identification:_identify(src) by extensions ['python_setup_py']
[0.169s] Level 1:colcon.colcon_core.package_identification:_identify(src) by extension 'python_setup_py'
[0.169s] Level 1:colcon.colcon_core.package_identification:_identify(src/crazyflie_ros2_multiranger) by extensions ['ignore', 'ignore_ament_install']
[0.169s] Level 1:colcon.colcon_core.package_identification:_identify(src/crazyflie_ros2_multiranger) by extension 'ignore'
[0.169s] Level 1:colcon.colcon_core.package_identification:_identify(src/crazyflie_ros2_multiranger) by extension 'ignore_ament_install'
[0.169s] Level 1:colcon.colcon_core.package_identification:_identify(src/crazyflie_ros2_multiranger) by extensions ['colcon_pkg']
[0.169s] Level 1:colcon.colcon_core.package_identification:_identify(src/crazyflie_ros2_multiranger) by extension 'colcon_pkg'
[0.169s] Level 1:colcon.colcon_core.package_identification:_identify(src/crazyflie_ros2_multiranger) by extensions ['colcon_meta']
[0.169s] Level 1:colcon.colcon_core.package_identification:_identify(src/crazyflie_ros2_multiranger) by extension 'colcon_meta'
[0.169s] Level 1:colcon.colcon_core.package_identification:_identify(src/crazyflie_ros2_multiranger) by extensions ['ros']
[0.169s] Level 1:colcon.colcon_core.package_identification:_identify(src/crazyflie_ros2_multiranger) by extension 'ros'
[0.169s] Level 1:colcon.colcon_core.package_identification:_identify(src/crazyflie_ros2_multiranger) by extensions ['cmake', 'python']
[0.169s] Level 1:colcon.colcon_core.package_identification:_identify(src/crazyflie_ros2_multiranger) by extension 'cmake'
[0.169s] Level 1:colcon.colcon_core.package_identification:_identify(src/crazyflie_ros2_multiranger) by extension 'python'
[0.169s] Level 1:colcon.colcon_core.package_identification:_identify(src/crazyflie_ros2_multiranger) by extensions ['python_setup_py']
[0.169s] Level 1:colcon.colcon_core.package_identification:_identify(src/crazyflie_ros2_multiranger) by extension 'python_setup_py'
[0.169s] Level 1:colcon.colcon_core.package_identification:_identify(src/crazyflie_ros2_multiranger/crazyflie_ros2_multiranger_bringup) by extensions ['ignore', 'ignore_ament_install']
[0.169s] Level 1:colcon.colcon_core.package_identification:_identify(src/crazyflie_ros2_multiranger/crazyflie_ros2_multiranger_bringup) by extension 'ignore'
[0.169s] Level 1:colcon.colcon_core.package_identification:_identify(src/crazyflie_ros2_multiranger/crazyflie_ros2_multiranger_bringup) by extension 'ignore_ament_install'
[0.169s] Level 1:colcon.colcon_core.package_identification:_identify(src/crazyflie_ros2_multiranger/crazyflie_ros2_multiranger_bringup) by extensions ['colcon_pkg']
[0.169s] Level 1:colcon.colcon_core.package_identification:_identify(src/crazyflie_ros2_multiranger/crazyflie_ros2_multiranger_bringup) by extension 'colcon_pkg'
[0.169s] Level 1:colcon.colcon_core.package_identification:_identify(src/crazyflie_ros2_multiranger/crazyflie_ros2_multiranger_bringup) by extensions ['colcon_meta']
[0.169s] Level 1:colcon.colcon_core.package_identification:_identify(src/crazyflie_ros2_multiranger/crazyflie_ros2_multiranger_bringup) by extension 'colcon_meta'
[0.169s] Level 1:colcon.colcon_core.package_identification:_identify(src/crazyflie_ros2_multiranger/crazyflie_ros2_multiranger_bringup) by extensions ['ros']
[0.169s] Level 1:colcon.colcon_core.package_identification:_identify(src/crazyflie_ros2_multiranger/crazyflie_ros2_multiranger_bringup) by extension 'ros'
[0.171s] DEBUG:colcon.colcon_core.package_identification:Package 'src/crazyflie_ros2_multiranger/crazyflie_ros2_multiranger_bringup' with type 'ros.ament_cmake' and name 'crazyflie_ros2_multiranger_bringup'
[0.171s] Level 1:colcon.colcon_core.package_identification:_identify(src/crazyflie_ros2_multiranger/crazyflie_ros2_multiranger_simple_mapper) by extensions ['ignore', 'ignore_ament_install']
[0.171s] Level 1:colcon.colcon_core.package_identification:_identify(src/crazyflie_ros2_multiranger/crazyflie_ros2_multiranger_simple_mapper) by extension 'ignore'
[0.171s] Level 1:colcon.colcon_core.package_identification:_identify(src/crazyflie_ros2_multiranger/crazyflie_ros2_multiranger_simple_mapper) by extension 'ignore_ament_install'
[0.171s] Level 1:colcon.colcon_core.package_identification:_identify(src/crazyflie_ros2_multiranger/crazyflie_ros2_multiranger_simple_mapper) by extensions ['colcon_pkg']
[0.171s] Level 1:colcon.colcon_core.package_identification:_identify(src/crazyflie_ros2_multiranger/crazyflie_ros2_multiranger_simple_mapper) by extension 'colcon_pkg'
[0.171s] Level 1:colcon.colcon_core.package_identification:_identify(src/crazyflie_ros2_multiranger/crazyflie_ros2_multiranger_simple_mapper) by extensions ['colcon_meta']
[0.171s] Level 1:colcon.colcon_core.package_identification:_identify(src/crazyflie_ros2_multiranger/crazyflie_ros2_multiranger_simple_mapper) by extension 'colcon_meta'
[0.171s] Level 1:colcon.colcon_core.package_identification:_identify(src/crazyflie_ros2_multiranger/crazyflie_ros2_multiranger_simple_mapper) by extensions ['ros']
[0.171s] Level 1:colcon.colcon_core.package_identification:_identify(src/crazyflie_ros2_multiranger/crazyflie_ros2_multiranger_simple_mapper) by extension 'ros'
[0.172s] DEBUG:colcon.colcon_core.package_identification:Package 'src/crazyflie_ros2_multiranger/crazyflie_ros2_multiranger_simple_mapper' with type 'ros.ament_python' and name 'crazyflie_ros2_multiranger_simple_mapper'
[0.172s] Level 1:colcon.colcon_core.package_identification:_identify(src/crazyflie_ros2_multiranger/crazyflie_ros2_multiranger_wall_following) by extensions ['ignore', 'ignore_ament_install']
[0.172s] Level 1:colcon.colcon_core.package_identification:_identify(src/crazyflie_ros2_multiranger/crazyflie_ros2_multiranger_wall_following) by extension 'ignore'
[0.172s] Level 1:colcon.colcon_core.package_identification:_identify(src/crazyflie_ros2_multiranger/crazyflie_ros2_multiranger_wall_following) by extension 'ignore_ament_install'
[0.172s] Level 1:colcon.colcon_core.package_identification:_identify(src/crazyflie_ros2_multiranger/crazyflie_ros2_multiranger_wall_following) by extensions ['colcon_pkg']
[0.172s] Level 1:colcon.colcon_core.package_identification:_identify(src/crazyflie_ros2_multiranger/crazyflie_ros2_multiranger_wall_following) by extension 'colcon_pkg'
[0.172s] Level 1:colcon.colcon_core.package_identification:_identify(src/crazyflie_ros2_multiranger/crazyflie_ros2_multiranger_wall_following) by extensions ['colcon_meta']
[0.172s] Level 1:colcon.colcon_core.package_identification:_identify(src/crazyflie_ros2_multiranger/crazyflie_ros2_multiranger_wall_following) by extension 'colcon_meta'
[0.172s] Level 1:colcon.colcon_core.package_identification:_identify(src/crazyflie_ros2_multiranger/crazyflie_ros2_multiranger_wall_following) by extensions ['ros']
[0.172s] Level 1:colcon.colcon_core.package_identification:_identify(src/crazyflie_ros2_multiranger/crazyflie_ros2_multiranger_wall_following) by extension 'ros'
[0.172s] DEBUG:colcon.colcon_core.package_identification:Package 'src/crazyflie_ros2_multiranger/crazyflie_ros2_multiranger_wall_following' with type 'ros.ament_python' and name 'crazyflie_ros2_multiranger_wall_following'
[0.172s] Level 1:colcon.colcon_core.package_identification:_identify(src/crazyswarm2) by extensions ['ignore', 'ignore_ament_install']
[0.172s] Level 1:colcon.colcon_core.package_identification:_identify(src/crazyswarm2) by extension 'ignore'
[0.172s] Level 1:colcon.colcon_core.package_identification:_identify(src/crazyswarm2) by extension 'ignore_ament_install'
[0.172s] Level 1:colcon.colcon_core.package_identification:_identify(src/crazyswarm2) by extensions ['colcon_pkg']
[0.172s] Level 1:colcon.colcon_core.package_identification:_identify(src/crazyswarm2) by extension 'colcon_pkg'
[0.172s] Level 1:colcon.colcon_core.package_identification:_identify(src/crazyswarm2) by extensions ['colcon_meta']
[0.172s] Level 1:colcon.colcon_core.package_identification:_identify(src/crazyswarm2) by extension 'colcon_meta'
[0.172s] Level 1:colcon.colcon_core.package_identification:_identify(src/crazyswarm2) by extensions ['ros']
[0.172s] Level 1:colcon.colcon_core.package_identification:_identify(src/crazyswarm2) by extension 'ros'
[0.172s] Level 1:colcon.colcon_core.package_identification:_identify(src/crazyswarm2) by extensions ['cmake', 'python']
[0.173s] Level 1:colcon.colcon_core.package_identification:_identify(src/crazyswarm2) by extension 'cmake'
[0.173s] Level 1:colcon.colcon_core.package_identification:_identify(src/crazyswarm2) by extension 'python'
[0.173s] Level 1:colcon.colcon_core.package_identification:_identify(src/crazyswarm2) by extensions ['python_setup_py']
[0.173s] Level 1:colcon.colcon_core.package_identification:_identify(src/crazyswarm2) by extension 'python_setup_py'
[0.173s] Level 1:colcon.colcon_core.package_identification:_identify(src/crazyswarm2/crazyflie) by extensions ['ignore', 'ignore_ament_install']
[0.173s] Level 1:colcon.colcon_core.package_identification:_identify(src/crazyswarm2/crazyflie) by extension 'ignore'
[0.173s] Level 1:colcon.colcon_core.package_identification:_identify(src/crazyswarm2/crazyflie) by extension 'ignore_ament_install'
[0.173s] Level 1:colcon.colcon_core.package_identification:_identify(src/crazyswarm2/crazyflie) by extensions ['colcon_pkg']
[0.173s] Level 1:colcon.colcon_core.package_identification:_identify(src/crazyswarm2/crazyflie) by extension 'colcon_pkg'
[0.173s] Level 1:colcon.colcon_core.package_identification:_identify(src/crazyswarm2/crazyflie) by extensions ['colcon_meta']
[0.173s] Level 1:colcon.colcon_core.package_identification:_identify(src/crazyswarm2/crazyflie) by extension 'colcon_meta'
[0.173s] Level 1:colcon.colcon_core.package_identification:_identify(src/crazyswarm2/crazyflie) by extensions ['ros']
[0.173s] Level 1:colcon.colcon_core.package_identification:_identify(src/crazyswarm2/crazyflie) by extension 'ros'
[0.174s] DEBUG:colcon.colcon_core.package_identification:Package 'src/crazyswarm2/crazyflie' with type 'ros.ament_cmake' and name 'crazyflie'
[0.174s] Level 1:colcon.colcon_core.package_identification:_identify(src/crazyswarm2/crazyflie_examples) by extensions ['ignore', 'ignore_ament_install']
[0.174s] Level 1:colcon.colcon_core.package_identification:_identify(src/crazyswarm2/crazyflie_examples) by extension 'ignore'
[0.174s] Level 1:colcon.colcon_core.package_identification:_identify(src/crazyswarm2/crazyflie_examples) by extension 'ignore_ament_install'
[0.174s] Level 1:colcon.colcon_core.package_identification:_identify(src/crazyswarm2/crazyflie_examples) by extensions ['colcon_pkg']
[0.174s] Level 1:colcon.colcon_core.package_identification:_identify(src/crazyswarm2/crazyflie_examples) by extension 'colcon_pkg'
[0.174s] Level 1:colcon.colcon_core.package_identification:_identify(src/crazyswarm2/crazyflie_examples) by extensions ['colcon_meta']
[0.174s] Level 1:colcon.colcon_core.package_identification:_identify(src/crazyswarm2/crazyflie_examples) by extension 'colcon_meta'
[0.174s] Level 1:colcon.colcon_core.package_identification:_identify(src/crazyswarm2/crazyflie_examples) by extensions ['ros']
[0.174s] Level 1:colcon.colcon_core.package_identification:_identify(src/crazyswarm2/crazyflie_examples) by extension 'ros'
[0.175s] DEBUG:colcon.colcon_core.package_identification:Package 'src/crazyswarm2/crazyflie_examples' with type 'ros.ament_cmake' and name 'crazyflie_examples'
[0.175s] Level 1:colcon.colcon_core.package_identification:_identify(src/crazyswarm2/crazyflie_interfaces) by extensions ['ignore', 'ignore_ament_install']
[0.175s] Level 1:colcon.colcon_core.package_identification:_identify(src/crazyswarm2/crazyflie_interfaces) by extension 'ignore'
[0.175s] Level 1:colcon.colcon_core.package_identification:_identify(src/crazyswarm2/crazyflie_interfaces) by extension 'ignore_ament_install'
[0.175s] Level 1:colcon.colcon_core.package_identification:_identify(src/crazyswarm2/crazyflie_interfaces) by extensions ['colcon_pkg']
[0.175s] Level 1:colcon.colcon_core.package_identification:_identify(src/crazyswarm2/crazyflie_interfaces) by extension 'colcon_pkg'
[0.175s] Level 1:colcon.colcon_core.package_identification:_identify(src/crazyswarm2/crazyflie_interfaces) by extensions ['colcon_meta']
[0.175s] Level 1:colcon.colcon_core.package_identification:_identify(src/crazyswarm2/crazyflie_interfaces) by extension 'colcon_meta'
[0.175s] Level 1:colcon.colcon_core.package_identification:_identify(src/crazyswarm2/crazyflie_interfaces) by extensions ['ros']
[0.175s] Level 1:colcon.colcon_core.package_identification:_identify(src/crazyswarm2/crazyflie_interfaces) by extension 'ros'
[0.175s] DEBUG:colcon.colcon_core.package_identification:Package 'src/crazyswarm2/crazyflie_interfaces' with type 'ros.ament_cmake' and name 'crazyflie_interfaces'
[0.175s] Level 1:colcon.colcon_core.package_identification:_identify(src/crazyswarm2/crazyflie_py) by extensions ['ignore', 'ignore_ament_install']
[0.175s] Level 1:colcon.colcon_core.package_identification:_identify(src/crazyswarm2/crazyflie_py) by extension 'ignore'
[0.175s] Level 1:colcon.colcon_core.package_identification:_identify(src/crazyswarm2/crazyflie_py) by extension 'ignore_ament_install'
[0.175s] Level 1:colcon.colcon_core.package_identification:_identify(src/crazyswarm2/crazyflie_py) by extensions ['colcon_pkg']
[0.176s] Level 1:colcon.colcon_core.package_identification:_identify(src/crazyswarm2/crazyflie_py) by extension 'colcon_pkg'
[0.176s] Level 1:colcon.colcon_core.package_identification:_identify(src/crazyswarm2/crazyflie_py) by extensions ['colcon_meta']
[0.176s] Level 1:colcon.colcon_core.package_identification:_identify(src/crazyswarm2/crazyflie_py) by extension 'colcon_meta'
[0.176s] Level 1:colcon.colcon_core.package_identification:_identify(src/crazyswarm2/crazyflie_py) by extensions ['ros']
[0.176s] Level 1:colcon.colcon_core.package_identification:_identify(src/crazyswarm2/crazyflie_py) by extension 'ros'
[0.176s] DEBUG:colcon.colcon_core.package_identification:Package 'src/crazyswarm2/crazyflie_py' with type 'ros.ament_python' and name 'crazyflie_py'
[0.176s] Level 1:colcon.colcon_core.package_identification:_identify(src/crazyswarm2/crazyflie_sim) by extensions ['ignore', 'ignore_ament_install']
[0.176s] Level 1:colcon.colcon_core.package_identification:_identify(src/crazyswarm2/crazyflie_sim) by extension 'ignore'
[0.176s] Level 1:colcon.colcon_core.package_identification:_identify(src/crazyswarm2/crazyflie_sim) by extension 'ignore_ament_install'
[0.176s] Level 1:colcon.colcon_core.package_identification:_identify(src/crazyswarm2/crazyflie_sim) by extensions ['colcon_pkg']
[0.176s] Level 1:colcon.colcon_core.package_identification:_identify(src/crazyswarm2/crazyflie_sim) by extension 'colcon_pkg'
[0.176s] Level 1:colcon.colcon_core.package_identification:_identify(src/crazyswarm2/crazyflie_sim) by extensions ['colcon_meta']
[0.176s] Level 1:colcon.colcon_core.package_identification:_identify(src/crazyswarm2/crazyflie_sim) by extension 'colcon_meta'
[0.176s] Level 1:colcon.colcon_core.package_identification:_identify(src/crazyswarm2/crazyflie_sim) by extensions ['ros']
[0.176s] Level 1:colcon.colcon_core.package_identification:_identify(src/crazyswarm2/crazyflie_sim) by extension 'ros'
[0.177s] DEBUG:colcon.colcon_core.package_identification:Package 'src/crazyswarm2/crazyflie_sim' with type 'ros.ament_cmake' and name 'crazyflie_sim'
[0.177s] Level 1:colcon.colcon_core.package_identification:_identify(src/crazyswarm2/docs) by extensions ['ignore', 'ignore_ament_install']
[0.177s] Level 1:colcon.colcon_core.package_identification:_identify(src/crazyswarm2/docs) by extension 'ignore'
[0.177s] Level 1:colcon.colcon_core.package_identification:_identify(src/crazyswarm2/docs) by extension 'ignore_ament_install'
[0.177s] Level 1:colcon.colcon_core.package_identification:_identify(src/crazyswarm2/docs) by extensions ['colcon_pkg']
[0.177s] Level 1:colcon.colcon_core.package_identification:_identify(src/crazyswarm2/docs) by extension 'colcon_pkg'
[0.177s] Level 1:colcon.colcon_core.package_identification:_identify(src/crazyswarm2/docs) by extensions ['colcon_meta']
[0.177s] Level 1:colcon.colcon_core.package_identification:_identify(src/crazyswarm2/docs) by extension 'colcon_meta'
[0.177s] Level 1:colcon.colcon_core.package_identification:_identify(src/crazyswarm2/docs) by extensions ['ros']
[0.177s] Level 1:colcon.colcon_core.package_identification:_identify(src/crazyswarm2/docs) by extension 'ros'
[0.177s] Level 1:colcon.colcon_core.package_identification:_identify(src/crazyswarm2/docs) by extensions ['cmake', 'python']
[0.177s] Level 1:colcon.colcon_core.package_identification:_identify(src/crazyswarm2/docs) by extension 'cmake'
[0.177s] Level 1:colcon.colcon_core.package_identification:_identify(src/crazyswarm2/docs) by extension 'python'
[0.177s] Level 1:colcon.colcon_core.package_identification:_identify(src/crazyswarm2/docs) by extensions ['python_setup_py']
[0.177s] Level 1:colcon.colcon_core.package_identification:_identify(src/crazyswarm2/docs) by extension 'python_setup_py'
[0.177s] Level 1:colcon.colcon_core.package_identification:_identify(src/crazyswarm2/docs/generated) by extensions ['ignore', 'ignore_ament_install']
[0.177s] Level 1:colcon.colcon_core.package_identification:_identify(src/crazyswarm2/docs/generated) by extension 'ignore'
[0.177s] Level 1:colcon.colcon_core.package_identification:_identify(src/crazyswarm2/docs/generated) by extension 'ignore_ament_install'
[0.177s] Level 1:colcon.colcon_core.package_identification:_identify(src/crazyswarm2/docs/generated) by extensions ['colcon_pkg']
[0.177s] Level 1:colcon.colcon_core.package_identification:_identify(src/crazyswarm2/docs/generated) by extension 'colcon_pkg'
[0.177s] Level 1:colcon.colcon_core.package_identification:_identify(src/crazyswarm2/docs/generated) by extensions ['colcon_meta']
[0.177s] Level 1:colcon.colcon_core.package_identification:_identify(src/crazyswarm2/docs/generated) by extension 'colcon_meta'
[0.177s] Level 1:colcon.colcon_core.package_identification:_identify(src/crazyswarm2/docs/generated) by extensions ['ros']
[0.177s] Level 1:colcon.colcon_core.package_identification:_identify(src/crazyswarm2/docs/generated) by extension 'ros'
[0.177s] Level 1:colcon.colcon_core.package_identification:_identify(src/crazyswarm2/docs/generated) by extensions ['cmake', 'python']
[0.177s] Level 1:colcon.colcon_core.package_identification:_identify(src/crazyswarm2/docs/generated) by extension 'cmake'
[0.177s] Level 1:colcon.colcon_core.package_identification:_identify(src/crazyswarm2/docs/generated) by extension 'python'
[0.177s] Level 1:colcon.colcon_core.package_identification:_identify(src/crazyswarm2/docs/generated) by extensions ['python_setup_py']
[0.177s] Level 1:colcon.colcon_core.package_identification:_identify(src/crazyswarm2/docs/generated) by extension 'python_setup_py'
[0.177s] Level 1:colcon.colcon_core.package_identification:_identify(src/crazyswarm2/docs/howto) by extensions ['ignore', 'ignore_ament_install']
[0.178s] Level 1:colcon.colcon_core.package_identification:_identify(src/crazyswarm2/docs/howto) by extension 'ignore'
[0.178s] Level 1:colcon.colcon_core.package_identification:_identify(src/crazyswarm2/docs/howto) by extension 'ignore_ament_install'
[0.178s] Level 1:colcon.colcon_core.package_identification:_identify(src/crazyswarm2/docs/howto) by extensions ['colcon_pkg']
[0.178s] Level 1:colcon.colcon_core.package_identification:_identify(src/crazyswarm2/docs/howto) by extension 'colcon_pkg'
[0.178s] Level 1:colcon.colcon_core.package_identification:_identify(src/crazyswarm2/docs/howto) by extensions ['colcon_meta']
[0.178s] Level 1:colcon.colcon_core.package_identification:_identify(src/crazyswarm2/docs/howto) by extension 'colcon_meta'
[0.178s] Level 1:colcon.colcon_core.package_identification:_identify(src/crazyswarm2/docs/howto) by extensions ['ros']
[0.178s] Level 1:colcon.colcon_core.package_identification:_identify(src/crazyswarm2/docs/howto) by extension 'ros'
[0.178s] Level 1:colcon.colcon_core.package_identification:_identify(src/crazyswarm2/docs/howto) by extensions ['cmake', 'python']
[0.178s] Level 1:colcon.colcon_core.package_identification:_identify(src/crazyswarm2/docs/howto) by extension 'cmake'
[0.178s] Level 1:colcon.colcon_core.package_identification:_identify(src/crazyswarm2/docs/howto) by extension 'python'
[0.178s] Level 1:colcon.colcon_core.package_identification:_identify(src/crazyswarm2/docs/howto) by extensions ['python_setup_py']
[0.178s] Level 1:colcon.colcon_core.package_identification:_identify(src/crazyswarm2/docs/howto) by extension 'python_setup_py'
[0.178s] Level 1:colcon.colcon_core.package_identification:_identify(src/crazyswarm2/docs/images) by extensions ['ignore', 'ignore_ament_install']
[0.178s] Level 1:colcon.colcon_core.package_identification:_identify(src/crazyswarm2/docs/images) by extension 'ignore'
[0.178s] Level 1:colcon.colcon_core.package_identification:_identify(src/crazyswarm2/docs/images) by extension 'ignore_ament_install'
[0.178s] Level 1:colcon.colcon_core.package_identification:_identify(src/crazyswarm2/docs/images) by extensions ['colcon_pkg']
[0.178s] Level 1:colcon.colcon_core.package_identification:_identify(src/crazyswarm2/docs/images) by extension 'colcon_pkg'
[0.178s] Level 1:colcon.colcon_core.package_identification:_identify(src/crazyswarm2/docs/images) by extensions ['colcon_meta']
[0.178s] Level 1:colcon.colcon_core.package_identification:_identify(src/crazyswarm2/docs/images) by extension 'colcon_meta'
[0.178s] Level 1:colcon.colcon_core.package_identification:_identify(src/crazyswarm2/docs/images) by extensions ['ros']
[0.178s] Level 1:colcon.colcon_core.package_identification:_identify(src/crazyswarm2/docs/images) by extension 'ros'
[0.178s] Level 1:colcon.colcon_core.package_identification:_identify(src/crazyswarm2/docs/images) by extensions ['cmake', 'python']
[0.178s] Level 1:colcon.colcon_core.package_identification:_identify(src/crazyswarm2/docs/images) by extension 'cmake'
[0.178s] Level 1:colcon.colcon_core.package_identification:_identify(src/crazyswarm2/docs/images) by extension 'python'
[0.178s] Level 1:colcon.colcon_core.package_identification:_identify(src/crazyswarm2/docs/images) by extensions ['python_setup_py']
[0.178s] Level 1:colcon.colcon_core.package_identification:_identify(src/crazyswarm2/docs/images) by extension 'python_setup_py'
[0.178s] Level 1:colcon.colcon_core.package_identification:_identify(src/crazyswarm2/docs/tutorials) by extensions ['ignore', 'ignore_ament_install']
[0.178s] Level 1:colcon.colcon_core.package_identification:_identify(src/crazyswarm2/docs/tutorials) by extension 'ignore'
[0.178s] Level 1:colcon.colcon_core.package_identification:_identify(src/crazyswarm2/docs/tutorials) by extension 'ignore_ament_install'
[0.178s] Level 1:colcon.colcon_core.package_identification:_identify(src/crazyswarm2/docs/tutorials) by extensions ['colcon_pkg']
[0.178s] Level 1:colcon.colcon_core.package_identification:_identify(src/crazyswarm2/docs/tutorials) by extension 'colcon_pkg'
[0.178s] Level 1:colcon.colcon_core.package_identification:_identify(src/crazyswarm2/docs/tutorials) by extensions ['colcon_meta']
[0.178s] Level 1:colcon.colcon_core.package_identification:_identify(src/crazyswarm2/docs/tutorials) by extension 'colcon_meta'
[0.178s] Level 1:colcon.colcon_core.package_identification:_identify(src/crazyswarm2/docs/tutorials) by extensions ['ros']
[0.178s] Level 1:colcon.colcon_core.package_identification:_identify(src/crazyswarm2/docs/tutorials) by extension 'ros'
[0.178s] Level 1:colcon.colcon_core.package_identification:_identify(src/crazyswarm2/docs/tutorials) by extensions ['cmake', 'python']
[0.178s] Level 1:colcon.colcon_core.package_identification:_identify(src/crazyswarm2/docs/tutorials) by extension 'cmake'
[0.178s] Level 1:colcon.colcon_core.package_identification:_identify(src/crazyswarm2/docs/tutorials) by extension 'python'
[0.179s] Level 1:colcon.colcon_core.package_identification:_identify(src/crazyswarm2/docs/tutorials) by extensions ['python_setup_py']
[0.179s] Level 1:colcon.colcon_core.package_identification:_identify(src/crazyswarm2/docs/tutorials) by extension 'python_setup_py'
[0.179s] Level 1:colcon.colcon_core.package_identification:_identify(src/crazyswarm2/docs2) by extensions ['ignore', 'ignore_ament_install']
[0.179s] Level 1:colcon.colcon_core.package_identification:_identify(src/crazyswarm2/docs2) by extension 'ignore'
[0.179s] Level 1:colcon.colcon_core.package_identification:_identify(src/crazyswarm2/docs2) by extension 'ignore_ament_install'
[0.179s] Level 1:colcon.colcon_core.package_identification:_identify(src/crazyswarm2/docs2) by extensions ['colcon_pkg']
[0.179s] Level 1:colcon.colcon_core.package_identification:_identify(src/crazyswarm2/docs2) by extension 'colcon_pkg'
[0.179s] Level 1:colcon.colcon_core.package_identification:_identify(src/crazyswarm2/docs2) by extensions ['colcon_meta']
[0.179s] Level 1:colcon.colcon_core.package_identification:_identify(src/crazyswarm2/docs2) by extension 'colcon_meta'
[0.179s] Level 1:colcon.colcon_core.package_identification:_identify(src/crazyswarm2/docs2) by extensions ['ros']
[0.179s] Level 1:colcon.colcon_core.package_identification:_identify(src/crazyswarm2/docs2) by extension 'ros'
[0.179s] Level 1:colcon.colcon_core.package_identification:_identify(src/crazyswarm2/docs2) by extensions ['cmake', 'python']
[0.179s] Level 1:colcon.colcon_core.package_identification:_identify(src/crazyswarm2/docs2) by extension 'cmake'
[0.179s] Level 1:colcon.colcon_core.package_identification:_identify(src/crazyswarm2/docs2) by extension 'python'
[0.179s] Level 1:colcon.colcon_core.package_identification:_identify(src/crazyswarm2/docs2) by extensions ['python_setup_py']
[0.179s] Level 1:colcon.colcon_core.package_identification:_identify(src/crazyswarm2/docs2) by extension 'python_setup_py'
[0.179s] Level 1:colcon.colcon_core.package_identification:_identify(src/crazyswarm2/docs2/images) by extensions ['ignore', 'ignore_ament_install']
[0.179s] Level 1:colcon.colcon_core.package_identification:_identify(src/crazyswarm2/docs2/images) by extension 'ignore'
[0.179s] Level 1:colcon.colcon_core.package_identification:_identify(src/crazyswarm2/docs2/images) by extension 'ignore_ament_install'
[0.179s] Level 1:colcon.colcon_core.package_identification:_identify(src/crazyswarm2/docs2/images) by extensions ['colcon_pkg']
[0.179s] Level 1:colcon.colcon_core.package_identification:_identify(src/crazyswarm2/docs2/images) by extension 'colcon_pkg'
[0.179s] Level 1:colcon.colcon_core.package_identification:_identify(src/crazyswarm2/docs2/images) by extensions ['colcon_meta']
[0.179s] Level 1:colcon.colcon_core.package_identification:_identify(src/crazyswarm2/docs2/images) by extension 'colcon_meta'
[0.179s] Level 1:colcon.colcon_core.package_identification:_identify(src/crazyswarm2/docs2/images) by extensions ['ros']
[0.179s] Level 1:colcon.colcon_core.package_identification:_identify(src/crazyswarm2/docs2/images) by extension 'ros'
[0.179s] Level 1:colcon.colcon_core.package_identification:_identify(src/crazyswarm2/docs2/images) by extensions ['cmake', 'python']
[0.179s] Level 1:colcon.colcon_core.package_identification:_identify(src/crazyswarm2/docs2/images) by extension 'cmake'
[0.179s] Level 1:colcon.colcon_core.package_identification:_identify(src/crazyswarm2/docs2/images) by extension 'python'
[0.179s] Level 1:colcon.colcon_core.package_identification:_identify(src/crazyswarm2/docs2/images) by extensions ['python_setup_py']
[0.179s] Level 1:colcon.colcon_core.package_identification:_identify(src/crazyswarm2/docs2/images) by extension 'python_setup_py'
[0.179s] Level 1:colcon.colcon_core.package_identification:_identify(src/crazyswarm2/prebuilt) by extensions ['ignore', 'ignore_ament_install']
[0.179s] Level 1:colcon.colcon_core.package_identification:_identify(src/crazyswarm2/prebuilt) by extension 'ignore'
[0.179s] Level 1:colcon.colcon_core.package_identification:_identify(src/crazyswarm2/prebuilt) by extension 'ignore_ament_install'
[0.179s] Level 1:colcon.colcon_core.package_identification:_identify(src/crazyswarm2/prebuilt) by extensions ['colcon_pkg']
[0.179s] Level 1:colcon.colcon_core.package_identification:_identify(src/crazyswarm2/prebuilt) by extension 'colcon_pkg'
[0.179s] Level 1:colcon.colcon_core.package_identification:_identify(src/crazyswarm2/prebuilt) by extensions ['colcon_meta']
[0.179s] Level 1:colcon.colcon_core.package_identification:_identify(src/crazyswarm2/prebuilt) by extension 'colcon_meta'
[0.179s] Level 1:colcon.colcon_core.package_identification:_identify(src/crazyswarm2/prebuilt) by extensions ['ros']
[0.179s] Level 1:colcon.colcon_core.package_identification:_identify(src/crazyswarm2/prebuilt) by extension 'ros'
[0.180s] Level 1:colcon.colcon_core.package_identification:_identify(src/crazyswarm2/prebuilt) by extensions ['cmake', 'python']
[0.180s] Level 1:colcon.colcon_core.package_identification:_identify(src/crazyswarm2/prebuilt) by extension 'cmake'
[0.180s] Level 1:colcon.colcon_core.package_identification:_identify(src/crazyswarm2/prebuilt) by extension 'python'
[0.180s] Level 1:colcon.colcon_core.package_identification:_identify(src/crazyswarm2/prebuilt) by extensions ['python_setup_py']
[0.180s] Level 1:colcon.colcon_core.package_identification:_identify(src/crazyswarm2/prebuilt) by extension 'python_setup_py'
[0.180s] Level 1:colcon.colcon_core.package_identification:_identify(src/crazyswarm2/ros_ws) by extensions ['ignore', 'ignore_ament_install']
[0.180s] Level 1:colcon.colcon_core.package_identification:_identify(src/crazyswarm2/ros_ws) by extension 'ignore'
[0.180s] Level 1:colcon.colcon_core.package_identification:_identify(src/crazyswarm2/ros_ws) by extension 'ignore_ament_install'
[0.180s] Level 1:colcon.colcon_core.package_identification:_identify(src/crazyswarm2/ros_ws) by extensions ['colcon_pkg']
[0.180s] Level 1:colcon.colcon_core.package_identification:_identify(src/crazyswarm2/ros_ws) by extension 'colcon_pkg'
[0.180s] Level 1:colcon.colcon_core.package_identification:_identify(src/crazyswarm2/ros_ws) by extensions ['colcon_meta']
[0.180s] Level 1:colcon.colcon_core.package_identification:_identify(src/crazyswarm2/ros_ws) by extension 'colcon_meta'
[0.180s] Level 1:colcon.colcon_core.package_identification:_identify(src/crazyswarm2/ros_ws) by extensions ['ros']
[0.180s] Level 1:colcon.colcon_core.package_identification:_identify(src/crazyswarm2/ros_ws) by extension 'ros'
[0.180s] Level 1:colcon.colcon_core.package_identification:_identify(src/crazyswarm2/ros_ws) by extensions ['cmake', 'python']
[0.180s] Level 1:colcon.colcon_core.package_identification:_identify(src/crazyswarm2/ros_ws) by extension 'cmake'
[0.180s] Level 1:colcon.colcon_core.package_identification:_identify(src/crazyswarm2/ros_ws) by extension 'python'
[0.180s] Level 1:colcon.colcon_core.package_identification:_identify(src/crazyswarm2/ros_ws) by extensions ['python_setup_py']
[0.180s] Level 1:colcon.colcon_core.package_identification:_identify(src/crazyswarm2/ros_ws) by extension 'python_setup_py'
[0.180s] Level 1:colcon.colcon_core.package_identification:_identify(src/crazyswarm2/ros_ws/src) by extensions ['ignore', 'ignore_ament_install']
[0.180s] Level 1:colcon.colcon_core.package_identification:_identify(src/crazyswarm2/ros_ws/src) by extension 'ignore'
[0.180s] Level 1:colcon.colcon_core.package_identification:_identify(src/crazyswarm2/ros_ws/src) by extension 'ignore_ament_install'
[0.180s] Level 1:colcon.colcon_core.package_identification:_identify(src/crazyswarm2/ros_ws/src) by extensions ['colcon_pkg']
[0.180s] Level 1:colcon.colcon_core.package_identification:_identify(src/crazyswarm2/ros_ws/src) by extension 'colcon_pkg'
[0.180s] Level 1:colcon.colcon_core.package_identification:_identify(src/crazyswarm2/ros_ws/src) by extensions ['colcon_meta']
[0.180s] Level 1:colcon.colcon_core.package_identification:_identify(src/crazyswarm2/ros_ws/src) by extension 'colcon_meta'
[0.180s] Level 1:colcon.colcon_core.package_identification:_identify(src/crazyswarm2/ros_ws/src) by extensions ['ros']
[0.180s] Level 1:colcon.colcon_core.package_identification:_identify(src/crazyswarm2/ros_ws/src) by extension 'ros'
[0.180s] Level 1:colcon.colcon_core.package_identification:_identify(src/crazyswarm2/ros_ws/src) by extensions ['cmake', 'python']
[0.180s] Level 1:colcon.colcon_core.package_identification:_identify(src/crazyswarm2/ros_ws/src) by extension 'cmake'
[0.180s] Level 1:colcon.colcon_core.package_identification:_identify(src/crazyswarm2/ros_ws/src) by extension 'python'
[0.180s] Level 1:colcon.colcon_core.package_identification:_identify(src/crazyswarm2/ros_ws/src) by extensions ['python_setup_py']
[0.180s] Level 1:colcon.colcon_core.package_identification:_identify(src/crazyswarm2/ros_ws/src) by extension 'python_setup_py'
[0.180s] Level 1:colcon.colcon_core.package_identification:_identify(src/crazyswarm2/ros_ws/src/crazyswarm) by extensions ['ignore', 'ignore_ament_install']
[0.180s] Level 1:colcon.colcon_core.package_identification:_identify(src/crazyswarm2/ros_ws/src/crazyswarm) by extension 'ignore'
[0.180s] Level 1:colcon.colcon_core.package_identification:_identify(src/crazyswarm2/ros_ws/src/crazyswarm) by extension 'ignore_ament_install'
[0.180s] Level 1:colcon.colcon_core.package_identification:_identify(src/crazyswarm2/ros_ws/src/crazyswarm) by extensions ['colcon_pkg']
[0.180s] Level 1:colcon.colcon_core.package_identification:_identify(src/crazyswarm2/ros_ws/src/crazyswarm) by extension 'colcon_pkg'
[0.180s] Level 1:colcon.colcon_core.package_identification:_identify(src/crazyswarm2/ros_ws/src/crazyswarm) by extensions ['colcon_meta']
[0.181s] Level 1:colcon.colcon_core.package_identification:_identify(src/crazyswarm2/ros_ws/src/crazyswarm) by extension 'colcon_meta'
[0.181s] Level 1:colcon.colcon_core.package_identification:_identify(src/crazyswarm2/ros_ws/src/crazyswarm) by extensions ['ros']
[0.181s] Level 1:colcon.colcon_core.package_identification:_identify(src/crazyswarm2/ros_ws/src/crazyswarm) by extension 'ros'
[0.181s] Level 1:colcon.colcon_core.package_identification:_identify(src/crazyswarm2/ros_ws/src/crazyswarm) by extensions ['cmake', 'python']
[0.181s] Level 1:colcon.colcon_core.package_identification:_identify(src/crazyswarm2/ros_ws/src/crazyswarm) by extension 'cmake'
[0.181s] Level 1:colcon.colcon_core.package_identification:_identify(src/crazyswarm2/ros_ws/src/crazyswarm) by extension 'python'
[0.181s] Level 1:colcon.colcon_core.package_identification:_identify(src/crazyswarm2/ros_ws/src/crazyswarm) by extensions ['python_setup_py']
[0.181s] Level 1:colcon.colcon_core.package_identification:_identify(src/crazyswarm2/ros_ws/src/crazyswarm) by extension 'python_setup_py'
[0.181s] Level 1:colcon.colcon_core.package_identification:_identify(src/crazyswarm2/ros_ws/src/crazyswarm/launch) by extensions ['ignore', 'ignore_ament_install']
[0.181s] Level 1:colcon.colcon_core.package_identification:_identify(src/crazyswarm2/ros_ws/src/crazyswarm/launch) by extension 'ignore'
[0.181s] Level 1:colcon.colcon_core.package_identification:_identify(src/crazyswarm2/ros_ws/src/crazyswarm/launch) by extension 'ignore_ament_install'
[0.181s] Level 1:colcon.colcon_core.package_identification:_identify(src/crazyswarm2/ros_ws/src/crazyswarm/launch) by extensions ['colcon_pkg']
[0.181s] Level 1:colcon.colcon_core.package_identification:_identify(src/crazyswarm2/ros_ws/src/crazyswarm/launch) by extension 'colcon_pkg'
[0.181s] Level 1:colcon.colcon_core.package_identification:_identify(src/crazyswarm2/ros_ws/src/crazyswarm/launch) by extensions ['colcon_meta']
[0.181s] Level 1:colcon.colcon_core.package_identification:_identify(src/crazyswarm2/ros_ws/src/crazyswarm/launch) by extension 'colcon_meta'
[0.181s] Level 1:colcon.colcon_core.package_identification:_identify(src/crazyswarm2/ros_ws/src/crazyswarm/launch) by extensions ['ros']
[0.181s] Level 1:colcon.colcon_core.package_identification:_identify(src/crazyswarm2/ros_ws/src/crazyswarm/launch) by extension 'ros'
[0.181s] Level 1:colcon.colcon_core.package_identification:_identify(src/crazyswarm2/ros_ws/src/crazyswarm/launch) by extensions ['cmake', 'python']
[0.181s] Level 1:colcon.colcon_core.package_identification:_identify(src/crazyswarm2/ros_ws/src/crazyswarm/launch) by extension 'cmake'
[0.181s] Level 1:colcon.colcon_core.package_identification:_identify(src/crazyswarm2/ros_ws/src/crazyswarm/launch) by extension 'python'
[0.181s] Level 1:colcon.colcon_core.package_identification:_identify(src/crazyswarm2/ros_ws/src/crazyswarm/launch) by extensions ['python_setup_py']
[0.181s] Level 1:colcon.colcon_core.package_identification:_identify(src/crazyswarm2/ros_ws/src/crazyswarm/launch) by extension 'python_setup_py'
[0.181s] Level 1:colcon.colcon_core.package_identification:_identify(src/crazyswarm2/ros_ws/src/crazyswarm/scripts) by extensions ['ignore', 'ignore_ament_install']
[0.181s] Level 1:colcon.colcon_core.package_identification:_identify(src/crazyswarm2/ros_ws/src/crazyswarm/scripts) by extension 'ignore'
[0.181s] Level 1:colcon.colcon_core.package_identification:_identify(src/crazyswarm2/ros_ws/src/crazyswarm/scripts) by extension 'ignore_ament_install'
[0.181s] Level 1:colcon.colcon_core.package_identification:_identify(src/crazyswarm2/ros_ws/src/crazyswarm/scripts) by extensions ['colcon_pkg']
[0.181s] Level 1:colcon.colcon_core.package_identification:_identify(src/crazyswarm2/ros_ws/src/crazyswarm/scripts) by extension 'colcon_pkg'
[0.181s] Level 1:colcon.colcon_core.package_identification:_identify(src/crazyswarm2/ros_ws/src/crazyswarm/scripts) by extensions ['colcon_meta']
[0.181s] Level 1:colcon.colcon_core.package_identification:_identify(src/crazyswarm2/ros_ws/src/crazyswarm/scripts) by extension 'colcon_meta'
[0.181s] Level 1:colcon.colcon_core.package_identification:_identify(src/crazyswarm2/ros_ws/src/crazyswarm/scripts) by extensions ['ros']
[0.181s] Level 1:colcon.colcon_core.package_identification:_identify(src/crazyswarm2/ros_ws/src/crazyswarm/scripts) by extension 'ros'
[0.181s] Level 1:colcon.colcon_core.package_identification:_identify(src/crazyswarm2/ros_ws/src/crazyswarm/scripts) by extensions ['cmake', 'python']
[0.181s] Level 1:colcon.colcon_core.package_identification:_identify(src/crazyswarm2/ros_ws/src/crazyswarm/scripts) by extension 'cmake'
[0.181s] Level 1:colcon.colcon_core.package_identification:_identify(src/crazyswarm2/ros_ws/src/crazyswarm/scripts) by extension 'python'
[0.181s] Level 1:colcon.colcon_core.package_identification:_identify(src/crazyswarm2/ros_ws/src/crazyswarm/scripts) by extensions ['python_setup_py']
[0.181s] Level 1:colcon.colcon_core.package_identification:_identify(src/crazyswarm2/ros_ws/src/crazyswarm/scripts) by extension 'python_setup_py'
[0.181s] Level 1:colcon.colcon_core.package_identification:_identify(src/crazyswarm2/ros_ws/src/crazyswarm/scripts/crossing2_pps) by extensions ['ignore', 'ignore_ament_install']
[0.182s] Level 1:colcon.colcon_core.package_identification:_identify(src/crazyswarm2/ros_ws/src/crazyswarm/scripts/crossing2_pps) by extension 'ignore'
[0.182s] Level 1:colcon.colcon_core.package_identification:_identify(src/crazyswarm2/ros_ws/src/crazyswarm/scripts/crossing2_pps) by extension 'ignore_ament_install'
[0.182s] Level 1:colcon.colcon_core.package_identification:_identify(src/crazyswarm2/ros_ws/src/crazyswarm/scripts/crossing2_pps) by extensions ['colcon_pkg']
[0.182s] Level 1:colcon.colcon_core.package_identification:_identify(src/crazyswarm2/ros_ws/src/crazyswarm/scripts/crossing2_pps) by extension 'colcon_pkg'
[0.182s] Level 1:colcon.colcon_core.package_identification:_identify(src/crazyswarm2/ros_ws/src/crazyswarm/scripts/crossing2_pps) by extensions ['colcon_meta']
[0.182s] Level 1:colcon.colcon_core.package_identification:_identify(src/crazyswarm2/ros_ws/src/crazyswarm/scripts/crossing2_pps) by extension 'colcon_meta'
[0.182s] Level 1:colcon.colcon_core.package_identification:_identify(src/crazyswarm2/ros_ws/src/crazyswarm/scripts/crossing2_pps) by extensions ['ros']
[0.182s] Level 1:colcon.colcon_core.package_identification:_identify(src/crazyswarm2/ros_ws/src/crazyswarm/scripts/crossing2_pps) by extension 'ros'
[0.182s] Level 1:colcon.colcon_core.package_identification:_identify(src/crazyswarm2/ros_ws/src/crazyswarm/scripts/crossing2_pps) by extensions ['cmake', 'python']
[0.182s] Level 1:colcon.colcon_core.package_identification:_identify(src/crazyswarm2/ros_ws/src/crazyswarm/scripts/crossing2_pps) by extension 'cmake'
[0.182s] Level 1:colcon.colcon_core.package_identification:_identify(src/crazyswarm2/ros_ws/src/crazyswarm/scripts/crossing2_pps) by extension 'python'
[0.182s] Level 1:colcon.colcon_core.package_identification:_identify(src/crazyswarm2/ros_ws/src/crazyswarm/scripts/crossing2_pps) by extensions ['python_setup_py']
[0.182s] Level 1:colcon.colcon_core.package_identification:_identify(src/crazyswarm2/ros_ws/src/crazyswarm/scripts/crossing2_pps) by extension 'python_setup_py'
[0.182s] Level 1:colcon.colcon_core.package_identification:_identify(src/crazyswarm2/ros_ws/src/crazyswarm/scripts/crossing4_pps) by extensions ['ignore', 'ignore_ament_install']
[0.182s] Level 1:colcon.colcon_core.package_identification:_identify(src/crazyswarm2/ros_ws/src/crazyswarm/scripts/crossing4_pps) by extension 'ignore'
[0.182s] Level 1:colcon.colcon_core.package_identification:_identify(src/crazyswarm2/ros_ws/src/crazyswarm/scripts/crossing4_pps) by extension 'ignore_ament_install'
[0.182s] Level 1:colcon.colcon_core.package_identification:_identify(src/crazyswarm2/ros_ws/src/crazyswarm/scripts/crossing4_pps) by extensions ['colcon_pkg']
[0.182s] Level 1:colcon.colcon_core.package_identification:_identify(src/crazyswarm2/ros_ws/src/crazyswarm/scripts/crossing4_pps) by extension 'colcon_pkg'
[0.182s] Level 1:colcon.colcon_core.package_identification:_identify(src/crazyswarm2/ros_ws/src/crazyswarm/scripts/crossing4_pps) by extensions ['colcon_meta']
[0.182s] Level 1:colcon.colcon_core.package_identification:_identify(src/crazyswarm2/ros_ws/src/crazyswarm/scripts/crossing4_pps) by extension 'colcon_meta'
[0.182s] Level 1:colcon.colcon_core.package_identification:_identify(src/crazyswarm2/ros_ws/src/crazyswarm/scripts/crossing4_pps) by extensions ['ros']
[0.182s] Level 1:colcon.colcon_core.package_identification:_identify(src/crazyswarm2/ros_ws/src/crazyswarm/scripts/crossing4_pps) by extension 'ros'
[0.182s] Level 1:colcon.colcon_core.package_identification:_identify(src/crazyswarm2/ros_ws/src/crazyswarm/scripts/crossing4_pps) by extensions ['cmake', 'python']
[0.182s] Level 1:colcon.colcon_core.package_identification:_identify(src/crazyswarm2/ros_ws/src/crazyswarm/scripts/crossing4_pps) by extension 'cmake'
[0.182s] Level 1:colcon.colcon_core.package_identification:_identify(src/crazyswarm2/ros_ws/src/crazyswarm/scripts/crossing4_pps) by extension 'python'
[0.182s] Level 1:colcon.colcon_core.package_identification:_identify(src/crazyswarm2/ros_ws/src/crazyswarm/scripts/crossing4_pps) by extensions ['python_setup_py']
[0.182s] Level 1:colcon.colcon_core.package_identification:_identify(src/crazyswarm2/ros_ws/src/crazyswarm/scripts/crossing4_pps) by extension 'python_setup_py'
[0.182s] Level 1:colcon.colcon_core.package_identification:_identify(src/crazyswarm2/ros_ws/src/crazyswarm/scripts/sequence_trajectories) by extensions ['ignore', 'ignore_ament_install']
[0.182s] Level 1:colcon.colcon_core.package_identification:_identify(src/crazyswarm2/ros_ws/src/crazyswarm/scripts/sequence_trajectories) by extension 'ignore'
[0.182s] Level 1:colcon.colcon_core.package_identification:_identify(src/crazyswarm2/ros_ws/src/crazyswarm/scripts/sequence_trajectories) by extension 'ignore_ament_install'
[0.182s] Level 1:colcon.colcon_core.package_identification:_identify(src/crazyswarm2/ros_ws/src/crazyswarm/scripts/sequence_trajectories) by extensions ['colcon_pkg']
[0.182s] Level 1:colcon.colcon_core.package_identification:_identify(src/crazyswarm2/ros_ws/src/crazyswarm/scripts/sequence_trajectories) by extension 'colcon_pkg'
[0.182s] Level 1:colcon.colcon_core.package_identification:_identify(src/crazyswarm2/ros_ws/src/crazyswarm/scripts/sequence_trajectories) by extensions ['colcon_meta']
[0.182s] Level 1:colcon.colcon_core.package_identification:_identify(src/crazyswarm2/ros_ws/src/crazyswarm/scripts/sequence_trajectories) by extension 'colcon_meta'
[0.182s] Level 1:colcon.colcon_core.package_identification:_identify(src/crazyswarm2/ros_ws/src/crazyswarm/scripts/sequence_trajectories) by extensions ['ros']
[0.182s] Level 1:colcon.colcon_core.package_identification:_identify(src/crazyswarm2/ros_ws/src/crazyswarm/scripts/sequence_trajectories) by extension 'ros'
[0.182s] Level 1:colcon.colcon_core.package_identification:_identify(src/crazyswarm2/ros_ws/src/crazyswarm/scripts/sequence_trajectories) by extensions ['cmake', 'python']
[0.182s] Level 1:colcon.colcon_core.package_identification:_identify(src/crazyswarm2/ros_ws/src/crazyswarm/scripts/sequence_trajectories) by extension 'cmake'
[0.183s] Level 1:colcon.colcon_core.package_identification:_identify(src/crazyswarm2/ros_ws/src/crazyswarm/scripts/sequence_trajectories) by extension 'python'
[0.183s] Level 1:colcon.colcon_core.package_identification:_identify(src/crazyswarm2/ros_ws/src/crazyswarm/scripts/sequence_trajectories) by extensions ['python_setup_py']
[0.183s] Level 1:colcon.colcon_core.package_identification:_identify(src/crazyswarm2/ros_ws/src/crazyswarm/scripts/sequence_trajectories) by extension 'python_setup_py'
[0.183s] Level 1:colcon.colcon_core.package_identification:_identify(src/crazyswarm2/ros_ws/src/crazyswarm/scripts/sequence_trajectories/1) by extensions ['ignore', 'ignore_ament_install']
[0.183s] Level 1:colcon.colcon_core.package_identification:_identify(src/crazyswarm2/ros_ws/src/crazyswarm/scripts/sequence_trajectories/1) by extension 'ignore'
[0.183s] Level 1:colcon.colcon_core.package_identification:_identify(src/crazyswarm2/ros_ws/src/crazyswarm/scripts/sequence_trajectories/1) by extension 'ignore_ament_install'
[0.183s] Level 1:colcon.colcon_core.package_identification:_identify(src/crazyswarm2/ros_ws/src/crazyswarm/scripts/sequence_trajectories/1) by extensions ['colcon_pkg']
[0.183s] Level 1:colcon.colcon_core.package_identification:_identify(src/crazyswarm2/ros_ws/src/crazyswarm/scripts/sequence_trajectories/1) by extension 'colcon_pkg'
[0.183s] Level 1:colcon.colcon_core.package_identification:_identify(src/crazyswarm2/ros_ws/src/crazyswarm/scripts/sequence_trajectories/1) by extensions ['colcon_meta']
[0.183s] Level 1:colcon.colcon_core.package_identification:_identify(src/crazyswarm2/ros_ws/src/crazyswarm/scripts/sequence_trajectories/1) by extension 'colcon_meta'
[0.183s] Level 1:colcon.colcon_core.package_identification:_identify(src/crazyswarm2/ros_ws/src/crazyswarm/scripts/sequence_trajectories/1) by extensions ['ros']
[0.183s] Level 1:colcon.colcon_core.package_identification:_identify(src/crazyswarm2/ros_ws/src/crazyswarm/scripts/sequence_trajectories/1) by extension 'ros'
[0.183s] Level 1:colcon.colcon_core.package_identification:_identify(src/crazyswarm2/ros_ws/src/crazyswarm/scripts/sequence_trajectories/1) by extensions ['cmake', 'python']
[0.183s] Level 1:colcon.colcon_core.package_identification:_identify(src/crazyswarm2/ros_ws/src/crazyswarm/scripts/sequence_trajectories/1) by extension 'cmake'
[0.183s] Level 1:colcon.colcon_core.package_identification:_identify(src/crazyswarm2/ros_ws/src/crazyswarm/scripts/sequence_trajectories/1) by extension 'python'
[0.183s] Level 1:colcon.colcon_core.package_identification:_identify(src/crazyswarm2/ros_ws/src/crazyswarm/scripts/sequence_trajectories/1) by extensions ['python_setup_py']
[0.183s] Level 1:colcon.colcon_core.package_identification:_identify(src/crazyswarm2/ros_ws/src/crazyswarm/scripts/sequence_trajectories/1) by extension 'python_setup_py'
[0.183s] Level 1:colcon.colcon_core.package_identification:_identify(src/crazyswarm2/ros_ws/src/crazyswarm/scripts/sequence_trajectories/2) by extensions ['ignore', 'ignore_ament_install']
[0.183s] Level 1:colcon.colcon_core.package_identification:_identify(src/crazyswarm2/ros_ws/src/crazyswarm/scripts/sequence_trajectories/2) by extension 'ignore'
[0.183s] Level 1:colcon.colcon_core.package_identification:_identify(src/crazyswarm2/ros_ws/src/crazyswarm/scripts/sequence_trajectories/2) by extension 'ignore_ament_install'
[0.183s] Level 1:colcon.colcon_core.package_identification:_identify(src/crazyswarm2/ros_ws/src/crazyswarm/scripts/sequence_trajectories/2) by extensions ['colcon_pkg']
[0.183s] Level 1:colcon.colcon_core.package_identification:_identify(src/crazyswarm2/ros_ws/src/crazyswarm/scripts/sequence_trajectories/2) by extension 'colcon_pkg'
[0.183s] Level 1:colcon.colcon_core.package_identification:_identify(src/crazyswarm2/ros_ws/src/crazyswarm/scripts/sequence_trajectories/2) by extensions ['colcon_meta']
[0.183s] Level 1:colcon.colcon_core.package_identification:_identify(src/crazyswarm2/ros_ws/src/crazyswarm/scripts/sequence_trajectories/2) by extension 'colcon_meta'
[0.183s] Level 1:colcon.colcon_core.package_identification:_identify(src/crazyswarm2/ros_ws/src/crazyswarm/scripts/sequence_trajectories/2) by extensions ['ros']
[0.183s] Level 1:colcon.colcon_core.package_identification:_identify(src/crazyswarm2/ros_ws/src/crazyswarm/scripts/sequence_trajectories/2) by extension 'ros'
[0.183s] Level 1:colcon.colcon_core.package_identification:_identify(src/crazyswarm2/ros_ws/src/crazyswarm/scripts/sequence_trajectories/2) by extensions ['cmake', 'python']
[0.183s] Level 1:colcon.colcon_core.package_identification:_identify(src/crazyswarm2/ros_ws/src/crazyswarm/scripts/sequence_trajectories/2) by extension 'cmake'
[0.183s] Level 1:colcon.colcon_core.package_identification:_identify(src/crazyswarm2/ros_ws/src/crazyswarm/scripts/sequence_trajectories/2) by extension 'python'
[0.183s] Level 1:colcon.colcon_core.package_identification:_identify(src/crazyswarm2/ros_ws/src/crazyswarm/scripts/sequence_trajectories/2) by extensions ['python_setup_py']
[0.183s] Level 1:colcon.colcon_core.package_identification:_identify(src/crazyswarm2/ros_ws/src/crazyswarm/scripts/sequence_trajectories/2) by extension 'python_setup_py'
[0.183s] Level 1:colcon.colcon_core.package_identification:_identify(src/crazyswarm2/ros_ws/src/crazyswarm/scripts/sequence_trajectories/3) by extensions ['ignore', 'ignore_ament_install']
[0.183s] Level 1:colcon.colcon_core.package_identification:_identify(src/crazyswarm2/ros_ws/src/crazyswarm/scripts/sequence_trajectories/3) by extension 'ignore'
[0.183s] Level 1:colcon.colcon_core.package_identification:_identify(src/crazyswarm2/ros_ws/src/crazyswarm/scripts/sequence_trajectories/3) by extension 'ignore_ament_install'
[0.183s] Level 1:colcon.colcon_core.package_identification:_identify(src/crazyswarm2/ros_ws/src/crazyswarm/scripts/sequence_trajectories/3) by extensions ['colcon_pkg']
[0.183s] Level 1:colcon.colcon_core.package_identification:_identify(src/crazyswarm2/ros_ws/src/crazyswarm/scripts/sequence_trajectories/3) by extension 'colcon_pkg'
[0.183s] Level 1:colcon.colcon_core.package_identification:_identify(src/crazyswarm2/ros_ws/src/crazyswarm/scripts/sequence_trajectories/3) by extensions ['colcon_meta']
[0.183s] Level 1:colcon.colcon_core.package_identification:_identify(src/crazyswarm2/ros_ws/src/crazyswarm/scripts/sequence_trajectories/3) by extension 'colcon_meta'
[0.184s] Level 1:colcon.colcon_core.package_identification:_identify(src/crazyswarm2/ros_ws/src/crazyswarm/scripts/sequence_trajectories/3) by extensions ['ros']
[0.184s] Level 1:colcon.colcon_core.package_identification:_identify(src/crazyswarm2/ros_ws/src/crazyswarm/scripts/sequence_trajectories/3) by extension 'ros'
[0.184s] Level 1:colcon.colcon_core.package_identification:_identify(src/crazyswarm2/ros_ws/src/crazyswarm/scripts/sequence_trajectories/3) by extensions ['cmake', 'python']
[0.184s] Level 1:colcon.colcon_core.package_identification:_identify(src/crazyswarm2/ros_ws/src/crazyswarm/scripts/sequence_trajectories/3) by extension 'cmake'
[0.184s] Level 1:colcon.colcon_core.package_identification:_identify(src/crazyswarm2/ros_ws/src/crazyswarm/scripts/sequence_trajectories/3) by extension 'python'
[0.184s] Level 1:colcon.colcon_core.package_identification:_identify(src/crazyswarm2/ros_ws/src/crazyswarm/scripts/sequence_trajectories/3) by extensions ['python_setup_py']
[0.184s] Level 1:colcon.colcon_core.package_identification:_identify(src/crazyswarm2/ros_ws/src/crazyswarm/scripts/sequence_trajectories/3) by extension 'python_setup_py'
[0.184s] Level 1:colcon.colcon_core.package_identification:_identify(src/crazyswarm2/ros_ws/src/crazyswarm/scripts/sequence_trajectories/4) by extensions ['ignore', 'ignore_ament_install']
[0.184s] Level 1:colcon.colcon_core.package_identification:_identify(src/crazyswarm2/ros_ws/src/crazyswarm/scripts/sequence_trajectories/4) by extension 'ignore'
[0.184s] Level 1:colcon.colcon_core.package_identification:_identify(src/crazyswarm2/ros_ws/src/crazyswarm/scripts/sequence_trajectories/4) by extension 'ignore_ament_install'
[0.184s] Level 1:colcon.colcon_core.package_identification:_identify(src/crazyswarm2/ros_ws/src/crazyswarm/scripts/sequence_trajectories/4) by extensions ['colcon_pkg']
[0.184s] Level 1:colcon.colcon_core.package_identification:_identify(src/crazyswarm2/ros_ws/src/crazyswarm/scripts/sequence_trajectories/4) by extension 'colcon_pkg'
[0.184s] Level 1:colcon.colcon_core.package_identification:_identify(src/crazyswarm2/ros_ws/src/crazyswarm/scripts/sequence_trajectories/4) by extensions ['colcon_meta']
[0.184s] Level 1:colcon.colcon_core.package_identification:_identify(src/crazyswarm2/ros_ws/src/crazyswarm/scripts/sequence_trajectories/4) by extension 'colcon_meta'
[0.184s] Level 1:colcon.colcon_core.package_identification:_identify(src/crazyswarm2/ros_ws/src/crazyswarm/scripts/sequence_trajectories/4) by extensions ['ros']
[0.184s] Level 1:colcon.colcon_core.package_identification:_identify(src/crazyswarm2/ros_ws/src/crazyswarm/scripts/sequence_trajectories/4) by extension 'ros'
[0.184s] Level 1:colcon.colcon_core.package_identification:_identify(src/crazyswarm2/ros_ws/src/crazyswarm/scripts/sequence_trajectories/4) by extensions ['cmake', 'python']
[0.184s] Level 1:colcon.colcon_core.package_identification:_identify(src/crazyswarm2/ros_ws/src/crazyswarm/scripts/sequence_trajectories/4) by extension 'cmake'
[0.184s] Level 1:colcon.colcon_core.package_identification:_identify(src/crazyswarm2/ros_ws/src/crazyswarm/scripts/sequence_trajectories/4) by extension 'python'
[0.184s] Level 1:colcon.colcon_core.package_identification:_identify(src/crazyswarm2/ros_ws/src/crazyswarm/scripts/sequence_trajectories/4) by extensions ['python_setup_py']
[0.184s] Level 1:colcon.colcon_core.package_identification:_identify(src/crazyswarm2/ros_ws/src/crazyswarm/scripts/sequence_trajectories/4) by extension 'python_setup_py'
[0.184s] Level 1:colcon.colcon_core.package_identification:_identify(src/crazyswarm2/ros_ws/src/crazyswarm/scripts/sequence_trajectories/5) by extensions ['ignore', 'ignore_ament_install']
[0.184s] Level 1:colcon.colcon_core.package_identification:_identify(src/crazyswarm2/ros_ws/src/crazyswarm/scripts/sequence_trajectories/5) by extension 'ignore'
[0.184s] Level 1:colcon.colcon_core.package_identification:_identify(src/crazyswarm2/ros_ws/src/crazyswarm/scripts/sequence_trajectories/5) by extension 'ignore_ament_install'
[0.184s] Level 1:colcon.colcon_core.package_identification:_identify(src/crazyswarm2/ros_ws/src/crazyswarm/scripts/sequence_trajectories/5) by extensions ['colcon_pkg']
[0.184s] Level 1:colcon.colcon_core.package_identification:_identify(src/crazyswarm2/ros_ws/src/crazyswarm/scripts/sequence_trajectories/5) by extension 'colcon_pkg'
[0.184s] Level 1:colcon.colcon_core.package_identification:_identify(src/crazyswarm2/ros_ws/src/crazyswarm/scripts/sequence_trajectories/5) by extensions ['colcon_meta']
[0.184s] Level 1:colcon.colcon_core.package_identification:_identify(src/crazyswarm2/ros_ws/src/crazyswarm/scripts/sequence_trajectories/5) by extension 'colcon_meta'
[0.184s] Level 1:colcon.colcon_core.package_identification:_identify(src/crazyswarm2/ros_ws/src/crazyswarm/scripts/sequence_trajectories/5) by extensions ['ros']
[0.184s] Level 1:colcon.colcon_core.package_identification:_identify(src/crazyswarm2/ros_ws/src/crazyswarm/scripts/sequence_trajectories/5) by extension 'ros'
[0.184s] Level 1:colcon.colcon_core.package_identification:_identify(src/crazyswarm2/ros_ws/src/crazyswarm/scripts/sequence_trajectories/5) by extensions ['cmake', 'python']
[0.184s] Level 1:colcon.colcon_core.package_identification:_identify(src/crazyswarm2/ros_ws/src/crazyswarm/scripts/sequence_trajectories/5) by extension 'cmake'
[0.184s] Level 1:colcon.colcon_core.package_identification:_identify(src/crazyswarm2/ros_ws/src/crazyswarm/scripts/sequence_trajectories/5) by extension 'python'
[0.184s] Level 1:colcon.colcon_core.package_identification:_identify(src/crazyswarm2/ros_ws/src/crazyswarm/scripts/sequence_trajectories/5) by extensions ['python_setup_py']
[0.184s] Level 1:colcon.colcon_core.package_identification:_identify(src/crazyswarm2/ros_ws/src/crazyswarm/scripts/sequence_trajectories/5) by extension 'python_setup_py'
[0.185s] Level 1:colcon.colcon_core.package_identification:_identify(src/crazyswarm2/ros_ws/src/crazyswarm/scripts/sequence_trajectories/6) by extensions ['ignore', 'ignore_ament_install']
[0.185s] Level 1:colcon.colcon_core.package_identification:_identify(src/crazyswarm2/ros_ws/src/crazyswarm/scripts/sequence_trajectories/6) by extension 'ignore'
[0.185s] Level 1:colcon.colcon_core.package_identification:_identify(src/crazyswarm2/ros_ws/src/crazyswarm/scripts/sequence_trajectories/6) by extension 'ignore_ament_install'
[0.185s] Level 1:colcon.colcon_core.package_identification:_identify(src/crazyswarm2/ros_ws/src/crazyswarm/scripts/sequence_trajectories/6) by extensions ['colcon_pkg']
[0.185s] Level 1:colcon.colcon_core.package_identification:_identify(src/crazyswarm2/ros_ws/src/crazyswarm/scripts/sequence_trajectories/6) by extension 'colcon_pkg'
[0.185s] Level 1:colcon.colcon_core.package_identification:_identify(src/crazyswarm2/ros_ws/src/crazyswarm/scripts/sequence_trajectories/6) by extensions ['colcon_meta']
[0.185s] Level 1:colcon.colcon_core.package_identification:_identify(src/crazyswarm2/ros_ws/src/crazyswarm/scripts/sequence_trajectories/6) by extension 'colcon_meta'
[0.185s] Level 1:colcon.colcon_core.package_identification:_identify(src/crazyswarm2/ros_ws/src/crazyswarm/scripts/sequence_trajectories/6) by extensions ['ros']
[0.185s] Level 1:colcon.colcon_core.package_identification:_identify(src/crazyswarm2/ros_ws/src/crazyswarm/scripts/sequence_trajectories/6) by extension 'ros'
[0.185s] Level 1:colcon.colcon_core.package_identification:_identify(src/crazyswarm2/ros_ws/src/crazyswarm/scripts/sequence_trajectories/6) by extensions ['cmake', 'python']
[0.185s] Level 1:colcon.colcon_core.package_identification:_identify(src/crazyswarm2/ros_ws/src/crazyswarm/scripts/sequence_trajectories/6) by extension 'cmake'
[0.185s] Level 1:colcon.colcon_core.package_identification:_identify(src/crazyswarm2/ros_ws/src/crazyswarm/scripts/sequence_trajectories/6) by extension 'python'
[0.185s] Level 1:colcon.colcon_core.package_identification:_identify(src/crazyswarm2/ros_ws/src/crazyswarm/scripts/sequence_trajectories/6) by extensions ['python_setup_py']
[0.185s] Level 1:colcon.colcon_core.package_identification:_identify(src/crazyswarm2/ros_ws/src/crazyswarm/scripts/sequence_trajectories/6) by extension 'python_setup_py'
[0.185s] Level 1:colcon.colcon_core.package_identification:_identify(src/crazyswarm2/ros_ws/src/crazyswarm/scripts/sequence_trajectories/7) by extensions ['ignore', 'ignore_ament_install']
[0.185s] Level 1:colcon.colcon_core.package_identification:_identify(src/crazyswarm2/ros_ws/src/crazyswarm/scripts/sequence_trajectories/7) by extension 'ignore'
[0.185s] Level 1:colcon.colcon_core.package_identification:_identify(src/crazyswarm2/ros_ws/src/crazyswarm/scripts/sequence_trajectories/7) by extension 'ignore_ament_install'
[0.185s] Level 1:colcon.colcon_core.package_identification:_identify(src/crazyswarm2/ros_ws/src/crazyswarm/scripts/sequence_trajectories/7) by extensions ['colcon_pkg']
[0.185s] Level 1:colcon.colcon_core.package_identification:_identify(src/crazyswarm2/ros_ws/src/crazyswarm/scripts/sequence_trajectories/7) by extension 'colcon_pkg'
[0.185s] Level 1:colcon.colcon_core.package_identification:_identify(src/crazyswarm2/ros_ws/src/crazyswarm/scripts/sequence_trajectories/7) by extensions ['colcon_meta']
[0.185s] Level 1:colcon.colcon_core.package_identification:_identify(src/crazyswarm2/ros_ws/src/crazyswarm/scripts/sequence_trajectories/7) by extension 'colcon_meta'
[0.185s] Level 1:colcon.colcon_core.package_identification:_identify(src/crazyswarm2/ros_ws/src/crazyswarm/scripts/sequence_trajectories/7) by extensions ['ros']
[0.185s] Level 1:colcon.colcon_core.package_identification:_identify(src/crazyswarm2/ros_ws/src/crazyswarm/scripts/sequence_trajectories/7) by extension 'ros'
[0.185s] Level 1:colcon.colcon_core.package_identification:_identify(src/crazyswarm2/ros_ws/src/crazyswarm/scripts/sequence_trajectories/7) by extensions ['cmake', 'python']
[0.185s] Level 1:colcon.colcon_core.package_identification:_identify(src/crazyswarm2/ros_ws/src/crazyswarm/scripts/sequence_trajectories/7) by extension 'cmake'
[0.185s] Level 1:colcon.colcon_core.package_identification:_identify(src/crazyswarm2/ros_ws/src/crazyswarm/scripts/sequence_trajectories/7) by extension 'python'
[0.185s] Level 1:colcon.colcon_core.package_identification:_identify(src/crazyswarm2/ros_ws/src/crazyswarm/scripts/sequence_trajectories/7) by extensions ['python_setup_py']
[0.185s] Level 1:colcon.colcon_core.package_identification:_identify(src/crazyswarm2/ros_ws/src/crazyswarm/scripts/sequence_trajectories/7) by extension 'python_setup_py'
[0.185s] Level 1:colcon.colcon_core.package_identification:_identify(src/crazyswarm2/ros_ws/src/crazyswarm/scripts/swap6v_pps) by extensions ['ignore', 'ignore_ament_install']
[0.185s] Level 1:colcon.colcon_core.package_identification:_identify(src/crazyswarm2/ros_ws/src/crazyswarm/scripts/swap6v_pps) by extension 'ignore'
[0.185s] Level 1:colcon.colcon_core.package_identification:_identify(src/crazyswarm2/ros_ws/src/crazyswarm/scripts/swap6v_pps) by extension 'ignore_ament_install'
[0.185s] Level 1:colcon.colcon_core.package_identification:_identify(src/crazyswarm2/ros_ws/src/crazyswarm/scripts/swap6v_pps) by extensions ['colcon_pkg']
[0.185s] Level 1:colcon.colcon_core.package_identification:_identify(src/crazyswarm2/ros_ws/src/crazyswarm/scripts/swap6v_pps) by extension 'colcon_pkg'
[0.185s] Level 1:colcon.colcon_core.package_identification:_identify(src/crazyswarm2/ros_ws/src/crazyswarm/scripts/swap6v_pps) by extensions ['colcon_meta']
[0.185s] Level 1:colcon.colcon_core.package_identification:_identify(src/crazyswarm2/ros_ws/src/crazyswarm/scripts/swap6v_pps) by extension 'colcon_meta'
[0.186s] Level 1:colcon.colcon_core.package_identification:_identify(src/crazyswarm2/ros_ws/src/crazyswarm/scripts/swap6v_pps) by extensions ['ros']
[0.186s] Level 1:colcon.colcon_core.package_identification:_identify(src/crazyswarm2/ros_ws/src/crazyswarm/scripts/swap6v_pps) by extension 'ros'
[0.186s] Level 1:colcon.colcon_core.package_identification:_identify(src/crazyswarm2/ros_ws/src/crazyswarm/scripts/swap6v_pps) by extensions ['cmake', 'python']
[0.186s] Level 1:colcon.colcon_core.package_identification:_identify(src/crazyswarm2/ros_ws/src/crazyswarm/scripts/swap6v_pps) by extension 'cmake'
[0.186s] Level 1:colcon.colcon_core.package_identification:_identify(src/crazyswarm2/ros_ws/src/crazyswarm/scripts/swap6v_pps) by extension 'python'
[0.186s] Level 1:colcon.colcon_core.package_identification:_identify(src/crazyswarm2/ros_ws/src/crazyswarm/scripts/swap6v_pps) by extensions ['python_setup_py']
[0.186s] Level 1:colcon.colcon_core.package_identification:_identify(src/crazyswarm2/ros_ws/src/crazyswarm/scripts/swap6v_pps) by extension 'python_setup_py'
[0.186s] Level 1:colcon.colcon_core.package_identification:_identify(src/crazyswarm2/systemtests) by extensions ['ignore', 'ignore_ament_install']
[0.186s] Level 1:colcon.colcon_core.package_identification:_identify(src/crazyswarm2/systemtests) by extension 'ignore'
[0.186s] Level 1:colcon.colcon_core.package_identification:_identify(src/crazyswarm2/systemtests) by extension 'ignore_ament_install'
[0.186s] Level 1:colcon.colcon_core.package_identification:_identify(src/crazyswarm2/systemtests) by extensions ['colcon_pkg']
[0.186s] Level 1:colcon.colcon_core.package_identification:_identify(src/crazyswarm2/systemtests) by extension 'colcon_pkg'
[0.186s] Level 1:colcon.colcon_core.package_identification:_identify(src/crazyswarm2/systemtests) by extensions ['colcon_meta']
[0.186s] Level 1:colcon.colcon_core.package_identification:_identify(src/crazyswarm2/systemtests) by extension 'colcon_meta'
[0.186s] Level 1:colcon.colcon_core.package_identification:_identify(src/crazyswarm2/systemtests) by extensions ['ros']
[0.186s] Level 1:colcon.colcon_core.package_identification:_identify(src/crazyswarm2/systemtests) by extension 'ros'
[0.186s] Level 1:colcon.colcon_core.package_identification:_identify(src/crazyswarm2/systemtests) by extensions ['cmake', 'python']
[0.186s] Level 1:colcon.colcon_core.package_identification:_identify(src/crazyswarm2/systemtests) by extension 'cmake'
[0.186s] Level 1:colcon.colcon_core.package_identification:_identify(src/crazyswarm2/systemtests) by extension 'python'
[0.186s] Level 1:colcon.colcon_core.package_identification:_identify(src/crazyswarm2/systemtests) by extensions ['python_setup_py']
[0.186s] Level 1:colcon.colcon_core.package_identification:_identify(src/crazyswarm2/systemtests) by extension 'python_setup_py'
[0.186s] Level 1:colcon.colcon_core.package_identification:_identify(src/crazyswarm2/systemtests/SDplotting) by extensions ['ignore', 'ignore_ament_install']
[0.186s] Level 1:colcon.colcon_core.package_identification:_identify(src/crazyswarm2/systemtests/SDplotting) by extension 'ignore'
[0.186s] Level 1:colcon.colcon_core.package_identification:_identify(src/crazyswarm2/systemtests/SDplotting) by extension 'ignore_ament_install'
[0.186s] Level 1:colcon.colcon_core.package_identification:_identify(src/crazyswarm2/systemtests/SDplotting) by extensions ['colcon_pkg']
[0.186s] Level 1:colcon.colcon_core.package_identification:_identify(src/crazyswarm2/systemtests/SDplotting) by extension 'colcon_pkg'
[0.186s] Level 1:colcon.colcon_core.package_identification:_identify(src/crazyswarm2/systemtests/SDplotting) by extensions ['colcon_meta']
[0.186s] Level 1:colcon.colcon_core.package_identification:_identify(src/crazyswarm2/systemtests/SDplotting) by extension 'colcon_meta'
[0.186s] Level 1:colcon.colcon_core.package_identification:_identify(src/crazyswarm2/systemtests/SDplotting) by extensions ['ros']
[0.186s] Level 1:colcon.colcon_core.package_identification:_identify(src/crazyswarm2/systemtests/SDplotting) by extension 'ros'
[0.186s] Level 1:colcon.colcon_core.package_identification:_identify(src/crazyswarm2/systemtests/SDplotting) by extensions ['cmake', 'python']
[0.186s] Level 1:colcon.colcon_core.package_identification:_identify(src/crazyswarm2/systemtests/SDplotting) by extension 'cmake'
[0.186s] Level 1:colcon.colcon_core.package_identification:_identify(src/crazyswarm2/systemtests/SDplotting) by extension 'python'
[0.186s] Level 1:colcon.colcon_core.package_identification:_identify(src/crazyswarm2/systemtests/SDplotting) by extensions ['python_setup_py']
[0.186s] Level 1:colcon.colcon_core.package_identification:_identify(src/crazyswarm2/systemtests/SDplotting) by extension 'python_setup_py'
[0.186s] Level 1:colcon.colcon_core.package_identification:_identify(src/ros_gz_crazyflie) by extensions ['ignore', 'ignore_ament_install']
[0.186s] Level 1:colcon.colcon_core.package_identification:_identify(src/ros_gz_crazyflie) by extension 'ignore'
[0.186s] Level 1:colcon.colcon_core.package_identification:_identify(src/ros_gz_crazyflie) by extension 'ignore_ament_install'
[0.186s] Level 1:colcon.colcon_core.package_identification:_identify(src/ros_gz_crazyflie) by extensions ['colcon_pkg']
[0.187s] Level 1:colcon.colcon_core.package_identification:_identify(src/ros_gz_crazyflie) by extension 'colcon_pkg'
[0.187s] Level 1:colcon.colcon_core.package_identification:_identify(src/ros_gz_crazyflie) by extensions ['colcon_meta']
[0.187s] Level 1:colcon.colcon_core.package_identification:_identify(src/ros_gz_crazyflie) by extension 'colcon_meta'
[0.187s] Level 1:colcon.colcon_core.package_identification:_identify(src/ros_gz_crazyflie) by extensions ['ros']
[0.187s] Level 1:colcon.colcon_core.package_identification:_identify(src/ros_gz_crazyflie) by extension 'ros'
[0.187s] Level 1:colcon.colcon_core.package_identification:_identify(src/ros_gz_crazyflie) by extensions ['cmake', 'python']
[0.187s] Level 1:colcon.colcon_core.package_identification:_identify(src/ros_gz_crazyflie) by extension 'cmake'
[0.187s] Level 1:colcon.colcon_core.package_identification:_identify(src/ros_gz_crazyflie) by extension 'python'
[0.187s] Level 1:colcon.colcon_core.package_identification:_identify(src/ros_gz_crazyflie) by extensions ['python_setup_py']
[0.187s] Level 1:colcon.colcon_core.package_identification:_identify(src/ros_gz_crazyflie) by extension 'python_setup_py'
[0.187s] Level 1:colcon.colcon_core.package_identification:_identify(src/ros_gz_crazyflie/ros_gz_crazyflie_bringup) by extensions ['ignore', 'ignore_ament_install']
[0.187s] Level 1:colcon.colcon_core.package_identification:_identify(src/ros_gz_crazyflie/ros_gz_crazyflie_bringup) by extension 'ignore'
[0.187s] Level 1:colcon.colcon_core.package_identification:_identify(src/ros_gz_crazyflie/ros_gz_crazyflie_bringup) by extension 'ignore_ament_install'
[0.187s] Level 1:colcon.colcon_core.package_identification:_identify(src/ros_gz_crazyflie/ros_gz_crazyflie_bringup) by extensions ['colcon_pkg']
[0.187s] Level 1:colcon.colcon_core.package_identification:_identify(src/ros_gz_crazyflie/ros_gz_crazyflie_bringup) by extension 'colcon_pkg'
[0.187s] Level 1:colcon.colcon_core.package_identification:_identify(src/ros_gz_crazyflie/ros_gz_crazyflie_bringup) by extensions ['colcon_meta']
[0.187s] Level 1:colcon.colcon_core.package_identification:_identify(src/ros_gz_crazyflie/ros_gz_crazyflie_bringup) by extension 'colcon_meta'
[0.187s] Level 1:colcon.colcon_core.package_identification:_identify(src/ros_gz_crazyflie/ros_gz_crazyflie_bringup) by extensions ['ros']
[0.187s] Level 1:colcon.colcon_core.package_identification:_identify(src/ros_gz_crazyflie/ros_gz_crazyflie_bringup) by extension 'ros'
[0.187s] DEBUG:colcon.colcon_core.package_identification:Package 'src/ros_gz_crazyflie/ros_gz_crazyflie_bringup' with type 'ros.ament_cmake' and name 'ros_gz_crazyflie_bringup'
[0.188s] Level 1:colcon.colcon_core.package_identification:_identify(src/ros_gz_crazyflie/ros_gz_crazyflie_control) by extensions ['ignore', 'ignore_ament_install']
[0.188s] Level 1:colcon.colcon_core.package_identification:_identify(src/ros_gz_crazyflie/ros_gz_crazyflie_control) by extension 'ignore'
[0.188s] Level 1:colcon.colcon_core.package_identification:_identify(src/ros_gz_crazyflie/ros_gz_crazyflie_control) by extension 'ignore_ament_install'
[0.188s] Level 1:colcon.colcon_core.package_identification:_identify(src/ros_gz_crazyflie/ros_gz_crazyflie_control) by extensions ['colcon_pkg']
[0.188s] Level 1:colcon.colcon_core.package_identification:_identify(src/ros_gz_crazyflie/ros_gz_crazyflie_control) by extension 'colcon_pkg'
[0.188s] Level 1:colcon.colcon_core.package_identification:_identify(src/ros_gz_crazyflie/ros_gz_crazyflie_control) by extensions ['colcon_meta']
[0.188s] Level 1:colcon.colcon_core.package_identification:_identify(src/ros_gz_crazyflie/ros_gz_crazyflie_control) by extension 'colcon_meta'
[0.188s] Level 1:colcon.colcon_core.package_identification:_identify(src/ros_gz_crazyflie/ros_gz_crazyflie_control) by extensions ['ros']
[0.188s] Level 1:colcon.colcon_core.package_identification:_identify(src/ros_gz_crazyflie/ros_gz_crazyflie_control) by extension 'ros'
[0.188s] DEBUG:colcon.colcon_core.package_identification:Package 'src/ros_gz_crazyflie/ros_gz_crazyflie_control' with type 'ros.ament_python' and name 'ros_gz_crazyflie_control'
[0.188s] Level 1:colcon.colcon_core.package_identification:_identify(src/ros_gz_crazyflie/ros_gz_crazyflie_gazebo) by extensions ['ignore', 'ignore_ament_install']
[0.188s] Level 1:colcon.colcon_core.package_identification:_identify(src/ros_gz_crazyflie/ros_gz_crazyflie_gazebo) by extension 'ignore'
[0.188s] Level 1:colcon.colcon_core.package_identification:_identify(src/ros_gz_crazyflie/ros_gz_crazyflie_gazebo) by extension 'ignore_ament_install'
[0.188s] Level 1:colcon.colcon_core.package_identification:_identify(src/ros_gz_crazyflie/ros_gz_crazyflie_gazebo) by extensions ['colcon_pkg']
[0.188s] Level 1:colcon.colcon_core.package_identification:_identify(src/ros_gz_crazyflie/ros_gz_crazyflie_gazebo) by extension 'colcon_pkg'
[0.188s] Level 1:colcon.colcon_core.package_identification:_identify(src/ros_gz_crazyflie/ros_gz_crazyflie_gazebo) by extensions ['colcon_meta']
[0.188s] Level 1:colcon.colcon_core.package_identification:_identify(src/ros_gz_crazyflie/ros_gz_crazyflie_gazebo) by extension 'colcon_meta'
[0.188s] Level 1:colcon.colcon_core.package_identification:_identify(src/ros_gz_crazyflie/ros_gz_crazyflie_gazebo) by extensions ['ros']
[0.188s] Level 1:colcon.colcon_core.package_identification:_identify(src/ros_gz_crazyflie/ros_gz_crazyflie_gazebo) by extension 'ros'
[0.189s] DEBUG:colcon.colcon_core.package_identification:Package 'src/ros_gz_crazyflie/ros_gz_crazyflie_gazebo' with type 'ros.ament_cmake' and name 'ros_gz_crazyflie_gazebo'
[0.189s] Level 1:colcon.colcon_core.package_discovery:discover_packages(recursive) using defaults
[0.189s] Level 1:colcon.colcon_core.package_discovery:discover_packages(ignore) discover
[0.189s] Level 1:colcon.colcon_core.package_discovery:discover_packages(ignore) using defaults
[0.189s] Level 1:colcon.colcon_core.package_discovery:discover_packages(path) discover
[0.189s] Level 1:colcon.colcon_core.package_discovery:discover_packages(path) using defaults
[0.208s] Level 1:colcon.colcon_core.package_discovery:discover_packages(prefix_path) check parameters
[0.208s] Level 1:colcon.colcon_core.package_discovery:discover_packages(prefix_path) discover
[0.210s] DEBUG:colcon.colcon_installed_package_information.package_discovery:Found 11 installed packages in /home/raghav/crazyflie_mapping_demo/ros2_ws/install
[0.210s] DEBUG:colcon.colcon_installed_package_information.package_discovery:Found 290 installed packages in /opt/ros/humble
[0.211s] Level 1:colcon.colcon_core.package_discovery:discover_packages(prefix_path) using defaults
[0.233s] Level 5:colcon.colcon_core.verb:set package 'crazyflie_interfaces' build argument 'cmake_args' from command line to '['-DBUILD_TESTING=ON']'
[0.233s] Level 5:colcon.colcon_core.verb:set package 'crazyflie_interfaces' build argument 'cmake_target' from command line to 'None'
[0.233s] Level 5:colcon.colcon_core.verb:set package 'crazyflie_interfaces' build argument 'cmake_target_skip_unavailable' from command line to 'False'
[0.233s] Level 5:colcon.colcon_core.verb:set package 'crazyflie_interfaces' build argument 'cmake_clean_cache' from command line to 'False'
[0.233s] Level 5:colcon.colcon_core.verb:set package 'crazyflie_interfaces' build argument 'cmake_clean_first' from command line to 'False'
[0.233s] Level 5:colcon.colcon_core.verb:set package 'crazyflie_interfaces' build argument 'cmake_force_configure' from command line to 'False'
[0.233s] Level 5:colcon.colcon_core.verb:set package 'crazyflie_interfaces' build argument 'ament_cmake_args' from command line to 'None'
[0.233s] Level 5:colcon.colcon_core.verb:set package 'crazyflie_interfaces' build argument 'catkin_cmake_args' from command line to 'None'
[0.233s] Level 5:colcon.colcon_core.verb:set package 'crazyflie_interfaces' build argument 'catkin_skip_building_tests' from command line to 'False'
[0.233s] DEBUG:colcon.colcon_core.verb:Building package 'crazyflie_interfaces' with the following arguments: {'ament_cmake_args': None, 'build_base': '/home/raghav/crazyflie_mapping_demo/ros2_ws/build/crazyflie_interfaces', 'catkin_cmake_args': None, 'catkin_skip_building_tests': False, 'cmake_args': ['-DBUILD_TESTING=ON'], 'cmake_clean_cache': False, 'cmake_clean_first': False, 'cmake_force_configure': False, 'cmake_target': None, 'cmake_target_skip_unavailable': False, 'install_base': '/home/raghav/crazyflie_mapping_demo/ros2_ws/install/crazyflie_interfaces', 'merge_install': False, 'path': '/home/raghav/crazyflie_mapping_demo/ros2_ws/src/crazyswarm2/crazyflie_interfaces', 'symlink_install': False, 'test_result_base': None}
[0.234s] Level 5:colcon.colcon_core.verb:set package 'crazyflie_ros2_multiranger_simple_mapper' build argument 'cmake_args' from command line to '['-DBUILD_TESTING=ON']'
[0.234s] Level 5:colcon.colcon_core.verb:set package 'crazyflie_ros2_multiranger_simple_mapper' build argument 'cmake_target' from command line to 'None'
[0.234s] Level 5:colcon.colcon_core.verb:set package 'crazyflie_ros2_multiranger_simple_mapper' build argument 'cmake_target_skip_unavailable' from command line to 'False'
[0.234s] Level 5:colcon.colcon_core.verb:set package 'crazyflie_ros2_multiranger_simple_mapper' build argument 'cmake_clean_cache' from command line to 'False'
[0.234s] Level 5:colcon.colcon_core.verb:set package 'crazyflie_ros2_multiranger_simple_mapper' build argument 'cmake_clean_first' from command line to 'False'
[0.234s] Level 5:colcon.colcon_core.verb:set package 'crazyflie_ros2_multiranger_simple_mapper' build argument 'cmake_force_configure' from command line to 'False'
[0.234s] Level 5:colcon.colcon_core.verb:set package 'crazyflie_ros2_multiranger_simple_mapper' build argument 'ament_cmake_args' from command line to 'None'
[0.234s] Level 5:colcon.colcon_core.verb:set package 'crazyflie_ros2_multiranger_simple_mapper' build argument 'catkin_cmake_args' from command line to 'None'
[0.234s] Level 5:colcon.colcon_core.verb:set package 'crazyflie_ros2_multiranger_simple_mapper' build argument 'catkin_skip_building_tests' from command line to 'False'
[0.234s] DEBUG:colcon.colcon_core.verb:Building package 'crazyflie_ros2_multiranger_simple_mapper' with the following arguments: {'ament_cmake_args': None, 'build_base': '/home/raghav/crazyflie_mapping_demo/ros2_ws/build/crazyflie_ros2_multiranger_simple_mapper', 'catkin_cmake_args': None, 'catkin_skip_building_tests': False, 'cmake_args': ['-DBUILD_TESTING=ON'], 'cmake_clean_cache': False, 'cmake_clean_first': False, 'cmake_force_configure': False, 'cmake_target': None, 'cmake_target_skip_unavailable': False, 'install_base': '/home/raghav/crazyflie_mapping_demo/ros2_ws/install/crazyflie_ros2_multiranger_simple_mapper', 'merge_install': False, 'path': '/home/raghav/crazyflie_mapping_demo/ros2_ws/src/crazyflie_ros2_multiranger/crazyflie_ros2_multiranger_simple_mapper', 'symlink_install': False, 'test_result_base': None}
[0.234s] Level 5:colcon.colcon_core.verb:set package 'crazyflie_ros2_multiranger_wall_following' build argument 'cmake_args' from command line to '['-DBUILD_TESTING=ON']'
[0.234s] Level 5:colcon.colcon_core.verb:set package 'crazyflie_ros2_multiranger_wall_following' build argument 'cmake_target' from command line to 'None'
[0.234s] Level 5:colcon.colcon_core.verb:set package 'crazyflie_ros2_multiranger_wall_following' build argument 'cmake_target_skip_unavailable' from command line to 'False'
[0.234s] Level 5:colcon.colcon_core.verb:set package 'crazyflie_ros2_multiranger_wall_following' build argument 'cmake_clean_cache' from command line to 'False'
[0.234s] Level 5:colcon.colcon_core.verb:set package 'crazyflie_ros2_multiranger_wall_following' build argument 'cmake_clean_first' from command line to 'False'
[0.234s] Level 5:colcon.colcon_core.verb:set package 'crazyflie_ros2_multiranger_wall_following' build argument 'cmake_force_configure' from command line to 'False'
[0.234s] Level 5:colcon.colcon_core.verb:set package 'crazyflie_ros2_multiranger_wall_following' build argument 'ament_cmake_args' from command line to 'None'
[0.234s] Level 5:colcon.colcon_core.verb:set package 'crazyflie_ros2_multiranger_wall_following' build argument 'catkin_cmake_args' from command line to 'None'
[0.234s] Level 5:colcon.colcon_core.verb:set package 'crazyflie_ros2_multiranger_wall_following' build argument 'catkin_skip_building_tests' from command line to 'False'
[0.234s] DEBUG:colcon.colcon_core.verb:Building package 'crazyflie_ros2_multiranger_wall_following' with the following arguments: {'ament_cmake_args': None, 'build_base': '/home/raghav/crazyflie_mapping_demo/ros2_ws/build/crazyflie_ros2_multiranger_wall_following', 'catkin_cmake_args': None, 'catkin_skip_building_tests': False, 'cmake_args': ['-DBUILD_TESTING=ON'], 'cmake_clean_cache': False, 'cmake_clean_first': False, 'cmake_force_configure': False, 'cmake_target': None, 'cmake_target_skip_unavailable': False, 'install_base': '/home/raghav/crazyflie_mapping_demo/ros2_ws/install/crazyflie_ros2_multiranger_wall_following', 'merge_install': False, 'path': '/home/raghav/crazyflie_mapping_demo/ros2_ws/src/crazyflie_ros2_multiranger/crazyflie_ros2_multiranger_wall_following', 'symlink_install': False, 'test_result_base': None}
[0.234s] Level 5:colcon.colcon_core.verb:set package 'ros_gz_crazyflie_control' build argument 'cmake_args' from command line to '['-DBUILD_TESTING=ON']'
[0.234s] Level 5:colcon.colcon_core.verb:set package 'ros_gz_crazyflie_control' build argument 'cmake_target' from command line to 'None'
[0.234s] Level 5:colcon.colcon_core.verb:set package 'ros_gz_crazyflie_control' build argument 'cmake_target_skip_unavailable' from command line to 'False'
[0.234s] Level 5:colcon.colcon_core.verb:set package 'ros_gz_crazyflie_control' build argument 'cmake_clean_cache' from command line to 'False'
[0.234s] Level 5:colcon.colcon_core.verb:set package 'ros_gz_crazyflie_control' build argument 'cmake_clean_first' from command line to 'False'
[0.234s] Level 5:colcon.colcon_core.verb:set package 'ros_gz_crazyflie_control' build argument 'cmake_force_configure' from command line to 'False'
[0.234s] Level 5:colcon.colcon_core.verb:set package 'ros_gz_crazyflie_control' build argument 'ament_cmake_args' from command line to 'None'
[0.234s] Level 5:colcon.colcon_core.verb:set package 'ros_gz_crazyflie_control' build argument 'catkin_cmake_args' from command line to 'None'
[0.234s] Level 5:colcon.colcon_core.verb:set package 'ros_gz_crazyflie_control' build argument 'catkin_skip_building_tests' from command line to 'False'
[0.234s] DEBUG:colcon.colcon_core.verb:Building package 'ros_gz_crazyflie_control' with the following arguments: {'ament_cmake_args': None, 'build_base': '/home/raghav/crazyflie_mapping_demo/ros2_ws/build/ros_gz_crazyflie_control', 'catkin_cmake_args': None, 'catkin_skip_building_tests': False, 'cmake_args': ['-DBUILD_TESTING=ON'], 'cmake_clean_cache': False, 'cmake_clean_first': False, 'cmake_force_configure': False, 'cmake_target': None, 'cmake_target_skip_unavailable': False, 'install_base': '/home/raghav/crazyflie_mapping_demo/ros2_ws/install/ros_gz_crazyflie_control', 'merge_install': False, 'path': '/home/raghav/crazyflie_mapping_demo/ros2_ws/src/ros_gz_crazyflie/ros_gz_crazyflie_control', 'symlink_install': False, 'test_result_base': None}
[0.235s] Level 5:colcon.colcon_core.verb:set package 'ros_gz_crazyflie_gazebo' build argument 'cmake_args' from command line to '['-DBUILD_TESTING=ON']'
[0.235s] Level 5:colcon.colcon_core.verb:set package 'ros_gz_crazyflie_gazebo' build argument 'cmake_target' from command line to 'None'
[0.235s] Level 5:colcon.colcon_core.verb:set package 'ros_gz_crazyflie_gazebo' build argument 'cmake_target_skip_unavailable' from command line to 'False'
[0.235s] Level 5:colcon.colcon_core.verb:set package 'ros_gz_crazyflie_gazebo' build argument 'cmake_clean_cache' from command line to 'False'
[0.235s] Level 5:colcon.colcon_core.verb:set package 'ros_gz_crazyflie_gazebo' build argument 'cmake_clean_first' from command line to 'False'
[0.235s] Level 5:colcon.colcon_core.verb:set package 'ros_gz_crazyflie_gazebo' build argument 'cmake_force_configure' from command line to 'False'
[0.235s] Level 5:colcon.colcon_core.verb:set package 'ros_gz_crazyflie_gazebo' build argument 'ament_cmake_args' from command line to 'None'
[0.235s] Level 5:colcon.colcon_core.verb:set package 'ros_gz_crazyflie_gazebo' build argument 'catkin_cmake_args' from command line to 'None'
[0.235s] Level 5:colcon.colcon_core.verb:set package 'ros_gz_crazyflie_gazebo' build argument 'catkin_skip_building_tests' from command line to 'False'
[0.235s] DEBUG:colcon.colcon_core.verb:Building package 'ros_gz_crazyflie_gazebo' with the following arguments: {'ament_cmake_args': None, 'build_base': '/home/raghav/crazyflie_mapping_demo/ros2_ws/build/ros_gz_crazyflie_gazebo', 'catkin_cmake_args': None, 'catkin_skip_building_tests': False, 'cmake_args': ['-DBUILD_TESTING=ON'], 'cmake_clean_cache': False, 'cmake_clean_first': False, 'cmake_force_configure': False, 'cmake_target': None, 'cmake_target_skip_unavailable': False, 'install_base': '/home/raghav/crazyflie_mapping_demo/ros2_ws/install/ros_gz_crazyflie_gazebo', 'merge_install': False, 'path': '/home/raghav/crazyflie_mapping_demo/ros2_ws/src/ros_gz_crazyflie/ros_gz_crazyflie_gazebo', 'symlink_install': False, 'test_result_base': None}
[0.235s] Level 5:colcon.colcon_core.verb:set package 'crazyflie' build argument 'cmake_args' from command line to '['-DBUILD_TESTING=ON']'
[0.235s] Level 5:colcon.colcon_core.verb:set package 'crazyflie' build argument 'cmake_target' from command line to 'None'
[0.235s] Level 5:colcon.colcon_core.verb:set package 'crazyflie' build argument 'cmake_target_skip_unavailable' from command line to 'False'
[0.235s] Level 5:colcon.colcon_core.verb:set package 'crazyflie' build argument 'cmake_clean_cache' from command line to 'False'
[0.235s] Level 5:colcon.colcon_core.verb:set package 'crazyflie' build argument 'cmake_clean_first' from command line to 'False'
[0.235s] Level 5:colcon.colcon_core.verb:set package 'crazyflie' build argument 'cmake_force_configure' from command line to 'False'
[0.235s] Level 5:colcon.colcon_core.verb:set package 'crazyflie' build argument 'ament_cmake_args' from command line to 'None'
[0.235s] Level 5:colcon.colcon_core.verb:set package 'crazyflie' build argument 'catkin_cmake_args' from command line to 'None'
[0.235s] Level 5:colcon.colcon_core.verb:set package 'crazyflie' build argument 'catkin_skip_building_tests' from command line to 'False'
[0.235s] DEBUG:colcon.colcon_core.verb:Building package 'crazyflie' with the following arguments: {'ament_cmake_args': None, 'build_base': '/home/raghav/crazyflie_mapping_demo/ros2_ws/build/crazyflie', 'catkin_cmake_args': None, 'catkin_skip_building_tests': False, 'cmake_args': ['-DBUILD_TESTING=ON'], 'cmake_clean_cache': False, 'cmake_clean_first': False, 'cmake_force_configure': False, 'cmake_target': None, 'cmake_target_skip_unavailable': False, 'install_base': '/home/raghav/crazyflie_mapping_demo/ros2_ws/install/crazyflie', 'merge_install': False, 'path': '/home/raghav/crazyflie_mapping_demo/ros2_ws/src/crazyswarm2/crazyflie', 'symlink_install': False, 'test_result_base': None}
[0.235s] Level 5:colcon.colcon_core.verb:set package 'crazyflie_py' build argument 'cmake_args' from command line to '['-DBUILD_TESTING=ON']'
[0.235s] Level 5:colcon.colcon_core.verb:set package 'crazyflie_py' build argument 'cmake_target' from command line to 'None'
[0.235s] Level 5:colcon.colcon_core.verb:set package 'crazyflie_py' build argument 'cmake_target_skip_unavailable' from command line to 'False'
[0.235s] Level 5:colcon.colcon_core.verb:set package 'crazyflie_py' build argument 'cmake_clean_cache' from command line to 'False'
[0.235s] Level 5:colcon.colcon_core.verb:set package 'crazyflie_py' build argument 'cmake_clean_first' from command line to 'False'
[0.235s] Level 5:colcon.colcon_core.verb:set package 'crazyflie_py' build argument 'cmake_force_configure' from command line to 'False'
[0.235s] Level 5:colcon.colcon_core.verb:set package 'crazyflie_py' build argument 'ament_cmake_args' from command line to 'None'
[0.235s] Level 5:colcon.colcon_core.verb:set package 'crazyflie_py' build argument 'catkin_cmake_args' from command line to 'None'
[0.235s] Level 5:colcon.colcon_core.verb:set package 'crazyflie_py' build argument 'catkin_skip_building_tests' from command line to 'False'
[0.235s] DEBUG:colcon.colcon_core.verb:Building package 'crazyflie_py' with the following arguments: {'ament_cmake_args': None, 'build_base': '/home/raghav/crazyflie_mapping_demo/ros2_ws/build/crazyflie_py', 'catkin_cmake_args': None, 'catkin_skip_building_tests': False, 'cmake_args': ['-DBUILD_TESTING=ON'], 'cmake_clean_cache': False, 'cmake_clean_first': False, 'cmake_force_configure': False, 'cmake_target': None, 'cmake_target_skip_unavailable': False, 'install_base': '/home/raghav/crazyflie_mapping_demo/ros2_ws/install/crazyflie_py', 'merge_install': False, 'path': '/home/raghav/crazyflie_mapping_demo/ros2_ws/src/crazyswarm2/crazyflie_py', 'symlink_install': False, 'test_result_base': None}
[0.236s] Level 5:colcon.colcon_core.verb:set package 'crazyflie_sim' build argument 'cmake_args' from command line to '['-DBUILD_TESTING=ON']'
[0.236s] Level 5:colcon.colcon_core.verb:set package 'crazyflie_sim' build argument 'cmake_target' from command line to 'None'
[0.236s] Level 5:colcon.colcon_core.verb:set package 'crazyflie_sim' build argument 'cmake_target_skip_unavailable' from command line to 'False'
[0.236s] Level 5:colcon.colcon_core.verb:set package 'crazyflie_sim' build argument 'cmake_clean_cache' from command line to 'False'
[0.236s] Level 5:colcon.colcon_core.verb:set package 'crazyflie_sim' build argument 'cmake_clean_first' from command line to 'False'
[0.236s] Level 5:colcon.colcon_core.verb:set package 'crazyflie_sim' build argument 'cmake_force_configure' from command line to 'False'
[0.236s] Level 5:colcon.colcon_core.verb:set package 'crazyflie_sim' build argument 'ament_cmake_args' from command line to 'None'
[0.236s] Level 5:colcon.colcon_core.verb:set package 'crazyflie_sim' build argument 'catkin_cmake_args' from command line to 'None'
[0.236s] Level 5:colcon.colcon_core.verb:set package 'crazyflie_sim' build argument 'catkin_skip_building_tests' from command line to 'False'
[0.236s] DEBUG:colcon.colcon_core.verb:Building package 'crazyflie_sim' with the following arguments: {'ament_cmake_args': None, 'build_base': '/home/raghav/crazyflie_mapping_demo/ros2_ws/build/crazyflie_sim', 'catkin_cmake_args': None, 'catkin_skip_building_tests': False, 'cmake_args': ['-DBUILD_TESTING=ON'], 'cmake_clean_cache': False, 'cmake_clean_first': False, 'cmake_force_configure': False, 'cmake_target': None, 'cmake_target_skip_unavailable': False, 'install_base': '/home/raghav/crazyflie_mapping_demo/ros2_ws/install/crazyflie_sim', 'merge_install': False, 'path': '/home/raghav/crazyflie_mapping_demo/ros2_ws/src/crazyswarm2/crazyflie_sim', 'symlink_install': False, 'test_result_base': None}
[0.236s] Level 5:colcon.colcon_core.verb:set package 'ros_gz_crazyflie_bringup' build argument 'cmake_args' from command line to '['-DBUILD_TESTING=ON']'
[0.236s] Level 5:colcon.colcon_core.verb:set package 'ros_gz_crazyflie_bringup' build argument 'cmake_target' from command line to 'None'
[0.236s] Level 5:colcon.colcon_core.verb:set package 'ros_gz_crazyflie_bringup' build argument 'cmake_target_skip_unavailable' from command line to 'False'
[0.236s] Level 5:colcon.colcon_core.verb:set package 'ros_gz_crazyflie_bringup' build argument 'cmake_clean_cache' from command line to 'False'
[0.236s] Level 5:colcon.colcon_core.verb:set package 'ros_gz_crazyflie_bringup' build argument 'cmake_clean_first' from command line to 'False'
[0.236s] Level 5:colcon.colcon_core.verb:set package 'ros_gz_crazyflie_bringup' build argument 'cmake_force_configure' from command line to 'False'
[0.236s] Level 5:colcon.colcon_core.verb:set package 'ros_gz_crazyflie_bringup' build argument 'ament_cmake_args' from command line to 'None'
[0.236s] Level 5:colcon.colcon_core.verb:set package 'ros_gz_crazyflie_bringup' build argument 'catkin_cmake_args' from command line to 'None'
[0.236s] Level 5:colcon.colcon_core.verb:set package 'ros_gz_crazyflie_bringup' build argument 'catkin_skip_building_tests' from command line to 'False'
[0.236s] DEBUG:colcon.colcon_core.verb:Building package 'ros_gz_crazyflie_bringup' with the following arguments: {'ament_cmake_args': None, 'build_base': '/home/raghav/crazyflie_mapping_demo/ros2_ws/build/ros_gz_crazyflie_bringup', 'catkin_cmake_args': None, 'catkin_skip_building_tests': False, 'cmake_args': ['-DBUILD_TESTING=ON'], 'cmake_clean_cache': False, 'cmake_clean_first': False, 'cmake_force_configure': False, 'cmake_target': None, 'cmake_target_skip_unavailable': False, 'install_base': '/home/raghav/crazyflie_mapping_demo/ros2_ws/install/ros_gz_crazyflie_bringup', 'merge_install': False, 'path': '/home/raghav/crazyflie_mapping_demo/ros2_ws/src/ros_gz_crazyflie/ros_gz_crazyflie_bringup', 'symlink_install': False, 'test_result_base': None}
[0.236s] Level 5:colcon.colcon_core.verb:set package 'crazyflie_examples' build argument 'cmake_args' from command line to '['-DBUILD_TESTING=ON']'
[0.236s] Level 5:colcon.colcon_core.verb:set package 'crazyflie_examples' build argument 'cmake_target' from command line to 'None'
[0.236s] Level 5:colcon.colcon_core.verb:set package 'crazyflie_examples' build argument 'cmake_target_skip_unavailable' from command line to 'False'
[0.236s] Level 5:colcon.colcon_core.verb:set package 'crazyflie_examples' build argument 'cmake_clean_cache' from command line to 'False'
[0.236s] Level 5:colcon.colcon_core.verb:set package 'crazyflie_examples' build argument 'cmake_clean_first' from command line to 'False'
[0.236s] Level 5:colcon.colcon_core.verb:set package 'crazyflie_examples' build argument 'cmake_force_configure' from command line to 'False'
[0.236s] Level 5:colcon.colcon_core.verb:set package 'crazyflie_examples' build argument 'ament_cmake_args' from command line to 'None'
[0.236s] Level 5:colcon.colcon_core.verb:set package 'crazyflie_examples' build argument 'catkin_cmake_args' from command line to 'None'
[0.236s] Level 5:colcon.colcon_core.verb:set package 'crazyflie_examples' build argument 'catkin_skip_building_tests' from command line to 'False'
[0.236s] DEBUG:colcon.colcon_core.verb:Building package 'crazyflie_examples' with the following arguments: {'ament_cmake_args': None, 'build_base': '/home/raghav/crazyflie_mapping_demo/ros2_ws/build/crazyflie_examples', 'catkin_cmake_args': None, 'catkin_skip_building_tests': False, 'cmake_args': ['-DBUILD_TESTING=ON'], 'cmake_clean_cache': False, 'cmake_clean_first': False, 'cmake_force_configure': False, 'cmake_target': None, 'cmake_target_skip_unavailable': False, 'install_base': '/home/raghav/crazyflie_mapping_demo/ros2_ws/install/crazyflie_examples', 'merge_install': False, 'path': '/home/raghav/crazyflie_mapping_demo/ros2_ws/src/crazyswarm2/crazyflie_examples', 'symlink_install': False, 'test_result_base': None}
[0.237s] Level 5:colcon.colcon_core.verb:set package 'crazyflie_ros2_multiranger_bringup' build argument 'cmake_args' from command line to '['-DBUILD_TESTING=ON']'
[0.237s] Level 5:colcon.colcon_core.verb:set package 'crazyflie_ros2_multiranger_bringup' build argument 'cmake_target' from command line to 'None'
[0.237s] Level 5:colcon.colcon_core.verb:set package 'crazyflie_ros2_multiranger_bringup' build argument 'cmake_target_skip_unavailable' from command line to 'False'
[0.237s] Level 5:colcon.colcon_core.verb:set package 'crazyflie_ros2_multiranger_bringup' build argument 'cmake_clean_cache' from command line to 'False'
[0.237s] Level 5:colcon.colcon_core.verb:set package 'crazyflie_ros2_multiranger_bringup' build argument 'cmake_clean_first' from command line to 'False'
[0.237s] Level 5:colcon.colcon_core.verb:set package 'crazyflie_ros2_multiranger_bringup' build argument 'cmake_force_configure' from command line to 'False'
[0.237s] Level 5:colcon.colcon_core.verb:set package 'crazyflie_ros2_multiranger_bringup' build argument 'ament_cmake_args' from command line to 'None'
[0.237s] Level 5:colcon.colcon_core.verb:set package 'crazyflie_ros2_multiranger_bringup' build argument 'catkin_cmake_args' from command line to 'None'
[0.237s] Level 5:colcon.colcon_core.verb:set package 'crazyflie_ros2_multiranger_bringup' build argument 'catkin_skip_building_tests' from command line to 'False'
[0.237s] DEBUG:colcon.colcon_core.verb:Building package 'crazyflie_ros2_multiranger_bringup' with the following arguments: {'ament_cmake_args': None, 'build_base': '/home/raghav/crazyflie_mapping_demo/ros2_ws/build/crazyflie_ros2_multiranger_bringup', 'catkin_cmake_args': None, 'catkin_skip_building_tests': False, 'cmake_args': ['-DBUILD_TESTING=ON'], 'cmake_clean_cache': False, 'cmake_clean_first': False, 'cmake_force_configure': False, 'cmake_target': None, 'cmake_target_skip_unavailable': False, 'install_base': '/home/raghav/crazyflie_mapping_demo/ros2_ws/install/crazyflie_ros2_multiranger_bringup', 'merge_install': False, 'path': '/home/raghav/crazyflie_mapping_demo/ros2_ws/src/crazyflie_ros2_multiranger/crazyflie_ros2_multiranger_bringup', 'symlink_install': False, 'test_result_base': None}
[0.237s] INFO:colcon.colcon_core.executor:Executing jobs using 'parallel' executor
[0.238s] DEBUG:colcon.colcon_parallel_executor.executor.parallel:run_until_complete
[0.238s] INFO:colcon.colcon_ros.task.ament_cmake.build:Building ROS package in '/home/raghav/crazyflie_mapping_demo/ros2_ws/src/crazyswarm2/crazyflie_interfaces' with build type 'ament_cmake'
[0.238s] INFO:colcon.colcon_cmake.task.cmake.build:Building CMake package in '/home/raghav/crazyflie_mapping_demo/ros2_ws/src/crazyswarm2/crazyflie_interfaces'
[0.239s] INFO:colcon.colcon_core.plugin_system:Skipping extension 'colcon_core.shell.bat': Not used on non-Windows systems
[0.240s] INFO:colcon.colcon_core.shell:Skip shell extension 'powershell' for command environment: Not usable outside of PowerShell
[0.240s] DEBUG:colcon.colcon_core.shell:Skip shell extension 'dsv' for command environment
[0.242s] INFO:colcon.colcon_ros.task.ament_cmake.build:Building ROS package in '/home/raghav/crazyflie_mapping_demo/ros2_ws/src/ros_gz_crazyflie/ros_gz_crazyflie_gazebo' with build type 'ament_cmake'
[0.242s] INFO:colcon.colcon_cmake.task.cmake.build:Building CMake package in '/home/raghav/crazyflie_mapping_demo/ros2_ws/src/ros_gz_crazyflie/ros_gz_crazyflie_gazebo'
[0.242s] INFO:colcon.colcon_core.shell:Skip shell extension 'powershell' for command environment: Not usable outside of PowerShell
[0.242s] DEBUG:colcon.colcon_core.shell:Skip shell extension 'dsv' for command environment
[0.244s] INFO:colcon.colcon_ros.task.ament_python.build:Building ROS package in '/home/raghav/crazyflie_mapping_demo/ros2_ws/src/crazyflie_ros2_multiranger/crazyflie_ros2_multiranger_simple_mapper' with build type 'ament_python'
[0.245s] Level 1:colcon.colcon_core.shell:create_environment_hook('crazyflie_ros2_multiranger_simple_mapper', 'ament_prefix_path')
[0.245s] INFO:colcon.colcon_core.shell:Creating environment hook '/home/raghav/crazyflie_mapping_demo/ros2_ws/install/crazyflie_ros2_multiranger_simple_mapper/share/crazyflie_ros2_multiranger_simple_mapper/hook/ament_prefix_path.ps1'
[0.245s] INFO:colcon.colcon_core.shell:Creating environment descriptor '/home/raghav/crazyflie_mapping_demo/ros2_ws/install/crazyflie_ros2_multiranger_simple_mapper/share/crazyflie_ros2_multiranger_simple_mapper/hook/ament_prefix_path.dsv'
[0.245s] INFO:colcon.colcon_core.shell:Creating environment hook '/home/raghav/crazyflie_mapping_demo/ros2_ws/install/crazyflie_ros2_multiranger_simple_mapper/share/crazyflie_ros2_multiranger_simple_mapper/hook/ament_prefix_path.sh'
[0.246s] INFO:colcon.colcon_core.shell:Skip shell extension 'powershell' for command environment: Not usable outside of PowerShell
[0.246s] DEBUG:colcon.colcon_core.shell:Skip shell extension 'dsv' for command environment
[0.248s] INFO:colcon.colcon_ros.task.ament_python.build:Building ROS package in '/home/raghav/crazyflie_mapping_demo/ros2_ws/src/crazyflie_ros2_multiranger/crazyflie_ros2_multiranger_wall_following' with build type 'ament_python'
[0.248s] Level 1:colcon.colcon_core.shell:create_environment_hook('crazyflie_ros2_multiranger_wall_following', 'ament_prefix_path')
[0.248s] INFO:colcon.colcon_core.shell:Creating environment hook '/home/raghav/crazyflie_mapping_demo/ros2_ws/install/crazyflie_ros2_multiranger_wall_following/share/crazyflie_ros2_multiranger_wall_following/hook/ament_prefix_path.ps1'
[0.248s] INFO:colcon.colcon_core.shell:Creating environment descriptor '/home/raghav/crazyflie_mapping_demo/ros2_ws/install/crazyflie_ros2_multiranger_wall_following/share/crazyflie_ros2_multiranger_wall_following/hook/ament_prefix_path.dsv'
[0.249s] INFO:colcon.colcon_core.shell:Creating environment hook '/home/raghav/crazyflie_mapping_demo/ros2_ws/install/crazyflie_ros2_multiranger_wall_following/share/crazyflie_ros2_multiranger_wall_following/hook/ament_prefix_path.sh'
[0.249s] INFO:colcon.colcon_core.shell:Skip shell extension 'powershell' for command environment: Not usable outside of PowerShell
[0.249s] DEBUG:colcon.colcon_core.shell:Skip shell extension 'dsv' for command environment
[0.251s] INFO:colcon.colcon_ros.task.ament_python.build:Building ROS package in '/home/raghav/crazyflie_mapping_demo/ros2_ws/src/ros_gz_crazyflie/ros_gz_crazyflie_control' with build type 'ament_python'
[0.251s] Level 1:colcon.colcon_core.shell:create_environment_hook('ros_gz_crazyflie_control', 'ament_prefix_path')
[0.251s] INFO:colcon.colcon_core.shell:Creating environment hook '/home/raghav/crazyflie_mapping_demo/ros2_ws/install/ros_gz_crazyflie_control/share/ros_gz_crazyflie_control/hook/ament_prefix_path.ps1'
[0.251s] INFO:colcon.colcon_core.shell:Creating environment descriptor '/home/raghav/crazyflie_mapping_demo/ros2_ws/install/ros_gz_crazyflie_control/share/ros_gz_crazyflie_control/hook/ament_prefix_path.dsv'
[0.252s] INFO:colcon.colcon_core.shell:Creating environment hook '/home/raghav/crazyflie_mapping_demo/ros2_ws/install/ros_gz_crazyflie_control/share/ros_gz_crazyflie_control/hook/ament_prefix_path.sh'
[0.252s] INFO:colcon.colcon_core.shell:Skip shell extension 'powershell' for command environment: Not usable outside of PowerShell
[0.252s] DEBUG:colcon.colcon_core.shell:Skip shell extension 'dsv' for command environment
[0.258s] DEBUG:colcon.colcon_core.event_handler.log_command:Invoking command in '/home/raghav/crazyflie_mapping_demo/ros2_ws/build/crazyflie_interfaces': CMAKE_PREFIX_PATH=${CMAKE_PREFIX_PATH}:/home/raghav/crazyflie_mapping_demo/ros2_ws/install/ros_gz_crazyflie_control:/home/raghav/crazyflie_mapping_demo/ros2_ws/install/crazyflie_ros2_multiranger_wall_following:/home/raghav/crazyflie_mapping_demo/ros2_ws/install/crazyflie_ros2_multiranger_simple_mapper:/home/raghav/crazyflie_mapping_demo/ros2_ws/install/crazyflie_py:/opt/ros/humble /usr/bin/cmake --build /home/raghav/crazyflie_mapping_demo/ros2_ws/build/crazyflie_interfaces -- -j20 -l20
[0.260s] DEBUG:colcon.colcon_core.event_handler.log_command:Invoking command in '/home/raghav/crazyflie_mapping_demo/ros2_ws/build/ros_gz_crazyflie_gazebo': CMAKE_PREFIX_PATH=${CMAKE_PREFIX_PATH}:/home/raghav/crazyflie_mapping_demo/ros2_ws/install/ros_gz_crazyflie_control:/home/raghav/crazyflie_mapping_demo/ros2_ws/install/crazyflie_ros2_multiranger_wall_following:/home/raghav/crazyflie_mapping_demo/ros2_ws/install/crazyflie_ros2_multiranger_simple_mapper:/home/raghav/crazyflie_mapping_demo/ros2_ws/install/crazyflie_py:/opt/ros/humble /usr/bin/cmake --build /home/raghav/crazyflie_mapping_demo/ros2_ws/build/ros_gz_crazyflie_gazebo -- -j20 -l20
[0.421s] INFO:colcon.colcon_core.task.python.build:Building Python package in '/home/raghav/crazyflie_mapping_demo/ros2_ws/src/crazyflie_ros2_multiranger/crazyflie_ros2_multiranger_simple_mapper'
[0.422s] INFO:colcon.colcon_core.shell:Skip shell extension 'powershell' for command environment: Not usable outside of PowerShell
[0.422s] DEBUG:colcon.colcon_core.shell:Skip shell extension 'dsv' for command environment
[0.579s] INFO:colcon.colcon_core.task.python.build:Building Python package in '/home/raghav/crazyflie_mapping_demo/ros2_ws/src/crazyflie_ros2_multiranger/crazyflie_ros2_multiranger_wall_following'
[0.579s] INFO:colcon.colcon_core.shell:Skip shell extension 'powershell' for command environment: Not usable outside of PowerShell
[0.579s] DEBUG:colcon.colcon_core.shell:Skip shell extension 'dsv' for command environment
[0.587s] DEBUG:colcon.colcon_core.event_handler.log_command:Invoked command in '/home/raghav/crazyflie_mapping_demo/ros2_ws/build/ros_gz_crazyflie_gazebo' returned '0': CMAKE_PREFIX_PATH=${CMAKE_PREFIX_PATH}:/home/raghav/crazyflie_mapping_demo/ros2_ws/install/ros_gz_crazyflie_control:/home/raghav/crazyflie_mapping_demo/ros2_ws/install/crazyflie_ros2_multiranger_wall_following:/home/raghav/crazyflie_mapping_demo/ros2_ws/install/crazyflie_ros2_multiranger_simple_mapper:/home/raghav/crazyflie_mapping_demo/ros2_ws/install/crazyflie_py:/opt/ros/humble /usr/bin/cmake --build /home/raghav/crazyflie_mapping_demo/ros2_ws/build/ros_gz_crazyflie_gazebo -- -j20 -l20
[0.598s] DEBUG:colcon.colcon_core.event_handler.log_command:Invoking command in '/home/raghav/crazyflie_mapping_demo/ros2_ws/build/ros_gz_crazyflie_gazebo': CMAKE_PREFIX_PATH=${CMAKE_PREFIX_PATH}:/home/raghav/crazyflie_mapping_demo/ros2_ws/install/ros_gz_crazyflie_control:/home/raghav/crazyflie_mapping_demo/ros2_ws/install/crazyflie_ros2_multiranger_wall_following:/home/raghav/crazyflie_mapping_demo/ros2_ws/install/crazyflie_ros2_multiranger_simple_mapper:/home/raghav/crazyflie_mapping_demo/ros2_ws/install/crazyflie_py:/opt/ros/humble /usr/bin/cmake --install /home/raghav/crazyflie_mapping_demo/ros2_ws/build/ros_gz_crazyflie_gazebo
[0.766s] INFO:colcon.colcon_core.task.python.build:Building Python package in '/home/raghav/crazyflie_mapping_demo/ros2_ws/src/ros_gz_crazyflie/ros_gz_crazyflie_control'
[0.766s] INFO:colcon.colcon_core.shell:Skip shell extension 'powershell' for command environment: Not usable outside of PowerShell
[0.766s] DEBUG:colcon.colcon_core.shell:Skip shell extension 'dsv' for command environment
[0.769s] DEBUG:colcon.colcon_core.event_handler.log_command:Invoked command in '/home/raghav/crazyflie_mapping_demo/ros2_ws/build/crazyflie_interfaces' returned '0': CMAKE_PREFIX_PATH=${CMAKE_PREFIX_PATH}:/home/raghav/crazyflie_mapping_demo/ros2_ws/install/ros_gz_crazyflie_control:/home/raghav/crazyflie_mapping_demo/ros2_ws/install/crazyflie_ros2_multiranger_wall_following:/home/raghav/crazyflie_mapping_demo/ros2_ws/install/crazyflie_ros2_multiranger_simple_mapper:/home/raghav/crazyflie_mapping_demo/ros2_ws/install/crazyflie_py:/opt/ros/humble /usr/bin/cmake --build /home/raghav/crazyflie_mapping_demo/ros2_ws/build/crazyflie_interfaces -- -j20 -l20
[0.770s] DEBUG:colcon.colcon_core.event_handler.log_command:Invoking command in '/home/raghav/crazyflie_mapping_demo/ros2_ws/build/crazyflie_interfaces': CMAKE_PREFIX_PATH=${CMAKE_PREFIX_PATH}:/home/raghav/crazyflie_mapping_demo/ros2_ws/install/ros_gz_crazyflie_control:/home/raghav/crazyflie_mapping_demo/ros2_ws/install/crazyflie_ros2_multiranger_wall_following:/home/raghav/crazyflie_mapping_demo/ros2_ws/install/crazyflie_ros2_multiranger_simple_mapper:/home/raghav/crazyflie_mapping_demo/ros2_ws/install/crazyflie_py:/opt/ros/humble /usr/bin/cmake --install /home/raghav/crazyflie_mapping_demo/ros2_ws/build/crazyflie_interfaces
[0.776s] Level 1:colcon.colcon_core.environment:create_environment_scripts_only(ros_gz_crazyflie_gazebo)
[0.777s] DEBUG:colcon.colcon_core.event_handler.log_command:Invoked command in '/home/raghav/crazyflie_mapping_demo/ros2_ws/build/ros_gz_crazyflie_gazebo' returned '0': CMAKE_PREFIX_PATH=${CMAKE_PREFIX_PATH}:/home/raghav/crazyflie_mapping_demo/ros2_ws/install/ros_gz_crazyflie_control:/home/raghav/crazyflie_mapping_demo/ros2_ws/install/crazyflie_ros2_multiranger_wall_following:/home/raghav/crazyflie_mapping_demo/ros2_ws/install/crazyflie_ros2_multiranger_simple_mapper:/home/raghav/crazyflie_mapping_demo/ros2_ws/install/crazyflie_py:/opt/ros/humble /usr/bin/cmake --install /home/raghav/crazyflie_mapping_demo/ros2_ws/build/ros_gz_crazyflie_gazebo
[0.780s] Level 1:colcon.colcon_core.environment:checking '/home/raghav/crazyflie_mapping_demo/ros2_ws/install/ros_gz_crazyflie_gazebo' for CMake module files
[0.781s] Level 1:colcon.colcon_core.environment:checking '/home/raghav/crazyflie_mapping_demo/ros2_ws/install/ros_gz_crazyflie_gazebo' for CMake config files
[0.782s] Level 1:colcon.colcon_core.shell:create_environment_hook('ros_gz_crazyflie_gazebo', 'cmake_prefix_path')
[0.782s] INFO:colcon.colcon_core.shell:Creating environment hook '/home/raghav/crazyflie_mapping_demo/ros2_ws/install/ros_gz_crazyflie_gazebo/share/ros_gz_crazyflie_gazebo/hook/cmake_prefix_path.ps1'
[0.782s] INFO:colcon.colcon_core.shell:Creating environment descriptor '/home/raghav/crazyflie_mapping_demo/ros2_ws/install/ros_gz_crazyflie_gazebo/share/ros_gz_crazyflie_gazebo/hook/cmake_prefix_path.dsv'
[0.783s] INFO:colcon.colcon_core.shell:Creating environment hook '/home/raghav/crazyflie_mapping_demo/ros2_ws/install/ros_gz_crazyflie_gazebo/share/ros_gz_crazyflie_gazebo/hook/cmake_prefix_path.sh'
[0.783s] Level 1:colcon.colcon_core.environment:checking '/home/raghav/crazyflie_mapping_demo/ros2_ws/install/ros_gz_crazyflie_gazebo/bin'
[0.784s] Level 1:colcon.colcon_core.environment:checking '/home/raghav/crazyflie_mapping_demo/ros2_ws/install/ros_gz_crazyflie_gazebo/lib/pkgconfig/ros_gz_crazyflie_gazebo.pc'
[0.784s] Level 1:colcon.colcon_core.environment:checking '/home/raghav/crazyflie_mapping_demo/ros2_ws/install/ros_gz_crazyflie_gazebo/lib/python3.10/site-packages'
[0.784s] Level 1:colcon.colcon_core.environment:checking '/home/raghav/crazyflie_mapping_demo/ros2_ws/install/ros_gz_crazyflie_gazebo/bin'
[0.784s] INFO:colcon.colcon_core.shell:Creating package script '/home/raghav/crazyflie_mapping_demo/ros2_ws/install/ros_gz_crazyflie_gazebo/share/ros_gz_crazyflie_gazebo/package.ps1'
[0.786s] INFO:colcon.colcon_core.shell:Creating package descriptor '/home/raghav/crazyflie_mapping_demo/ros2_ws/install/ros_gz_crazyflie_gazebo/share/ros_gz_crazyflie_gazebo/package.dsv'
[0.788s] INFO:colcon.colcon_core.shell:Creating package script '/home/raghav/crazyflie_mapping_demo/ros2_ws/install/ros_gz_crazyflie_gazebo/share/ros_gz_crazyflie_gazebo/package.sh'
[0.790s] INFO:colcon.colcon_core.shell:Creating package script '/home/raghav/crazyflie_mapping_demo/ros2_ws/install/ros_gz_crazyflie_gazebo/share/ros_gz_crazyflie_gazebo/package.bash'
[0.795s] INFO:colcon.colcon_core.shell:Creating package script '/home/raghav/crazyflie_mapping_demo/ros2_ws/install/ros_gz_crazyflie_gazebo/share/ros_gz_crazyflie_gazebo/package.zsh'
[0.796s] Level 1:colcon.colcon_core.environment:create_file_with_runtime_dependencies(/home/raghav/crazyflie_mapping_demo/ros2_ws/install/ros_gz_crazyflie_gazebo/share/colcon-core/packages/ros_gz_crazyflie_gazebo)
[0.797s] Level 1:colcon.colcon_core.environment:create_environment_scripts_only(ros_gz_crazyflie_gazebo)
[0.797s] Level 1:colcon.colcon_core.environment:checking '/home/raghav/crazyflie_mapping_demo/ros2_ws/install/ros_gz_crazyflie_gazebo' for CMake module files
[0.798s] Level 1:colcon.colcon_core.environment:checking '/home/raghav/crazyflie_mapping_demo/ros2_ws/install/ros_gz_crazyflie_gazebo' for CMake config files
[0.798s] Level 1:colcon.colcon_core.shell:create_environment_hook('ros_gz_crazyflie_gazebo', 'cmake_prefix_path')
[0.799s] INFO:colcon.colcon_core.shell:Creating environment hook '/home/raghav/crazyflie_mapping_demo/ros2_ws/install/ros_gz_crazyflie_gazebo/share/ros_gz_crazyflie_gazebo/hook/cmake_prefix_path.ps1'
[0.799s] INFO:colcon.colcon_core.shell:Creating environment descriptor '/home/raghav/crazyflie_mapping_demo/ros2_ws/install/ros_gz_crazyflie_gazebo/share/ros_gz_crazyflie_gazebo/hook/cmake_prefix_path.dsv'
[0.799s] INFO:colcon.colcon_core.shell:Creating environment hook '/home/raghav/crazyflie_mapping_demo/ros2_ws/install/ros_gz_crazyflie_gazebo/share/ros_gz_crazyflie_gazebo/hook/cmake_prefix_path.sh'
[0.800s] Level 1:colcon.colcon_core.environment:checking '/home/raghav/crazyflie_mapping_demo/ros2_ws/install/ros_gz_crazyflie_gazebo/bin'
[0.800s] Level 1:colcon.colcon_core.environment:checking '/home/raghav/crazyflie_mapping_demo/ros2_ws/install/ros_gz_crazyflie_gazebo/lib/pkgconfig/ros_gz_crazyflie_gazebo.pc'
[0.800s] Level 1:colcon.colcon_core.environment:checking '/home/raghav/crazyflie_mapping_demo/ros2_ws/install/ros_gz_crazyflie_gazebo/lib/python3.10/site-packages'
[0.801s] Level 1:colcon.colcon_core.environment:checking '/home/raghav/crazyflie_mapping_demo/ros2_ws/install/ros_gz_crazyflie_gazebo/bin'
[0.801s] INFO:colcon.colcon_core.shell:Creating package script '/home/raghav/crazyflie_mapping_demo/ros2_ws/install/ros_gz_crazyflie_gazebo/share/ros_gz_crazyflie_gazebo/package.ps1'
[0.801s] INFO:colcon.colcon_core.shell:Creating package descriptor '/home/raghav/crazyflie_mapping_demo/ros2_ws/install/ros_gz_crazyflie_gazebo/share/ros_gz_crazyflie_gazebo/package.dsv'
[0.802s] INFO:colcon.colcon_core.shell:Creating package script '/home/raghav/crazyflie_mapping_demo/ros2_ws/install/ros_gz_crazyflie_gazebo/share/ros_gz_crazyflie_gazebo/package.sh'
[0.802s] INFO:colcon.colcon_core.shell:Creating package script '/home/raghav/crazyflie_mapping_demo/ros2_ws/install/ros_gz_crazyflie_gazebo/share/ros_gz_crazyflie_gazebo/package.bash'
[0.803s] INFO:colcon.colcon_core.shell:Creating package script '/home/raghav/crazyflie_mapping_demo/ros2_ws/install/ros_gz_crazyflie_gazebo/share/ros_gz_crazyflie_gazebo/package.zsh'
[0.803s] Level 1:colcon.colcon_core.environment:create_file_with_runtime_dependencies(/home/raghav/crazyflie_mapping_demo/ros2_ws/install/ros_gz_crazyflie_gazebo/share/colcon-core/packages/ros_gz_crazyflie_gazebo)
[0.805s] INFO:colcon.colcon_ros.task.ament_cmake.build:Building ROS package in '/home/raghav/crazyflie_mapping_demo/ros2_ws/src/ros_gz_crazyflie/ros_gz_crazyflie_bringup' with build type 'ament_cmake'
[0.805s] INFO:colcon.colcon_cmake.task.cmake.build:Building CMake package in '/home/raghav/crazyflie_mapping_demo/ros2_ws/src/ros_gz_crazyflie/ros_gz_crazyflie_bringup'
[0.805s] INFO:colcon.colcon_core.shell:Skip shell extension 'powershell' for command environment: Not usable outside of PowerShell
[0.805s] DEBUG:colcon.colcon_core.shell:Skip shell extension 'dsv' for command environment
[0.822s] DEBUG:colcon.colcon_core.event_handler.log_command:Invoking command in '/home/raghav/crazyflie_mapping_demo/ros2_ws/build/ros_gz_crazyflie_bringup': CMAKE_PREFIX_PATH=/home/raghav/crazyflie_mapping_demo/ros2_ws/install/ros_gz_crazyflie_gazebo:/home/raghav/crazyflie_mapping_demo/ros2_ws/install/crazyflie_ros2_multiranger_bringup:/home/raghav/crazyflie_mapping_demo/ros2_ws/install/ros_gz_crazyflie_bringup:/home/raghav/crazyflie_mapping_demo/ros2_ws/install/crazyflie_sim:/home/raghav/crazyflie_mapping_demo/ros2_ws/install/crazyflie_examples:/home/raghav/crazyflie_mapping_demo/ros2_ws/install/crazyflie:/home/raghav/crazyflie_mapping_demo/ros2_ws/install/crazyflie_interfaces:/home/raghav/crazyflie_mapping_demo/ros2_ws/install/ros_gz_crazyflie_control:/home/raghav/crazyflie_mapping_demo/ros2_ws/install/crazyflie_ros2_multiranger_wall_following:/home/raghav/crazyflie_mapping_demo/ros2_ws/install/crazyflie_ros2_multiranger_simple_mapper:/home/raghav/crazyflie_mapping_demo/ros2_ws/install/crazyflie_py:/opt/ros/humble /usr/bin/cmake --build /home/raghav/crazyflie_mapping_demo/ros2_ws/build/ros_gz_crazyflie_bringup -- -j20 -l20
[0.855s] Level 1:colcon.colcon_core.environment:create_environment_scripts_only(crazyflie_interfaces)
[0.855s] Level 1:colcon.colcon_core.environment:checking '/home/raghav/crazyflie_mapping_demo/ros2_ws/install/crazyflie_interfaces' for CMake module files
[0.855s] DEBUG:colcon.colcon_core.event_handler.log_command:Invoked command in '/home/raghav/crazyflie_mapping_demo/ros2_ws/build/crazyflie_interfaces' returned '0': CMAKE_PREFIX_PATH=${CMAKE_PREFIX_PATH}:/home/raghav/crazyflie_mapping_demo/ros2_ws/install/ros_gz_crazyflie_control:/home/raghav/crazyflie_mapping_demo/ros2_ws/install/crazyflie_ros2_multiranger_wall_following:/home/raghav/crazyflie_mapping_demo/ros2_ws/install/crazyflie_ros2_multiranger_simple_mapper:/home/raghav/crazyflie_mapping_demo/ros2_ws/install/crazyflie_py:/opt/ros/humble /usr/bin/cmake --install /home/raghav/crazyflie_mapping_demo/ros2_ws/build/crazyflie_interfaces
[0.856s] Level 1:colcon.colcon_core.environment:checking '/home/raghav/crazyflie_mapping_demo/ros2_ws/install/crazyflie_interfaces' for CMake config files
[0.858s] Level 1:colcon.colcon_core.shell:create_environment_hook('crazyflie_interfaces', 'cmake_prefix_path')
[0.858s] INFO:colcon.colcon_core.shell:Creating environment hook '/home/raghav/crazyflie_mapping_demo/ros2_ws/install/crazyflie_interfaces/share/crazyflie_interfaces/hook/cmake_prefix_path.ps1'
[0.858s] INFO:colcon.colcon_core.shell:Creating environment descriptor '/home/raghav/crazyflie_mapping_demo/ros2_ws/install/crazyflie_interfaces/share/crazyflie_interfaces/hook/cmake_prefix_path.dsv'
[0.859s] INFO:colcon.colcon_core.shell:Creating environment hook '/home/raghav/crazyflie_mapping_demo/ros2_ws/install/crazyflie_interfaces/share/crazyflie_interfaces/hook/cmake_prefix_path.sh'
[0.859s] Level 1:colcon.colcon_core.environment:checking '/home/raghav/crazyflie_mapping_demo/ros2_ws/install/crazyflie_interfaces/lib'
[0.859s] Level 1:colcon.colcon_core.shell:create_environment_hook('crazyflie_interfaces', 'ld_library_path_lib')
[0.859s] INFO:colcon.colcon_core.shell:Creating environment hook '/home/raghav/crazyflie_mapping_demo/ros2_ws/install/crazyflie_interfaces/share/crazyflie_interfaces/hook/ld_library_path_lib.ps1'
[0.860s] INFO:colcon.colcon_core.shell:Creating environment descriptor '/home/raghav/crazyflie_mapping_demo/ros2_ws/install/crazyflie_interfaces/share/crazyflie_interfaces/hook/ld_library_path_lib.dsv'
[0.860s] INFO:colcon.colcon_core.shell:Creating environment hook '/home/raghav/crazyflie_mapping_demo/ros2_ws/install/crazyflie_interfaces/share/crazyflie_interfaces/hook/ld_library_path_lib.sh'
[0.860s] Level 1:colcon.colcon_core.environment:checking '/home/raghav/crazyflie_mapping_demo/ros2_ws/install/crazyflie_interfaces/bin'
[0.860s] Level 1:colcon.colcon_core.environment:checking '/home/raghav/crazyflie_mapping_demo/ros2_ws/install/crazyflie_interfaces/lib/pkgconfig/crazyflie_interfaces.pc'
[0.860s] Level 1:colcon.colcon_core.environment:checking '/home/raghav/crazyflie_mapping_demo/ros2_ws/install/crazyflie_interfaces/lib/python3.10/site-packages'
[0.860s] Level 1:colcon.colcon_core.environment:checking '/home/raghav/crazyflie_mapping_demo/ros2_ws/install/crazyflie_interfaces/bin'
[0.861s] INFO:colcon.colcon_core.shell:Creating package script '/home/raghav/crazyflie_mapping_demo/ros2_ws/install/crazyflie_interfaces/share/crazyflie_interfaces/package.ps1'
[0.861s] INFO:colcon.colcon_core.shell:Creating package descriptor '/home/raghav/crazyflie_mapping_demo/ros2_ws/install/crazyflie_interfaces/share/crazyflie_interfaces/package.dsv'
[0.861s] INFO:colcon.colcon_core.shell:Creating package script '/home/raghav/crazyflie_mapping_demo/ros2_ws/install/crazyflie_interfaces/share/crazyflie_interfaces/package.sh'
[0.861s] INFO:colcon.colcon_core.shell:Creating package script '/home/raghav/crazyflie_mapping_demo/ros2_ws/install/crazyflie_interfaces/share/crazyflie_interfaces/package.bash'
[0.862s] INFO:colcon.colcon_core.shell:Creating package script '/home/raghav/crazyflie_mapping_demo/ros2_ws/install/crazyflie_interfaces/share/crazyflie_interfaces/package.zsh'
[0.862s] Level 1:colcon.colcon_core.environment:create_file_with_runtime_dependencies(/home/raghav/crazyflie_mapping_demo/ros2_ws/install/crazyflie_interfaces/share/colcon-core/packages/crazyflie_interfaces)
[0.862s] Level 1:colcon.colcon_core.environment:create_environment_scripts_only(crazyflie_interfaces)
[0.862s] Level 1:colcon.colcon_core.environment:checking '/home/raghav/crazyflie_mapping_demo/ros2_ws/install/crazyflie_interfaces' for CMake module files
[0.863s] Level 1:colcon.colcon_core.environment:checking '/home/raghav/crazyflie_mapping_demo/ros2_ws/install/crazyflie_interfaces' for CMake config files
[0.864s] Level 1:colcon.colcon_core.shell:create_environment_hook('crazyflie_interfaces', 'cmake_prefix_path')
[0.864s] INFO:colcon.colcon_core.shell:Creating environment hook '/home/raghav/crazyflie_mapping_demo/ros2_ws/install/crazyflie_interfaces/share/crazyflie_interfaces/hook/cmake_prefix_path.ps1'
[0.865s] INFO:colcon.colcon_core.shell:Creating environment descriptor '/home/raghav/crazyflie_mapping_demo/ros2_ws/install/crazyflie_interfaces/share/crazyflie_interfaces/hook/cmake_prefix_path.dsv'
[0.865s] INFO:colcon.colcon_core.shell:Creating environment hook '/home/raghav/crazyflie_mapping_demo/ros2_ws/install/crazyflie_interfaces/share/crazyflie_interfaces/hook/cmake_prefix_path.sh'
[0.865s] Level 1:colcon.colcon_core.environment:checking '/home/raghav/crazyflie_mapping_demo/ros2_ws/install/crazyflie_interfaces/lib'
[0.865s] Level 1:colcon.colcon_core.shell:create_environment_hook('crazyflie_interfaces', 'ld_library_path_lib')
[0.866s] INFO:colcon.colcon_core.shell:Creating environment hook '/home/raghav/crazyflie_mapping_demo/ros2_ws/install/crazyflie_interfaces/share/crazyflie_interfaces/hook/ld_library_path_lib.ps1'
[0.866s] INFO:colcon.colcon_core.shell:Creating environment descriptor '/home/raghav/crazyflie_mapping_demo/ros2_ws/install/crazyflie_interfaces/share/crazyflie_interfaces/hook/ld_library_path_lib.dsv'
[0.866s] INFO:colcon.colcon_core.shell:Creating environment hook '/home/raghav/crazyflie_mapping_demo/ros2_ws/install/crazyflie_interfaces/share/crazyflie_interfaces/hook/ld_library_path_lib.sh'
[0.866s] Level 1:colcon.colcon_core.environment:checking '/home/raghav/crazyflie_mapping_demo/ros2_ws/install/crazyflie_interfaces/bin'
[0.866s] Level 1:colcon.colcon_core.environment:checking '/home/raghav/crazyflie_mapping_demo/ros2_ws/install/crazyflie_interfaces/lib/pkgconfig/crazyflie_interfaces.pc'
[0.866s] Level 1:colcon.colcon_core.environment:checking '/home/raghav/crazyflie_mapping_demo/ros2_ws/install/crazyflie_interfaces/lib/python3.10/site-packages'
[0.867s] Level 1:colcon.colcon_core.environment:checking '/home/raghav/crazyflie_mapping_demo/ros2_ws/install/crazyflie_interfaces/bin'
[0.867s] INFO:colcon.colcon_core.shell:Creating package script '/home/raghav/crazyflie_mapping_demo/ros2_ws/install/crazyflie_interfaces/share/crazyflie_interfaces/package.ps1'
[0.867s] INFO:colcon.colcon_core.shell:Creating package descriptor '/home/raghav/crazyflie_mapping_demo/ros2_ws/install/crazyflie_interfaces/share/crazyflie_interfaces/package.dsv'
[0.868s] INFO:colcon.colcon_core.shell:Creating package script '/home/raghav/crazyflie_mapping_demo/ros2_ws/install/crazyflie_interfaces/share/crazyflie_interfaces/package.sh'
[0.868s] INFO:colcon.colcon_core.shell:Creating package script '/home/raghav/crazyflie_mapping_demo/ros2_ws/install/crazyflie_interfaces/share/crazyflie_interfaces/package.bash'
[0.868s] INFO:colcon.colcon_core.shell:Creating package script '/home/raghav/crazyflie_mapping_demo/ros2_ws/install/crazyflie_interfaces/share/crazyflie_interfaces/package.zsh'
[0.868s] Level 1:colcon.colcon_core.environment:create_file_with_runtime_dependencies(/home/raghav/crazyflie_mapping_demo/ros2_ws/install/crazyflie_interfaces/share/colcon-core/packages/crazyflie_interfaces)
[0.869s] INFO:colcon.colcon_ros.task.ament_python.build:Building ROS package in '/home/raghav/crazyflie_mapping_demo/ros2_ws/src/crazyswarm2/crazyflie_py' with build type 'ament_python'
[0.869s] Level 1:colcon.colcon_core.shell:create_environment_hook('crazyflie_py', 'ament_prefix_path')
[0.869s] INFO:colcon.colcon_core.shell:Creating environment hook '/home/raghav/crazyflie_mapping_demo/ros2_ws/install/crazyflie_py/share/crazyflie_py/hook/ament_prefix_path.ps1'
[0.870s] INFO:colcon.colcon_core.shell:Creating environment descriptor '/home/raghav/crazyflie_mapping_demo/ros2_ws/install/crazyflie_py/share/crazyflie_py/hook/ament_prefix_path.dsv'
[0.870s] INFO:colcon.colcon_core.shell:Creating environment hook '/home/raghav/crazyflie_mapping_demo/ros2_ws/install/crazyflie_py/share/crazyflie_py/hook/ament_prefix_path.sh'
[0.870s] INFO:colcon.colcon_core.shell:Skip shell extension 'powershell' for command environment: Not usable outside of PowerShell
[0.870s] DEBUG:colcon.colcon_core.shell:Skip shell extension 'dsv' for command environment
[0.872s] INFO:colcon.colcon_ros.task.ament_cmake.build:Building ROS package in '/home/raghav/crazyflie_mapping_demo/ros2_ws/src/crazyswarm2/crazyflie' with build type 'ament_cmake'
[0.872s] INFO:colcon.colcon_cmake.task.cmake.build:Building CMake package in '/home/raghav/crazyflie_mapping_demo/ros2_ws/src/crazyswarm2/crazyflie'
[0.873s] INFO:colcon.colcon_core.shell:Skip shell extension 'powershell' for command environment: Not usable outside of PowerShell
[0.873s] DEBUG:colcon.colcon_core.shell:Skip shell extension 'dsv' for command environment
[0.875s] INFO:colcon.colcon_ros.task.ament_cmake.build:Building ROS package in '/home/raghav/crazyflie_mapping_demo/ros2_ws/src/crazyswarm2/crazyflie_sim' with build type 'ament_cmake'
[0.875s] INFO:colcon.colcon_cmake.task.cmake.build:Building CMake package in '/home/raghav/crazyflie_mapping_demo/ros2_ws/src/crazyswarm2/crazyflie_sim'
[0.876s] INFO:colcon.colcon_core.shell:Skip shell extension 'powershell' for command environment: Not usable outside of PowerShell
[0.876s] DEBUG:colcon.colcon_core.shell:Skip shell extension 'dsv' for command environment
[0.879s] DEBUG:colcon.colcon_core.event_handler.log_command:Invoked command in '/home/raghav/crazyflie_mapping_demo/ros2_ws/build/ros_gz_crazyflie_bringup' returned '0': CMAKE_PREFIX_PATH=/home/raghav/crazyflie_mapping_demo/ros2_ws/install/ros_gz_crazyflie_gazebo:/home/raghav/crazyflie_mapping_demo/ros2_ws/install/crazyflie_ros2_multiranger_bringup:/home/raghav/crazyflie_mapping_demo/ros2_ws/install/ros_gz_crazyflie_bringup:/home/raghav/crazyflie_mapping_demo/ros2_ws/install/crazyflie_sim:/home/raghav/crazyflie_mapping_demo/ros2_ws/install/crazyflie_examples:/home/raghav/crazyflie_mapping_demo/ros2_ws/install/crazyflie:/home/raghav/crazyflie_mapping_demo/ros2_ws/install/crazyflie_interfaces:/home/raghav/crazyflie_mapping_demo/ros2_ws/install/ros_gz_crazyflie_control:/home/raghav/crazyflie_mapping_demo/ros2_ws/install/crazyflie_ros2_multiranger_wall_following:/home/raghav/crazyflie_mapping_demo/ros2_ws/install/crazyflie_ros2_multiranger_simple_mapper:/home/raghav/crazyflie_mapping_demo/ros2_ws/install/crazyflie_py:/opt/ros/humble /usr/bin/cmake --build /home/raghav/crazyflie_mapping_demo/ros2_ws/build/ros_gz_crazyflie_bringup -- -j20 -l20
[0.880s] DEBUG:colcon.colcon_core.event_handler.log_command:Invoking command in '/home/raghav/crazyflie_mapping_demo/ros2_ws/build/ros_gz_crazyflie_bringup': CMAKE_PREFIX_PATH=/home/raghav/crazyflie_mapping_demo/ros2_ws/install/ros_gz_crazyflie_gazebo:/home/raghav/crazyflie_mapping_demo/ros2_ws/install/crazyflie_ros2_multiranger_bringup:/home/raghav/crazyflie_mapping_demo/ros2_ws/install/ros_gz_crazyflie_bringup:/home/raghav/crazyflie_mapping_demo/ros2_ws/install/crazyflie_sim:/home/raghav/crazyflie_mapping_demo/ros2_ws/install/crazyflie_examples:/home/raghav/crazyflie_mapping_demo/ros2_ws/install/crazyflie:/home/raghav/crazyflie_mapping_demo/ros2_ws/install/crazyflie_interfaces:/home/raghav/crazyflie_mapping_demo/ros2_ws/install/ros_gz_crazyflie_control:/home/raghav/crazyflie_mapping_demo/ros2_ws/install/crazyflie_ros2_multiranger_wall_following:/home/raghav/crazyflie_mapping_demo/ros2_ws/install/crazyflie_ros2_multiranger_simple_mapper:/home/raghav/crazyflie_mapping_demo/ros2_ws/install/crazyflie_py:/opt/ros/humble /usr/bin/cmake --install /home/raghav/crazyflie_mapping_demo/ros2_ws/build/ros_gz_crazyflie_bringup
[1.053s] INFO:colcon.colcon_core.task.python.build:Building Python package in '/home/raghav/crazyflie_mapping_demo/ros2_ws/src/crazyswarm2/crazyflie_py'
[1.054s] INFO:colcon.colcon_core.shell:Skip shell extension 'powershell' for command environment: Not usable outside of PowerShell
[1.054s] DEBUG:colcon.colcon_core.shell:Skip shell extension 'dsv' for command environment
[1.059s] Level 1:colcon.colcon_core.environment:create_environment_scripts_only(ros_gz_crazyflie_bringup)
[1.059s] Level 1:colcon.colcon_core.environment:checking '/home/raghav/crazyflie_mapping_demo/ros2_ws/install/ros_gz_crazyflie_bringup' for CMake module files
[1.060s] DEBUG:colcon.colcon_core.event_handler.log_command:Invoking command in '/home/raghav/crazyflie_mapping_demo/ros2_ws/build/crazyflie': CMAKE_PREFIX_PATH=/home/raghav/crazyflie_mapping_demo/ros2_ws/install/crazyflie_interfaces:/home/raghav/crazyflie_mapping_demo/ros2_ws/install/crazyflie_ros2_multiranger_bringup:/home/raghav/crazyflie_mapping_demo/ros2_ws/install/ros_gz_crazyflie_bringup:/home/raghav/crazyflie_mapping_demo/ros2_ws/install/ros_gz_crazyflie_gazebo:/home/raghav/crazyflie_mapping_demo/ros2_ws/install/crazyflie_sim:/home/raghav/crazyflie_mapping_demo/ros2_ws/install/crazyflie_examples:/home/raghav/crazyflie_mapping_demo/ros2_ws/install/crazyflie:/home/raghav/crazyflie_mapping_demo/ros2_ws/install/ros_gz_crazyflie_control:/home/raghav/crazyflie_mapping_demo/ros2_ws/install/crazyflie_ros2_multiranger_wall_following:/home/raghav/crazyflie_mapping_demo/ros2_ws/install/crazyflie_ros2_multiranger_simple_mapper:/home/raghav/crazyflie_mapping_demo/ros2_ws/install/crazyflie_py:/opt/ros/humble /usr/bin/cmake --build /home/raghav/crazyflie_mapping_demo/ros2_ws/build/crazyflie -- -j20 -l20
[1.060s] DEBUG:colcon.colcon_core.event_handler.log_command:Invoked command in '/home/raghav/crazyflie_mapping_demo/ros2_ws/build/ros_gz_crazyflie_bringup' returned '0': CMAKE_PREFIX_PATH=/home/raghav/crazyflie_mapping_demo/ros2_ws/install/ros_gz_crazyflie_gazebo:/home/raghav/crazyflie_mapping_demo/ros2_ws/install/crazyflie_ros2_multiranger_bringup:/home/raghav/crazyflie_mapping_demo/ros2_ws/install/ros_gz_crazyflie_bringup:/home/raghav/crazyflie_mapping_demo/ros2_ws/install/crazyflie_sim:/home/raghav/crazyflie_mapping_demo/ros2_ws/install/crazyflie_examples:/home/raghav/crazyflie_mapping_demo/ros2_ws/install/crazyflie:/home/raghav/crazyflie_mapping_demo/ros2_ws/install/crazyflie_interfaces:/home/raghav/crazyflie_mapping_demo/ros2_ws/install/ros_gz_crazyflie_control:/home/raghav/crazyflie_mapping_demo/ros2_ws/install/crazyflie_ros2_multiranger_wall_following:/home/raghav/crazyflie_mapping_demo/ros2_ws/install/crazyflie_ros2_multiranger_simple_mapper:/home/raghav/crazyflie_mapping_demo/ros2_ws/install/crazyflie_py:/opt/ros/humble /usr/bin/cmake --install /home/raghav/crazyflie_mapping_demo/ros2_ws/build/ros_gz_crazyflie_bringup
[1.060s] Level 1:colcon.colcon_core.environment:checking '/home/raghav/crazyflie_mapping_demo/ros2_ws/install/ros_gz_crazyflie_bringup' for CMake config files
[1.060s] Level 1:colcon.colcon_core.shell:create_environment_hook('ros_gz_crazyflie_bringup', 'cmake_prefix_path')
[1.060s] INFO:colcon.colcon_core.shell:Creating environment hook '/home/raghav/crazyflie_mapping_demo/ros2_ws/install/ros_gz_crazyflie_bringup/share/ros_gz_crazyflie_bringup/hook/cmake_prefix_path.ps1'
[1.061s] INFO:colcon.colcon_core.shell:Creating environment descriptor '/home/raghav/crazyflie_mapping_demo/ros2_ws/install/ros_gz_crazyflie_bringup/share/ros_gz_crazyflie_bringup/hook/cmake_prefix_path.dsv'
[1.061s] INFO:colcon.colcon_core.shell:Creating environment hook '/home/raghav/crazyflie_mapping_demo/ros2_ws/install/ros_gz_crazyflie_bringup/share/ros_gz_crazyflie_bringup/hook/cmake_prefix_path.sh'
[1.061s] Level 1:colcon.colcon_core.environment:checking '/home/raghav/crazyflie_mapping_demo/ros2_ws/install/ros_gz_crazyflie_bringup/bin'
[1.061s] Level 1:colcon.colcon_core.environment:checking '/home/raghav/crazyflie_mapping_demo/ros2_ws/install/ros_gz_crazyflie_bringup/lib/pkgconfig/ros_gz_crazyflie_bringup.pc'
[1.062s] Level 1:colcon.colcon_core.environment:checking '/home/raghav/crazyflie_mapping_demo/ros2_ws/install/ros_gz_crazyflie_bringup/lib/python3.10/site-packages'
[1.062s] Level 1:colcon.colcon_core.environment:checking '/home/raghav/crazyflie_mapping_demo/ros2_ws/install/ros_gz_crazyflie_bringup/bin'
[1.062s] INFO:colcon.colcon_core.shell:Creating package script '/home/raghav/crazyflie_mapping_demo/ros2_ws/install/ros_gz_crazyflie_bringup/share/ros_gz_crazyflie_bringup/package.ps1'
[1.062s] INFO:colcon.colcon_core.shell:Creating package descriptor '/home/raghav/crazyflie_mapping_demo/ros2_ws/install/ros_gz_crazyflie_bringup/share/ros_gz_crazyflie_bringup/package.dsv'
[1.062s] INFO:colcon.colcon_core.shell:Creating package script '/home/raghav/crazyflie_mapping_demo/ros2_ws/install/ros_gz_crazyflie_bringup/share/ros_gz_crazyflie_bringup/package.sh'
[1.063s] INFO:colcon.colcon_core.shell:Creating package script '/home/raghav/crazyflie_mapping_demo/ros2_ws/install/ros_gz_crazyflie_bringup/share/ros_gz_crazyflie_bringup/package.bash'
[1.063s] INFO:colcon.colcon_core.shell:Creating package script '/home/raghav/crazyflie_mapping_demo/ros2_ws/install/ros_gz_crazyflie_bringup/share/ros_gz_crazyflie_bringup/package.zsh'
[1.063s] Level 1:colcon.colcon_core.environment:create_file_with_runtime_dependencies(/home/raghav/crazyflie_mapping_demo/ros2_ws/install/ros_gz_crazyflie_bringup/share/colcon-core/packages/ros_gz_crazyflie_bringup)
[1.063s] Level 1:colcon.colcon_core.environment:create_environment_scripts_only(ros_gz_crazyflie_bringup)
[1.064s] Level 1:colcon.colcon_core.environment:checking '/home/raghav/crazyflie_mapping_demo/ros2_ws/install/ros_gz_crazyflie_bringup' for CMake module files
[1.064s] Level 1:colcon.colcon_core.environment:checking '/home/raghav/crazyflie_mapping_demo/ros2_ws/install/ros_gz_crazyflie_bringup' for CMake config files
[1.064s] Level 1:colcon.colcon_core.shell:create_environment_hook('ros_gz_crazyflie_bringup', 'cmake_prefix_path')
[1.064s] INFO:colcon.colcon_core.shell:Creating environment hook '/home/raghav/crazyflie_mapping_demo/ros2_ws/install/ros_gz_crazyflie_bringup/share/ros_gz_crazyflie_bringup/hook/cmake_prefix_path.ps1'
[1.064s] INFO:colcon.colcon_core.shell:Creating environment descriptor '/home/raghav/crazyflie_mapping_demo/ros2_ws/install/ros_gz_crazyflie_bringup/share/ros_gz_crazyflie_bringup/hook/cmake_prefix_path.dsv'
[1.064s] INFO:colcon.colcon_core.shell:Creating environment hook '/home/raghav/crazyflie_mapping_demo/ros2_ws/install/ros_gz_crazyflie_bringup/share/ros_gz_crazyflie_bringup/hook/cmake_prefix_path.sh'
[1.065s] Level 1:colcon.colcon_core.environment:checking '/home/raghav/crazyflie_mapping_demo/ros2_ws/install/ros_gz_crazyflie_bringup/bin'
[1.065s] Level 1:colcon.colcon_core.environment:checking '/home/raghav/crazyflie_mapping_demo/ros2_ws/install/ros_gz_crazyflie_bringup/lib/pkgconfig/ros_gz_crazyflie_bringup.pc'
[1.065s] Level 1:colcon.colcon_core.environment:checking '/home/raghav/crazyflie_mapping_demo/ros2_ws/install/ros_gz_crazyflie_bringup/lib/python3.10/site-packages'
[1.065s] Level 1:colcon.colcon_core.environment:checking '/home/raghav/crazyflie_mapping_demo/ros2_ws/install/ros_gz_crazyflie_bringup/bin'
[1.065s] INFO:colcon.colcon_core.shell:Creating package script '/home/raghav/crazyflie_mapping_demo/ros2_ws/install/ros_gz_crazyflie_bringup/share/ros_gz_crazyflie_bringup/package.ps1'
[1.066s] INFO:colcon.colcon_core.shell:Creating package descriptor '/home/raghav/crazyflie_mapping_demo/ros2_ws/install/ros_gz_crazyflie_bringup/share/ros_gz_crazyflie_bringup/package.dsv'
[1.066s] INFO:colcon.colcon_core.shell:Creating package script '/home/raghav/crazyflie_mapping_demo/ros2_ws/install/ros_gz_crazyflie_bringup/share/ros_gz_crazyflie_bringup/package.sh'
[1.066s] INFO:colcon.colcon_core.shell:Creating package script '/home/raghav/crazyflie_mapping_demo/ros2_ws/install/ros_gz_crazyflie_bringup/share/ros_gz_crazyflie_bringup/package.bash'
[1.066s] INFO:colcon.colcon_core.shell:Creating package script '/home/raghav/crazyflie_mapping_demo/ros2_ws/install/ros_gz_crazyflie_bringup/share/ros_gz_crazyflie_bringup/package.zsh'
[1.067s] Level 1:colcon.colcon_core.environment:create_file_with_runtime_dependencies(/home/raghav/crazyflie_mapping_demo/ros2_ws/install/ros_gz_crazyflie_bringup/share/colcon-core/packages/ros_gz_crazyflie_bringup)
[1.070s] DEBUG:colcon.colcon_core.event_handler.log_command:Invoking command in '/home/raghav/crazyflie_mapping_demo/ros2_ws/build/crazyflie_sim': CMAKE_PREFIX_PATH=/home/raghav/crazyflie_mapping_demo/ros2_ws/install/crazyflie_interfaces:/home/raghav/crazyflie_mapping_demo/ros2_ws/install/crazyflie_ros2_multiranger_bringup:/home/raghav/crazyflie_mapping_demo/ros2_ws/install/ros_gz_crazyflie_bringup:/home/raghav/crazyflie_mapping_demo/ros2_ws/install/ros_gz_crazyflie_gazebo:/home/raghav/crazyflie_mapping_demo/ros2_ws/install/crazyflie_sim:/home/raghav/crazyflie_mapping_demo/ros2_ws/install/crazyflie_examples:/home/raghav/crazyflie_mapping_demo/ros2_ws/install/crazyflie:/home/raghav/crazyflie_mapping_demo/ros2_ws/install/ros_gz_crazyflie_control:/home/raghav/crazyflie_mapping_demo/ros2_ws/install/crazyflie_ros2_multiranger_wall_following:/home/raghav/crazyflie_mapping_demo/ros2_ws/install/crazyflie_ros2_multiranger_simple_mapper:/home/raghav/crazyflie_mapping_demo/ros2_ws/install/crazyflie_py:/opt/ros/humble /usr/bin/cmake --build /home/raghav/crazyflie_mapping_demo/ros2_ws/build/crazyflie_sim -- -j20 -l20
[1.072s] DEBUG:colcon.colcon_core.event_handler.log_command:Invoking command in '/home/raghav/crazyflie_mapping_demo/ros2_ws/src/crazyflie_ros2_multiranger/crazyflie_ros2_multiranger_wall_following': PYTHONPATH=/home/raghav/crazyflie_mapping_demo/ros2_ws/build/crazyflie_ros2_multiranger_wall_following/prefix_override:/usr/lib/python3/dist-packages/colcon_core/task/python/colcon_distutils_commands:/home/raghav/crazyflie_mapping_demo/ros2_ws/install/crazyflie_ros2_multiranger_wall_following/lib/python3.10/site-packages:${PYTHONPATH} /usr/bin/python3 -W ignore:setup.py install is deprecated -W ignore:easy_install command is deprecated setup.py egg_info --egg-base ../../../build/crazyflie_ros2_multiranger_wall_following build --build-base /home/raghav/crazyflie_mapping_demo/ros2_ws/build/crazyflie_ros2_multiranger_wall_following/build install --record /home/raghav/crazyflie_mapping_demo/ros2_ws/build/crazyflie_ros2_multiranger_wall_following/install.log --single-version-externally-managed install_data
[1.073s] INFO:colcon.colcon_ros.task.ament_cmake.build:Building ROS package in '/home/raghav/crazyflie_mapping_demo/ros2_ws/src/crazyflie_ros2_multiranger/crazyflie_ros2_multiranger_bringup' with build type 'ament_cmake'
[1.073s] INFO:colcon.colcon_cmake.task.cmake.build:Building CMake package in '/home/raghav/crazyflie_mapping_demo/ros2_ws/src/crazyflie_ros2_multiranger/crazyflie_ros2_multiranger_bringup'
[1.073s] INFO:colcon.colcon_core.shell:Skip shell extension 'powershell' for command environment: Not usable outside of PowerShell
[1.073s] DEBUG:colcon.colcon_core.shell:Skip shell extension 'dsv' for command environment
[1.073s] DEBUG:colcon.colcon_core.event_handler.log_command:Invoking command in '/home/raghav/crazyflie_mapping_demo/ros2_ws/src/crazyflie_ros2_multiranger/crazyflie_ros2_multiranger_simple_mapper': PYTHONPATH=/home/raghav/crazyflie_mapping_demo/ros2_ws/build/crazyflie_ros2_multiranger_simple_mapper/prefix_override:/usr/lib/python3/dist-packages/colcon_core/task/python/colcon_distutils_commands:/home/raghav/crazyflie_mapping_demo/ros2_ws/install/crazyflie_ros2_multiranger_simple_mapper/lib/python3.10/site-packages:${PYTHONPATH} /usr/bin/python3 -W ignore:setup.py install is deprecated -W ignore:easy_install command is deprecated setup.py egg_info --egg-base ../../../build/crazyflie_ros2_multiranger_simple_mapper build --build-base /home/raghav/crazyflie_mapping_demo/ros2_ws/build/crazyflie_ros2_multiranger_simple_mapper/build install --record /home/raghav/crazyflie_mapping_demo/ros2_ws/build/crazyflie_ros2_multiranger_simple_mapper/install.log --single-version-externally-managed install_data
[1.074s] DEBUG:colcon.colcon_core.event_handler.log_command:Invoking command in '/home/raghav/crazyflie_mapping_demo/ros2_ws/src/ros_gz_crazyflie/ros_gz_crazyflie_control': PYTHONPATH=/home/raghav/crazyflie_mapping_demo/ros2_ws/build/ros_gz_crazyflie_control/prefix_override:/usr/lib/python3/dist-packages/colcon_core/task/python/colcon_distutils_commands:/home/raghav/crazyflie_mapping_demo/ros2_ws/install/ros_gz_crazyflie_control/lib/python3.10/site-packages:${PYTHONPATH} /usr/bin/python3 -W ignore:setup.py install is deprecated -W ignore:easy_install command is deprecated setup.py egg_info --egg-base ../../../build/ros_gz_crazyflie_control build --build-base /home/raghav/crazyflie_mapping_demo/ros2_ws/build/ros_gz_crazyflie_control/build install --record /home/raghav/crazyflie_mapping_demo/ros2_ws/build/ros_gz_crazyflie_control/install.log --single-version-externally-managed install_data
[1.085s] DEBUG:colcon.colcon_core.event_handler.log_command:Invoking command in '/home/raghav/crazyflie_mapping_demo/ros2_ws/build/crazyflie_ros2_multiranger_bringup': CMAKE_PREFIX_PATH=/home/raghav/crazyflie_mapping_demo/ros2_ws/install/ros_gz_crazyflie_bringup:/home/raghav/crazyflie_mapping_demo/ros2_ws/install/ros_gz_crazyflie_gazebo:/home/raghav/crazyflie_mapping_demo/ros2_ws/install/crazyflie_ros2_multiranger_bringup:/home/raghav/crazyflie_mapping_demo/ros2_ws/install/crazyflie_sim:/home/raghav/crazyflie_mapping_demo/ros2_ws/install/crazyflie_examples:/home/raghav/crazyflie_mapping_demo/ros2_ws/install/crazyflie:/home/raghav/crazyflie_mapping_demo/ros2_ws/install/crazyflie_interfaces:/home/raghav/crazyflie_mapping_demo/ros2_ws/install/ros_gz_crazyflie_control:/home/raghav/crazyflie_mapping_demo/ros2_ws/install/crazyflie_ros2_multiranger_wall_following:/home/raghav/crazyflie_mapping_demo/ros2_ws/install/crazyflie_ros2_multiranger_simple_mapper:/home/raghav/crazyflie_mapping_demo/ros2_ws/install/crazyflie_py:/opt/ros/humble /usr/bin/cmake --build /home/raghav/crazyflie_mapping_demo/ros2_ws/build/crazyflie_ros2_multiranger_bringup -- -j20 -l20
[1.133s] DEBUG:colcon.colcon_core.event_handler.log_command:Invoked command in '/home/raghav/crazyflie_mapping_demo/ros2_ws/build/crazyflie_ros2_multiranger_bringup' returned '0': CMAKE_PREFIX_PATH=/home/raghav/crazyflie_mapping_demo/ros2_ws/install/ros_gz_crazyflie_bringup:/home/raghav/crazyflie_mapping_demo/ros2_ws/install/ros_gz_crazyflie_gazebo:/home/raghav/crazyflie_mapping_demo/ros2_ws/install/crazyflie_ros2_multiranger_bringup:/home/raghav/crazyflie_mapping_demo/ros2_ws/install/crazyflie_sim:/home/raghav/crazyflie_mapping_demo/ros2_ws/install/crazyflie_examples:/home/raghav/crazyflie_mapping_demo/ros2_ws/install/crazyflie:/home/raghav/crazyflie_mapping_demo/ros2_ws/install/crazyflie_interfaces:/home/raghav/crazyflie_mapping_demo/ros2_ws/install/ros_gz_crazyflie_control:/home/raghav/crazyflie_mapping_demo/ros2_ws/install/crazyflie_ros2_multiranger_wall_following:/home/raghav/crazyflie_mapping_demo/ros2_ws/install/crazyflie_ros2_multiranger_simple_mapper:/home/raghav/crazyflie_mapping_demo/ros2_ws/install/crazyflie_py:/opt/ros/humble /usr/bin/cmake --build /home/raghav/crazyflie_mapping_demo/ros2_ws/build/crazyflie_ros2_multiranger_bringup -- -j20 -l20
[1.135s] DEBUG:colcon.colcon_core.event_handler.log_command:Invoking command in '/home/raghav/crazyflie_mapping_demo/ros2_ws/build/crazyflie_ros2_multiranger_bringup': CMAKE_PREFIX_PATH=/home/raghav/crazyflie_mapping_demo/ros2_ws/install/ros_gz_crazyflie_bringup:/home/raghav/crazyflie_mapping_demo/ros2_ws/install/ros_gz_crazyflie_gazebo:/home/raghav/crazyflie_mapping_demo/ros2_ws/install/crazyflie_ros2_multiranger_bringup:/home/raghav/crazyflie_mapping_demo/ros2_ws/install/crazyflie_sim:/home/raghav/crazyflie_mapping_demo/ros2_ws/install/crazyflie_examples:/home/raghav/crazyflie_mapping_demo/ros2_ws/install/crazyflie:/home/raghav/crazyflie_mapping_demo/ros2_ws/install/crazyflie_interfaces:/home/raghav/crazyflie_mapping_demo/ros2_ws/install/ros_gz_crazyflie_control:/home/raghav/crazyflie_mapping_demo/ros2_ws/install/crazyflie_ros2_multiranger_wall_following:/home/raghav/crazyflie_mapping_demo/ros2_ws/install/crazyflie_ros2_multiranger_simple_mapper:/home/raghav/crazyflie_mapping_demo/ros2_ws/install/crazyflie_py:/opt/ros/humble /usr/bin/cmake --install /home/raghav/crazyflie_mapping_demo/ros2_ws/build/crazyflie_ros2_multiranger_bringup
[1.153s] Level 1:colcon.colcon_core.environment:create_environment_scripts_only(crazyflie_ros2_multiranger_bringup)
[1.153s] Level 1:colcon.colcon_core.environment:checking '/home/raghav/crazyflie_mapping_demo/ros2_ws/install/crazyflie_ros2_multiranger_bringup' for CMake module files
[1.154s] Level 1:colcon.colcon_core.environment:checking '/home/raghav/crazyflie_mapping_demo/ros2_ws/install/crazyflie_ros2_multiranger_bringup' for CMake config files
[1.154s] DEBUG:colcon.colcon_core.event_handler.log_command:Invoked command in '/home/raghav/crazyflie_mapping_demo/ros2_ws/build/crazyflie_ros2_multiranger_bringup' returned '0': CMAKE_PREFIX_PATH=/home/raghav/crazyflie_mapping_demo/ros2_ws/install/ros_gz_crazyflie_bringup:/home/raghav/crazyflie_mapping_demo/ros2_ws/install/ros_gz_crazyflie_gazebo:/home/raghav/crazyflie_mapping_demo/ros2_ws/install/crazyflie_ros2_multiranger_bringup:/home/raghav/crazyflie_mapping_demo/ros2_ws/install/crazyflie_sim:/home/raghav/crazyflie_mapping_demo/ros2_ws/install/crazyflie_examples:/home/raghav/crazyflie_mapping_demo/ros2_ws/install/crazyflie:/home/raghav/crazyflie_mapping_demo/ros2_ws/install/crazyflie_interfaces:/home/raghav/crazyflie_mapping_demo/ros2_ws/install/ros_gz_crazyflie_control:/home/raghav/crazyflie_mapping_demo/ros2_ws/install/crazyflie_ros2_multiranger_wall_following:/home/raghav/crazyflie_mapping_demo/ros2_ws/install/crazyflie_ros2_multiranger_simple_mapper:/home/raghav/crazyflie_mapping_demo/ros2_ws/install/crazyflie_py:/opt/ros/humble /usr/bin/cmake --install /home/raghav/crazyflie_mapping_demo/ros2_ws/build/crazyflie_ros2_multiranger_bringup
[1.154s] Level 1:colcon.colcon_core.shell:create_environment_hook('crazyflie_ros2_multiranger_bringup', 'cmake_prefix_path')
[1.156s] INFO:colcon.colcon_core.shell:Creating environment hook '/home/raghav/crazyflie_mapping_demo/ros2_ws/install/crazyflie_ros2_multiranger_bringup/share/crazyflie_ros2_multiranger_bringup/hook/cmake_prefix_path.ps1'
[1.157s] INFO:colcon.colcon_core.shell:Creating environment descriptor '/home/raghav/crazyflie_mapping_demo/ros2_ws/install/crazyflie_ros2_multiranger_bringup/share/crazyflie_ros2_multiranger_bringup/hook/cmake_prefix_path.dsv'
[1.158s] INFO:colcon.colcon_core.shell:Creating environment hook '/home/raghav/crazyflie_mapping_demo/ros2_ws/install/crazyflie_ros2_multiranger_bringup/share/crazyflie_ros2_multiranger_bringup/hook/cmake_prefix_path.sh'
[1.159s] Level 1:colcon.colcon_core.environment:checking '/home/raghav/crazyflie_mapping_demo/ros2_ws/install/crazyflie_ros2_multiranger_bringup/bin'
[1.159s] Level 1:colcon.colcon_core.environment:checking '/home/raghav/crazyflie_mapping_demo/ros2_ws/install/crazyflie_ros2_multiranger_bringup/lib/pkgconfig/crazyflie_ros2_multiranger_bringup.pc'
[1.159s] Level 1:colcon.colcon_core.environment:checking '/home/raghav/crazyflie_mapping_demo/ros2_ws/install/crazyflie_ros2_multiranger_bringup/lib/python3.10/site-packages'
[1.161s] Level 1:colcon.colcon_core.environment:checking '/home/raghav/crazyflie_mapping_demo/ros2_ws/install/crazyflie_ros2_multiranger_bringup/bin'
[1.162s] INFO:colcon.colcon_core.shell:Creating package script '/home/raghav/crazyflie_mapping_demo/ros2_ws/install/crazyflie_ros2_multiranger_bringup/share/crazyflie_ros2_multiranger_bringup/package.ps1'
[1.163s] INFO:colcon.colcon_core.shell:Creating package descriptor '/home/raghav/crazyflie_mapping_demo/ros2_ws/install/crazyflie_ros2_multiranger_bringup/share/crazyflie_ros2_multiranger_bringup/package.dsv'
[1.164s] INFO:colcon.colcon_core.shell:Creating package script '/home/raghav/crazyflie_mapping_demo/ros2_ws/install/crazyflie_ros2_multiranger_bringup/share/crazyflie_ros2_multiranger_bringup/package.sh'
[1.165s] INFO:colcon.colcon_core.shell:Creating package script '/home/raghav/crazyflie_mapping_demo/ros2_ws/install/crazyflie_ros2_multiranger_bringup/share/crazyflie_ros2_multiranger_bringup/package.bash'
[1.165s] INFO:colcon.colcon_core.shell:Creating package script '/home/raghav/crazyflie_mapping_demo/ros2_ws/install/crazyflie_ros2_multiranger_bringup/share/crazyflie_ros2_multiranger_bringup/package.zsh'
[1.165s] Level 1:colcon.colcon_core.environment:create_file_with_runtime_dependencies(/home/raghav/crazyflie_mapping_demo/ros2_ws/install/crazyflie_ros2_multiranger_bringup/share/colcon-core/packages/crazyflie_ros2_multiranger_bringup)
[1.166s] Level 1:colcon.colcon_core.environment:create_environment_scripts_only(crazyflie_ros2_multiranger_bringup)
[1.166s] Level 1:colcon.colcon_core.environment:checking '/home/raghav/crazyflie_mapping_demo/ros2_ws/install/crazyflie_ros2_multiranger_bringup' for CMake module files
[1.167s] Level 1:colcon.colcon_core.environment:checking '/home/raghav/crazyflie_mapping_demo/ros2_ws/install/crazyflie_ros2_multiranger_bringup' for CMake config files
[1.167s] Level 1:colcon.colcon_core.shell:create_environment_hook('crazyflie_ros2_multiranger_bringup', 'cmake_prefix_path')
[1.167s] INFO:colcon.colcon_core.shell:Creating environment hook '/home/raghav/crazyflie_mapping_demo/ros2_ws/install/crazyflie_ros2_multiranger_bringup/share/crazyflie_ros2_multiranger_bringup/hook/cmake_prefix_path.ps1'
[1.168s] INFO:colcon.colcon_core.shell:Creating environment descriptor '/home/raghav/crazyflie_mapping_demo/ros2_ws/install/crazyflie_ros2_multiranger_bringup/share/crazyflie_ros2_multiranger_bringup/hook/cmake_prefix_path.dsv'
[1.168s] INFO:colcon.colcon_core.shell:Creating environment hook '/home/raghav/crazyflie_mapping_demo/ros2_ws/install/crazyflie_ros2_multiranger_bringup/share/crazyflie_ros2_multiranger_bringup/hook/cmake_prefix_path.sh'
[1.169s] Level 1:colcon.colcon_core.environment:checking '/home/raghav/crazyflie_mapping_demo/ros2_ws/install/crazyflie_ros2_multiranger_bringup/bin'
[1.169s] Level 1:colcon.colcon_core.environment:checking '/home/raghav/crazyflie_mapping_demo/ros2_ws/install/crazyflie_ros2_multiranger_bringup/lib/pkgconfig/crazyflie_ros2_multiranger_bringup.pc'
[1.170s] Level 1:colcon.colcon_core.environment:checking '/home/raghav/crazyflie_mapping_demo/ros2_ws/install/crazyflie_ros2_multiranger_bringup/lib/python3.10/site-packages'
[1.170s] Level 1:colcon.colcon_core.environment:checking '/home/raghav/crazyflie_mapping_demo/ros2_ws/install/crazyflie_ros2_multiranger_bringup/bin'
[1.170s] INFO:colcon.colcon_core.shell:Creating package script '/home/raghav/crazyflie_mapping_demo/ros2_ws/install/crazyflie_ros2_multiranger_bringup/share/crazyflie_ros2_multiranger_bringup/package.ps1'
[1.171s] INFO:colcon.colcon_core.shell:Creating package descriptor '/home/raghav/crazyflie_mapping_demo/ros2_ws/install/crazyflie_ros2_multiranger_bringup/share/crazyflie_ros2_multiranger_bringup/package.dsv'
[1.172s] INFO:colcon.colcon_core.shell:Creating package script '/home/raghav/crazyflie_mapping_demo/ros2_ws/install/crazyflie_ros2_multiranger_bringup/share/crazyflie_ros2_multiranger_bringup/package.sh'
[1.172s] INFO:colcon.colcon_core.shell:Creating package script '/home/raghav/crazyflie_mapping_demo/ros2_ws/install/crazyflie_ros2_multiranger_bringup/share/crazyflie_ros2_multiranger_bringup/package.bash'
[1.173s] INFO:colcon.colcon_core.shell:Creating package script '/home/raghav/crazyflie_mapping_demo/ros2_ws/install/crazyflie_ros2_multiranger_bringup/share/crazyflie_ros2_multiranger_bringup/package.zsh'
[1.173s] Level 1:colcon.colcon_core.environment:create_file_with_runtime_dependencies(/home/raghav/crazyflie_mapping_demo/ros2_ws/install/crazyflie_ros2_multiranger_bringup/share/colcon-core/packages/crazyflie_ros2_multiranger_bringup)
[1.198s] DEBUG:colcon.colcon_core.event_handler.log_command:Invoked command in '/home/raghav/crazyflie_mapping_demo/ros2_ws/build/crazyflie' returned '0': CMAKE_PREFIX_PATH=/home/raghav/crazyflie_mapping_demo/ros2_ws/install/crazyflie_interfaces:/home/raghav/crazyflie_mapping_demo/ros2_ws/install/crazyflie_ros2_multiranger_bringup:/home/raghav/crazyflie_mapping_demo/ros2_ws/install/ros_gz_crazyflie_bringup:/home/raghav/crazyflie_mapping_demo/ros2_ws/install/ros_gz_crazyflie_gazebo:/home/raghav/crazyflie_mapping_demo/ros2_ws/install/crazyflie_sim:/home/raghav/crazyflie_mapping_demo/ros2_ws/install/crazyflie_examples:/home/raghav/crazyflie_mapping_demo/ros2_ws/install/crazyflie:/home/raghav/crazyflie_mapping_demo/ros2_ws/install/ros_gz_crazyflie_control:/home/raghav/crazyflie_mapping_demo/ros2_ws/install/crazyflie_ros2_multiranger_wall_following:/home/raghav/crazyflie_mapping_demo/ros2_ws/install/crazyflie_ros2_multiranger_simple_mapper:/home/raghav/crazyflie_mapping_demo/ros2_ws/install/crazyflie_py:/opt/ros/humble /usr/bin/cmake --build /home/raghav/crazyflie_mapping_demo/ros2_ws/build/crazyflie -- -j20 -l20
[1.199s] DEBUG:colcon.colcon_core.event_handler.log_command:Invoking command in '/home/raghav/crazyflie_mapping_demo/ros2_ws/build/crazyflie': CMAKE_PREFIX_PATH=/home/raghav/crazyflie_mapping_demo/ros2_ws/install/crazyflie_interfaces:/home/raghav/crazyflie_mapping_demo/ros2_ws/install/crazyflie_ros2_multiranger_bringup:/home/raghav/crazyflie_mapping_demo/ros2_ws/install/ros_gz_crazyflie_bringup:/home/raghav/crazyflie_mapping_demo/ros2_ws/install/ros_gz_crazyflie_gazebo:/home/raghav/crazyflie_mapping_demo/ros2_ws/install/crazyflie_sim:/home/raghav/crazyflie_mapping_demo/ros2_ws/install/crazyflie_examples:/home/raghav/crazyflie_mapping_demo/ros2_ws/install/crazyflie:/home/raghav/crazyflie_mapping_demo/ros2_ws/install/ros_gz_crazyflie_control:/home/raghav/crazyflie_mapping_demo/ros2_ws/install/crazyflie_ros2_multiranger_wall_following:/home/raghav/crazyflie_mapping_demo/ros2_ws/install/crazyflie_ros2_multiranger_simple_mapper:/home/raghav/crazyflie_mapping_demo/ros2_ws/install/crazyflie_py:/opt/ros/humble /usr/bin/cmake --install /home/raghav/crazyflie_mapping_demo/ros2_ws/build/crazyflie
[1.215s] Level 1:colcon.colcon_core.environment:create_environment_scripts_only(crazyflie)
[1.215s] Level 1:colcon.colcon_core.environment:checking '/home/raghav/crazyflie_mapping_demo/ros2_ws/install/crazyflie' for CMake module files
[1.217s] DEBUG:colcon.colcon_core.event_handler.log_command:Invoked command in '/home/raghav/crazyflie_mapping_demo/ros2_ws/build/crazyflie' returned '0': CMAKE_PREFIX_PATH=/home/raghav/crazyflie_mapping_demo/ros2_ws/install/crazyflie_interfaces:/home/raghav/crazyflie_mapping_demo/ros2_ws/install/crazyflie_ros2_multiranger_bringup:/home/raghav/crazyflie_mapping_demo/ros2_ws/install/ros_gz_crazyflie_bringup:/home/raghav/crazyflie_mapping_demo/ros2_ws/install/ros_gz_crazyflie_gazebo:/home/raghav/crazyflie_mapping_demo/ros2_ws/install/crazyflie_sim:/home/raghav/crazyflie_mapping_demo/ros2_ws/install/crazyflie_examples:/home/raghav/crazyflie_mapping_demo/ros2_ws/install/crazyflie:/home/raghav/crazyflie_mapping_demo/ros2_ws/install/ros_gz_crazyflie_control:/home/raghav/crazyflie_mapping_demo/ros2_ws/install/crazyflie_ros2_multiranger_wall_following:/home/raghav/crazyflie_mapping_demo/ros2_ws/install/crazyflie_ros2_multiranger_simple_mapper:/home/raghav/crazyflie_mapping_demo/ros2_ws/install/crazyflie_py:/opt/ros/humble /usr/bin/cmake --install /home/raghav/crazyflie_mapping_demo/ros2_ws/build/crazyflie
[1.217s] Level 1:colcon.colcon_core.environment:checking '/home/raghav/crazyflie_mapping_demo/ros2_ws/install/crazyflie' for CMake config files
[1.217s] Level 1:colcon.colcon_core.shell:create_environment_hook('crazyflie', 'cmake_prefix_path')
[1.218s] INFO:colcon.colcon_core.shell:Creating environment hook '/home/raghav/crazyflie_mapping_demo/ros2_ws/install/crazyflie/share/crazyflie/hook/cmake_prefix_path.ps1'
[1.218s] INFO:colcon.colcon_core.shell:Creating environment descriptor '/home/raghav/crazyflie_mapping_demo/ros2_ws/install/crazyflie/share/crazyflie/hook/cmake_prefix_path.dsv'
[1.218s] INFO:colcon.colcon_core.shell:Creating environment hook '/home/raghav/crazyflie_mapping_demo/ros2_ws/install/crazyflie/share/crazyflie/hook/cmake_prefix_path.sh'
[1.219s] Level 1:colcon.colcon_core.environment:checking '/home/raghav/crazyflie_mapping_demo/ros2_ws/install/crazyflie/lib'
[1.219s] Level 1:colcon.colcon_core.environment:checking '/home/raghav/crazyflie_mapping_demo/ros2_ws/install/crazyflie/bin'
[1.219s] Level 1:colcon.colcon_core.environment:checking '/home/raghav/crazyflie_mapping_demo/ros2_ws/install/crazyflie/lib/pkgconfig/crazyflie.pc'
[1.219s] Level 1:colcon.colcon_core.environment:checking '/home/raghav/crazyflie_mapping_demo/ros2_ws/install/crazyflie/lib/python3.10/site-packages'
[1.219s] Level 1:colcon.colcon_core.environment:checking '/home/raghav/crazyflie_mapping_demo/ros2_ws/install/crazyflie/bin'
[1.219s] INFO:colcon.colcon_core.shell:Creating package script '/home/raghav/crazyflie_mapping_demo/ros2_ws/install/crazyflie/share/crazyflie/package.ps1'
[1.220s] INFO:colcon.colcon_core.shell:Creating package descriptor '/home/raghav/crazyflie_mapping_demo/ros2_ws/install/crazyflie/share/crazyflie/package.dsv'
[1.220s] INFO:colcon.colcon_core.shell:Creating package script '/home/raghav/crazyflie_mapping_demo/ros2_ws/install/crazyflie/share/crazyflie/package.sh'
[1.220s] INFO:colcon.colcon_core.shell:Creating package script '/home/raghav/crazyflie_mapping_demo/ros2_ws/install/crazyflie/share/crazyflie/package.bash'
[1.221s] INFO:colcon.colcon_core.shell:Creating package script '/home/raghav/crazyflie_mapping_demo/ros2_ws/install/crazyflie/share/crazyflie/package.zsh'
[1.221s] Level 1:colcon.colcon_core.environment:create_file_with_runtime_dependencies(/home/raghav/crazyflie_mapping_demo/ros2_ws/install/crazyflie/share/colcon-core/packages/crazyflie)
[1.221s] Level 1:colcon.colcon_core.environment:create_environment_scripts_only(crazyflie)
[1.221s] Level 1:colcon.colcon_core.environment:checking '/home/raghav/crazyflie_mapping_demo/ros2_ws/install/crazyflie' for CMake module files
[1.222s] Level 1:colcon.colcon_core.environment:checking '/home/raghav/crazyflie_mapping_demo/ros2_ws/install/crazyflie' for CMake config files
[1.222s] Level 1:colcon.colcon_core.shell:create_environment_hook('crazyflie', 'cmake_prefix_path')
[1.222s] INFO:colcon.colcon_core.shell:Creating environment hook '/home/raghav/crazyflie_mapping_demo/ros2_ws/install/crazyflie/share/crazyflie/hook/cmake_prefix_path.ps1'
[1.222s] INFO:colcon.colcon_core.shell:Creating environment descriptor '/home/raghav/crazyflie_mapping_demo/ros2_ws/install/crazyflie/share/crazyflie/hook/cmake_prefix_path.dsv'
[1.222s] INFO:colcon.colcon_core.shell:Creating environment hook '/home/raghav/crazyflie_mapping_demo/ros2_ws/install/crazyflie/share/crazyflie/hook/cmake_prefix_path.sh'
[1.223s] Level 1:colcon.colcon_core.environment:checking '/home/raghav/crazyflie_mapping_demo/ros2_ws/install/crazyflie/lib'
[1.223s] Level 1:colcon.colcon_core.environment:checking '/home/raghav/crazyflie_mapping_demo/ros2_ws/install/crazyflie/bin'
[1.223s] Level 1:colcon.colcon_core.environment:checking '/home/raghav/crazyflie_mapping_demo/ros2_ws/install/crazyflie/lib/pkgconfig/crazyflie.pc'
[1.223s] Level 1:colcon.colcon_core.environment:checking '/home/raghav/crazyflie_mapping_demo/ros2_ws/install/crazyflie/lib/python3.10/site-packages'
[1.223s] Level 1:colcon.colcon_core.environment:checking '/home/raghav/crazyflie_mapping_demo/ros2_ws/install/crazyflie/bin'
[1.223s] INFO:colcon.colcon_core.shell:Creating package script '/home/raghav/crazyflie_mapping_demo/ros2_ws/install/crazyflie/share/crazyflie/package.ps1'
[1.224s] INFO:colcon.colcon_core.shell:Creating package descriptor '/home/raghav/crazyflie_mapping_demo/ros2_ws/install/crazyflie/share/crazyflie/package.dsv'
[1.224s] INFO:colcon.colcon_core.shell:Creating package script '/home/raghav/crazyflie_mapping_demo/ros2_ws/install/crazyflie/share/crazyflie/package.sh'
[1.224s] INFO:colcon.colcon_core.shell:Creating package script '/home/raghav/crazyflie_mapping_demo/ros2_ws/install/crazyflie/share/crazyflie/package.bash'
[1.225s] INFO:colcon.colcon_core.shell:Creating package script '/home/raghav/crazyflie_mapping_demo/ros2_ws/install/crazyflie/share/crazyflie/package.zsh'
[1.225s] Level 1:colcon.colcon_core.environment:create_file_with_runtime_dependencies(/home/raghav/crazyflie_mapping_demo/ros2_ws/install/crazyflie/share/colcon-core/packages/crazyflie)
[1.326s] Level 1:colcon.colcon_core.environment:checking '/home/raghav/crazyflie_mapping_demo/ros2_ws/install/ros_gz_crazyflie_control' for CMake module files
[1.326s] DEBUG:colcon.colcon_core.event_handler.log_command:Invoked command in '/home/raghav/crazyflie_mapping_demo/ros2_ws/src/ros_gz_crazyflie/ros_gz_crazyflie_control' returned '0': PYTHONPATH=/home/raghav/crazyflie_mapping_demo/ros2_ws/build/ros_gz_crazyflie_control/prefix_override:/usr/lib/python3/dist-packages/colcon_core/task/python/colcon_distutils_commands:/home/raghav/crazyflie_mapping_demo/ros2_ws/install/ros_gz_crazyflie_control/lib/python3.10/site-packages:${PYTHONPATH} /usr/bin/python3 -W ignore:setup.py install is deprecated -W ignore:easy_install command is deprecated setup.py egg_info --egg-base ../../../build/ros_gz_crazyflie_control build --build-base /home/raghav/crazyflie_mapping_demo/ros2_ws/build/ros_gz_crazyflie_control/build install --record /home/raghav/crazyflie_mapping_demo/ros2_ws/build/ros_gz_crazyflie_control/install.log --single-version-externally-managed install_data
[1.327s] Level 1:colcon.colcon_core.environment:checking '/home/raghav/crazyflie_mapping_demo/ros2_ws/install/ros_gz_crazyflie_control' for CMake config files
[1.328s] Level 1:colcon.colcon_core.environment:checking '/home/raghav/crazyflie_mapping_demo/ros2_ws/install/ros_gz_crazyflie_control/lib'
[1.328s] Level 1:colcon.colcon_core.environment:checking '/home/raghav/crazyflie_mapping_demo/ros2_ws/install/ros_gz_crazyflie_control/bin'
[1.329s] Level 1:colcon.colcon_core.environment:checking '/home/raghav/crazyflie_mapping_demo/ros2_ws/install/ros_gz_crazyflie_control/lib/pkgconfig/ros_gz_crazyflie_control.pc'
[1.329s] Level 1:colcon.colcon_core.environment:checking '/home/raghav/crazyflie_mapping_demo/ros2_ws/install/ros_gz_crazyflie_control/lib/python3.10/site-packages'
[1.329s] Level 1:colcon.colcon_core.shell:create_environment_hook('ros_gz_crazyflie_control', 'pythonpath')
[1.329s] INFO:colcon.colcon_core.shell:Creating environment hook '/home/raghav/crazyflie_mapping_demo/ros2_ws/install/ros_gz_crazyflie_control/share/ros_gz_crazyflie_control/hook/pythonpath.ps1'
[1.330s] INFO:colcon.colcon_core.shell:Creating environment descriptor '/home/raghav/crazyflie_mapping_demo/ros2_ws/install/ros_gz_crazyflie_control/share/ros_gz_crazyflie_control/hook/pythonpath.dsv'
[1.331s] INFO:colcon.colcon_core.shell:Creating environment hook '/home/raghav/crazyflie_mapping_demo/ros2_ws/install/ros_gz_crazyflie_control/share/ros_gz_crazyflie_control/hook/pythonpath.sh'
[1.332s] Level 1:colcon.colcon_core.environment:checking '/home/raghav/crazyflie_mapping_demo/ros2_ws/install/ros_gz_crazyflie_control/bin'
[1.332s] Level 1:colcon.colcon_core.environment:create_environment_scripts_only(ros_gz_crazyflie_control)
[1.333s] INFO:colcon.colcon_core.shell:Creating package script '/home/raghav/crazyflie_mapping_demo/ros2_ws/install/ros_gz_crazyflie_control/share/ros_gz_crazyflie_control/package.ps1'
[1.334s] INFO:colcon.colcon_core.shell:Creating package descriptor '/home/raghav/crazyflie_mapping_demo/ros2_ws/install/ros_gz_crazyflie_control/share/ros_gz_crazyflie_control/package.dsv'
[1.334s] INFO:colcon.colcon_core.shell:Creating package script '/home/raghav/crazyflie_mapping_demo/ros2_ws/install/ros_gz_crazyflie_control/share/ros_gz_crazyflie_control/package.sh'
[1.335s] INFO:colcon.colcon_core.shell:Creating package script '/home/raghav/crazyflie_mapping_demo/ros2_ws/install/ros_gz_crazyflie_control/share/ros_gz_crazyflie_control/package.bash'
[1.335s] INFO:colcon.colcon_core.shell:Creating package script '/home/raghav/crazyflie_mapping_demo/ros2_ws/install/ros_gz_crazyflie_control/share/ros_gz_crazyflie_control/package.zsh'
[1.336s] Level 1:colcon.colcon_core.environment:create_file_with_runtime_dependencies(/home/raghav/crazyflie_mapping_demo/ros2_ws/install/ros_gz_crazyflie_control/share/colcon-core/packages/ros_gz_crazyflie_control)
[1.356s] Level 1:colcon.colcon_core.environment:checking '/home/raghav/crazyflie_mapping_demo/ros2_ws/install/crazyflie_ros2_multiranger_simple_mapper' for CMake module files
[1.357s] DEBUG:colcon.colcon_core.event_handler.log_command:Invoked command in '/home/raghav/crazyflie_mapping_demo/ros2_ws/src/crazyflie_ros2_multiranger/crazyflie_ros2_multiranger_simple_mapper' returned '0': PYTHONPATH=/home/raghav/crazyflie_mapping_demo/ros2_ws/build/crazyflie_ros2_multiranger_simple_mapper/prefix_override:/usr/lib/python3/dist-packages/colcon_core/task/python/colcon_distutils_commands:/home/raghav/crazyflie_mapping_demo/ros2_ws/install/crazyflie_ros2_multiranger_simple_mapper/lib/python3.10/site-packages:${PYTHONPATH} /usr/bin/python3 -W ignore:setup.py install is deprecated -W ignore:easy_install command is deprecated setup.py egg_info --egg-base ../../../build/crazyflie_ros2_multiranger_simple_mapper build --build-base /home/raghav/crazyflie_mapping_demo/ros2_ws/build/crazyflie_ros2_multiranger_simple_mapper/build install --record /home/raghav/crazyflie_mapping_demo/ros2_ws/build/crazyflie_ros2_multiranger_simple_mapper/install.log --single-version-externally-managed install_data
[1.357s] Level 1:colcon.colcon_core.environment:checking '/home/raghav/crazyflie_mapping_demo/ros2_ws/install/crazyflie_ros2_multiranger_simple_mapper' for CMake config files
[1.358s] Level 1:colcon.colcon_core.environment:checking '/home/raghav/crazyflie_mapping_demo/ros2_ws/install/crazyflie_ros2_multiranger_simple_mapper/lib'
[1.358s] Level 1:colcon.colcon_core.environment:checking '/home/raghav/crazyflie_mapping_demo/ros2_ws/install/crazyflie_ros2_multiranger_simple_mapper/bin'
[1.358s] Level 1:colcon.colcon_core.environment:checking '/home/raghav/crazyflie_mapping_demo/ros2_ws/install/crazyflie_ros2_multiranger_simple_mapper/lib/pkgconfig/crazyflie_ros2_multiranger_simple_mapper.pc'
[1.358s] Level 1:colcon.colcon_core.environment:checking '/home/raghav/crazyflie_mapping_demo/ros2_ws/install/crazyflie_ros2_multiranger_simple_mapper/lib/python3.10/site-packages'
[1.358s] Level 1:colcon.colcon_core.shell:create_environment_hook('crazyflie_ros2_multiranger_simple_mapper', 'pythonpath')
[1.358s] INFO:colcon.colcon_core.shell:Creating environment hook '/home/raghav/crazyflie_mapping_demo/ros2_ws/install/crazyflie_ros2_multiranger_simple_mapper/share/crazyflie_ros2_multiranger_simple_mapper/hook/pythonpath.ps1'
[1.359s] INFO:colcon.colcon_core.shell:Creating environment descriptor '/home/raghav/crazyflie_mapping_demo/ros2_ws/install/crazyflie_ros2_multiranger_simple_mapper/share/crazyflie_ros2_multiranger_simple_mapper/hook/pythonpath.dsv'
[1.359s] INFO:colcon.colcon_core.shell:Creating environment hook '/home/raghav/crazyflie_mapping_demo/ros2_ws/install/crazyflie_ros2_multiranger_simple_mapper/share/crazyflie_ros2_multiranger_simple_mapper/hook/pythonpath.sh'
[1.360s] Level 1:colcon.colcon_core.environment:checking '/home/raghav/crazyflie_mapping_demo/ros2_ws/install/crazyflie_ros2_multiranger_simple_mapper/bin'
[1.361s] Level 1:colcon.colcon_core.environment:create_environment_scripts_only(crazyflie_ros2_multiranger_simple_mapper)
[1.361s] INFO:colcon.colcon_core.shell:Creating package script '/home/raghav/crazyflie_mapping_demo/ros2_ws/install/crazyflie_ros2_multiranger_simple_mapper/share/crazyflie_ros2_multiranger_simple_mapper/package.ps1'
[1.362s] INFO:colcon.colcon_core.shell:Creating package descriptor '/home/raghav/crazyflie_mapping_demo/ros2_ws/install/crazyflie_ros2_multiranger_simple_mapper/share/crazyflie_ros2_multiranger_simple_mapper/package.dsv'
[1.362s] INFO:colcon.colcon_core.shell:Creating package script '/home/raghav/crazyflie_mapping_demo/ros2_ws/install/crazyflie_ros2_multiranger_simple_mapper/share/crazyflie_ros2_multiranger_simple_mapper/package.sh'
[1.363s] INFO:colcon.colcon_core.shell:Creating package script '/home/raghav/crazyflie_mapping_demo/ros2_ws/install/crazyflie_ros2_multiranger_simple_mapper/share/crazyflie_ros2_multiranger_simple_mapper/package.bash'
[1.363s] INFO:colcon.colcon_core.shell:Creating package script '/home/raghav/crazyflie_mapping_demo/ros2_ws/install/crazyflie_ros2_multiranger_simple_mapper/share/crazyflie_ros2_multiranger_simple_mapper/package.zsh'
[1.363s] Level 1:colcon.colcon_core.environment:create_file_with_runtime_dependencies(/home/raghav/crazyflie_mapping_demo/ros2_ws/install/crazyflie_ros2_multiranger_simple_mapper/share/colcon-core/packages/crazyflie_ros2_multiranger_simple_mapper)
[1.366s] Level 1:colcon.colcon_core.environment:checking '/home/raghav/crazyflie_mapping_demo/ros2_ws/install/crazyflie_ros2_multiranger_wall_following' for CMake module files
[1.366s] Level 1:colcon.colcon_core.environment:checking '/home/raghav/crazyflie_mapping_demo/ros2_ws/install/crazyflie_ros2_multiranger_wall_following' for CMake config files
[1.367s] DEBUG:colcon.colcon_core.event_handler.log_command:Invoking command in '/home/raghav/crazyflie_mapping_demo/ros2_ws/src/crazyswarm2/crazyflie_py': CMAKE_PREFIX_PATH=/home/raghav/crazyflie_mapping_demo/ros2_ws/install/crazyflie_interfaces:/home/raghav/crazyflie_mapping_demo/ros2_ws/install/crazyflie_ros2_multiranger_bringup:/home/raghav/crazyflie_mapping_demo/ros2_ws/install/ros_gz_crazyflie_bringup:/home/raghav/crazyflie_mapping_demo/ros2_ws/install/ros_gz_crazyflie_gazebo:/home/raghav/crazyflie_mapping_demo/ros2_ws/install/crazyflie_sim:/home/raghav/crazyflie_mapping_demo/ros2_ws/install/crazyflie_examples:/home/raghav/crazyflie_mapping_demo/ros2_ws/install/crazyflie PYTHONPATH=/home/raghav/crazyflie_mapping_demo/ros2_ws/build/crazyflie_py/prefix_override:/usr/lib/python3/dist-packages/colcon_core/task/python/colcon_distutils_commands:/home/raghav/crazyflie_mapping_demo/ros2_ws/install/crazyflie_py/lib/python3.10/site-packages:${PYTHONPATH} /usr/bin/python3 -W ignore:setup.py install is deprecated -W ignore:easy_install command is deprecated setup.py egg_info --egg-base ../../../build/crazyflie_py build --build-base /home/raghav/crazyflie_mapping_demo/ros2_ws/build/crazyflie_py/build install --record /home/raghav/crazyflie_mapping_demo/ros2_ws/build/crazyflie_py/install.log --single-version-externally-managed install_data
[1.367s] DEBUG:colcon.colcon_core.event_handler.log_command:Invoked command in '/home/raghav/crazyflie_mapping_demo/ros2_ws/src/crazyflie_ros2_multiranger/crazyflie_ros2_multiranger_wall_following' returned '0': PYTHONPATH=/home/raghav/crazyflie_mapping_demo/ros2_ws/build/crazyflie_ros2_multiranger_wall_following/prefix_override:/usr/lib/python3/dist-packages/colcon_core/task/python/colcon_distutils_commands:/home/raghav/crazyflie_mapping_demo/ros2_ws/install/crazyflie_ros2_multiranger_wall_following/lib/python3.10/site-packages:${PYTHONPATH} /usr/bin/python3 -W ignore:setup.py install is deprecated -W ignore:easy_install command is deprecated setup.py egg_info --egg-base ../../../build/crazyflie_ros2_multiranger_wall_following build --build-base /home/raghav/crazyflie_mapping_demo/ros2_ws/build/crazyflie_ros2_multiranger_wall_following/build install --record /home/raghav/crazyflie_mapping_demo/ros2_ws/build/crazyflie_ros2_multiranger_wall_following/install.log --single-version-externally-managed install_data
[1.368s] Level 1:colcon.colcon_core.environment:checking '/home/raghav/crazyflie_mapping_demo/ros2_ws/install/crazyflie_ros2_multiranger_wall_following/lib'
[1.368s] Level 1:colcon.colcon_core.environment:checking '/home/raghav/crazyflie_mapping_demo/ros2_ws/install/crazyflie_ros2_multiranger_wall_following/bin'
[1.368s] Level 1:colcon.colcon_core.environment:checking '/home/raghav/crazyflie_mapping_demo/ros2_ws/install/crazyflie_ros2_multiranger_wall_following/lib/pkgconfig/crazyflie_ros2_multiranger_wall_following.pc'
[1.368s] Level 1:colcon.colcon_core.environment:checking '/home/raghav/crazyflie_mapping_demo/ros2_ws/install/crazyflie_ros2_multiranger_wall_following/lib/python3.10/site-packages'
[1.368s] Level 1:colcon.colcon_core.shell:create_environment_hook('crazyflie_ros2_multiranger_wall_following', 'pythonpath')
[1.368s] INFO:colcon.colcon_core.shell:Creating environment hook '/home/raghav/crazyflie_mapping_demo/ros2_ws/install/crazyflie_ros2_multiranger_wall_following/share/crazyflie_ros2_multiranger_wall_following/hook/pythonpath.ps1'
[1.368s] INFO:colcon.colcon_core.shell:Creating environment descriptor '/home/raghav/crazyflie_mapping_demo/ros2_ws/install/crazyflie_ros2_multiranger_wall_following/share/crazyflie_ros2_multiranger_wall_following/hook/pythonpath.dsv'
[1.369s] INFO:colcon.colcon_core.shell:Creating environment hook '/home/raghav/crazyflie_mapping_demo/ros2_ws/install/crazyflie_ros2_multiranger_wall_following/share/crazyflie_ros2_multiranger_wall_following/hook/pythonpath.sh'
[1.369s] Level 1:colcon.colcon_core.environment:checking '/home/raghav/crazyflie_mapping_demo/ros2_ws/install/crazyflie_ros2_multiranger_wall_following/bin'
[1.369s] Level 1:colcon.colcon_core.environment:create_environment_scripts_only(crazyflie_ros2_multiranger_wall_following)
[1.370s] INFO:colcon.colcon_core.shell:Creating package script '/home/raghav/crazyflie_mapping_demo/ros2_ws/install/crazyflie_ros2_multiranger_wall_following/share/crazyflie_ros2_multiranger_wall_following/package.ps1'
[1.370s] INFO:colcon.colcon_core.shell:Creating package descriptor '/home/raghav/crazyflie_mapping_demo/ros2_ws/install/crazyflie_ros2_multiranger_wall_following/share/crazyflie_ros2_multiranger_wall_following/package.dsv'
[1.370s] INFO:colcon.colcon_core.shell:Creating package script '/home/raghav/crazyflie_mapping_demo/ros2_ws/install/crazyflie_ros2_multiranger_wall_following/share/crazyflie_ros2_multiranger_wall_following/package.sh'
[1.371s] INFO:colcon.colcon_core.shell:Creating package script '/home/raghav/crazyflie_mapping_demo/ros2_ws/install/crazyflie_ros2_multiranger_wall_following/share/crazyflie_ros2_multiranger_wall_following/package.bash'
[1.371s] INFO:colcon.colcon_core.shell:Creating package script '/home/raghav/crazyflie_mapping_demo/ros2_ws/install/crazyflie_ros2_multiranger_wall_following/share/crazyflie_ros2_multiranger_wall_following/package.zsh'
[1.371s] Level 1:colcon.colcon_core.environment:create_file_with_runtime_dependencies(/home/raghav/crazyflie_mapping_demo/ros2_ws/install/crazyflie_ros2_multiranger_wall_following/share/colcon-core/packages/crazyflie_ros2_multiranger_wall_following)
[1.377s] DEBUG:colcon.colcon_core.event_handler.log_command:Invoked command in '/home/raghav/crazyflie_mapping_demo/ros2_ws/build/crazyflie_sim' returned '0': CMAKE_PREFIX_PATH=/home/raghav/crazyflie_mapping_demo/ros2_ws/install/crazyflie_interfaces:/home/raghav/crazyflie_mapping_demo/ros2_ws/install/crazyflie_ros2_multiranger_bringup:/home/raghav/crazyflie_mapping_demo/ros2_ws/install/ros_gz_crazyflie_bringup:/home/raghav/crazyflie_mapping_demo/ros2_ws/install/ros_gz_crazyflie_gazebo:/home/raghav/crazyflie_mapping_demo/ros2_ws/install/crazyflie_sim:/home/raghav/crazyflie_mapping_demo/ros2_ws/install/crazyflie_examples:/home/raghav/crazyflie_mapping_demo/ros2_ws/install/crazyflie:/home/raghav/crazyflie_mapping_demo/ros2_ws/install/ros_gz_crazyflie_control:/home/raghav/crazyflie_mapping_demo/ros2_ws/install/crazyflie_ros2_multiranger_wall_following:/home/raghav/crazyflie_mapping_demo/ros2_ws/install/crazyflie_ros2_multiranger_simple_mapper:/home/raghav/crazyflie_mapping_demo/ros2_ws/install/crazyflie_py:/opt/ros/humble /usr/bin/cmake --build /home/raghav/crazyflie_mapping_demo/ros2_ws/build/crazyflie_sim -- -j20 -l20
[1.378s] DEBUG:colcon.colcon_core.event_handler.log_command:Invoking command in '/home/raghav/crazyflie_mapping_demo/ros2_ws/build/crazyflie_sim': CMAKE_PREFIX_PATH=/home/raghav/crazyflie_mapping_demo/ros2_ws/install/crazyflie_interfaces:/home/raghav/crazyflie_mapping_demo/ros2_ws/install/crazyflie_ros2_multiranger_bringup:/home/raghav/crazyflie_mapping_demo/ros2_ws/install/ros_gz_crazyflie_bringup:/home/raghav/crazyflie_mapping_demo/ros2_ws/install/ros_gz_crazyflie_gazebo:/home/raghav/crazyflie_mapping_demo/ros2_ws/install/crazyflie_sim:/home/raghav/crazyflie_mapping_demo/ros2_ws/install/crazyflie_examples:/home/raghav/crazyflie_mapping_demo/ros2_ws/install/crazyflie:/home/raghav/crazyflie_mapping_demo/ros2_ws/install/ros_gz_crazyflie_control:/home/raghav/crazyflie_mapping_demo/ros2_ws/install/crazyflie_ros2_multiranger_wall_following:/home/raghav/crazyflie_mapping_demo/ros2_ws/install/crazyflie_ros2_multiranger_simple_mapper:/home/raghav/crazyflie_mapping_demo/ros2_ws/install/crazyflie_py:/opt/ros/humble /usr/bin/cmake --install /home/raghav/crazyflie_mapping_demo/ros2_ws/build/crazyflie_sim
[1.420s] Level 1:colcon.colcon_core.environment:create_environment_scripts_only(crazyflie_sim)
[1.420s] Level 1:colcon.colcon_core.environment:checking '/home/raghav/crazyflie_mapping_demo/ros2_ws/install/crazyflie_sim' for CMake module files
[1.421s] DEBUG:colcon.colcon_core.event_handler.log_command:Invoked command in '/home/raghav/crazyflie_mapping_demo/ros2_ws/build/crazyflie_sim' returned '0': CMAKE_PREFIX_PATH=/home/raghav/crazyflie_mapping_demo/ros2_ws/install/crazyflie_interfaces:/home/raghav/crazyflie_mapping_demo/ros2_ws/install/crazyflie_ros2_multiranger_bringup:/home/raghav/crazyflie_mapping_demo/ros2_ws/install/ros_gz_crazyflie_bringup:/home/raghav/crazyflie_mapping_demo/ros2_ws/install/ros_gz_crazyflie_gazebo:/home/raghav/crazyflie_mapping_demo/ros2_ws/install/crazyflie_sim:/home/raghav/crazyflie_mapping_demo/ros2_ws/install/crazyflie_examples:/home/raghav/crazyflie_mapping_demo/ros2_ws/install/crazyflie:/home/raghav/crazyflie_mapping_demo/ros2_ws/install/ros_gz_crazyflie_control:/home/raghav/crazyflie_mapping_demo/ros2_ws/install/crazyflie_ros2_multiranger_wall_following:/home/raghav/crazyflie_mapping_demo/ros2_ws/install/crazyflie_ros2_multiranger_simple_mapper:/home/raghav/crazyflie_mapping_demo/ros2_ws/install/crazyflie_py:/opt/ros/humble /usr/bin/cmake --install /home/raghav/crazyflie_mapping_demo/ros2_ws/build/crazyflie_sim
[1.421s] Level 1:colcon.colcon_core.environment:checking '/home/raghav/crazyflie_mapping_demo/ros2_ws/install/crazyflie_sim' for CMake config files
[1.422s] Level 1:colcon.colcon_core.shell:create_environment_hook('crazyflie_sim', 'cmake_prefix_path')
[1.422s] INFO:colcon.colcon_core.shell:Creating environment hook '/home/raghav/crazyflie_mapping_demo/ros2_ws/install/crazyflie_sim/share/crazyflie_sim/hook/cmake_prefix_path.ps1'
[1.423s] INFO:colcon.colcon_core.shell:Creating environment descriptor '/home/raghav/crazyflie_mapping_demo/ros2_ws/install/crazyflie_sim/share/crazyflie_sim/hook/cmake_prefix_path.dsv'
[1.423s] INFO:colcon.colcon_core.shell:Creating environment hook '/home/raghav/crazyflie_mapping_demo/ros2_ws/install/crazyflie_sim/share/crazyflie_sim/hook/cmake_prefix_path.sh'
[1.424s] Level 1:colcon.colcon_core.environment:checking '/home/raghav/crazyflie_mapping_demo/ros2_ws/install/crazyflie_sim/lib'
[1.424s] Level 1:colcon.colcon_core.environment:checking '/home/raghav/crazyflie_mapping_demo/ros2_ws/install/crazyflie_sim/bin'
[1.424s] Level 1:colcon.colcon_core.environment:checking '/home/raghav/crazyflie_mapping_demo/ros2_ws/install/crazyflie_sim/lib/pkgconfig/crazyflie_sim.pc'
[1.424s] Level 1:colcon.colcon_core.environment:checking '/home/raghav/crazyflie_mapping_demo/ros2_ws/install/crazyflie_sim/lib/python3.10/site-packages'
[1.424s] Level 1:colcon.colcon_core.environment:checking '/home/raghav/crazyflie_mapping_demo/ros2_ws/install/crazyflie_sim/bin'
[1.424s] INFO:colcon.colcon_core.shell:Creating package script '/home/raghav/crazyflie_mapping_demo/ros2_ws/install/crazyflie_sim/share/crazyflie_sim/package.ps1'
[1.425s] INFO:colcon.colcon_core.shell:Creating package descriptor '/home/raghav/crazyflie_mapping_demo/ros2_ws/install/crazyflie_sim/share/crazyflie_sim/package.dsv'
[1.425s] INFO:colcon.colcon_core.shell:Creating package script '/home/raghav/crazyflie_mapping_demo/ros2_ws/install/crazyflie_sim/share/crazyflie_sim/package.sh'
[1.425s] INFO:colcon.colcon_core.shell:Creating package script '/home/raghav/crazyflie_mapping_demo/ros2_ws/install/crazyflie_sim/share/crazyflie_sim/package.bash'
[1.426s] INFO:colcon.colcon_core.shell:Creating package script '/home/raghav/crazyflie_mapping_demo/ros2_ws/install/crazyflie_sim/share/crazyflie_sim/package.zsh'
[1.426s] Level 1:colcon.colcon_core.environment:create_file_with_runtime_dependencies(/home/raghav/crazyflie_mapping_demo/ros2_ws/install/crazyflie_sim/share/colcon-core/packages/crazyflie_sim)
[1.426s] Level 1:colcon.colcon_core.environment:create_environment_scripts_only(crazyflie_sim)
[1.426s] Level 1:colcon.colcon_core.environment:checking '/home/raghav/crazyflie_mapping_demo/ros2_ws/install/crazyflie_sim' for CMake module files
[1.427s] Level 1:colcon.colcon_core.environment:checking '/home/raghav/crazyflie_mapping_demo/ros2_ws/install/crazyflie_sim' for CMake config files
[1.427s] Level 1:colcon.colcon_core.shell:create_environment_hook('crazyflie_sim', 'cmake_prefix_path')
[1.427s] INFO:colcon.colcon_core.shell:Creating environment hook '/home/raghav/crazyflie_mapping_demo/ros2_ws/install/crazyflie_sim/share/crazyflie_sim/hook/cmake_prefix_path.ps1'
[1.427s] INFO:colcon.colcon_core.shell:Creating environment descriptor '/home/raghav/crazyflie_mapping_demo/ros2_ws/install/crazyflie_sim/share/crazyflie_sim/hook/cmake_prefix_path.dsv'
[1.427s] INFO:colcon.colcon_core.shell:Creating environment hook '/home/raghav/crazyflie_mapping_demo/ros2_ws/install/crazyflie_sim/share/crazyflie_sim/hook/cmake_prefix_path.sh'
[1.428s] Level 1:colcon.colcon_core.environment:checking '/home/raghav/crazyflie_mapping_demo/ros2_ws/install/crazyflie_sim/lib'
[1.428s] Level 1:colcon.colcon_core.environment:checking '/home/raghav/crazyflie_mapping_demo/ros2_ws/install/crazyflie_sim/bin'
[1.428s] Level 1:colcon.colcon_core.environment:checking '/home/raghav/crazyflie_mapping_demo/ros2_ws/install/crazyflie_sim/lib/pkgconfig/crazyflie_sim.pc'
[1.428s] Level 1:colcon.colcon_core.environment:checking '/home/raghav/crazyflie_mapping_demo/ros2_ws/install/crazyflie_sim/lib/python3.10/site-packages'
[1.428s] Level 1:colcon.colcon_core.environment:checking '/home/raghav/crazyflie_mapping_demo/ros2_ws/install/crazyflie_sim/bin'
[1.428s] INFO:colcon.colcon_core.shell:Creating package script '/home/raghav/crazyflie_mapping_demo/ros2_ws/install/crazyflie_sim/share/crazyflie_sim/package.ps1'
[1.429s] INFO:colcon.colcon_core.shell:Creating package descriptor '/home/raghav/crazyflie_mapping_demo/ros2_ws/install/crazyflie_sim/share/crazyflie_sim/package.dsv'
[1.429s] INFO:colcon.colcon_core.shell:Creating package script '/home/raghav/crazyflie_mapping_demo/ros2_ws/install/crazyflie_sim/share/crazyflie_sim/package.sh'
[1.429s] INFO:colcon.colcon_core.shell:Creating package script '/home/raghav/crazyflie_mapping_demo/ros2_ws/install/crazyflie_sim/share/crazyflie_sim/package.bash'
[1.430s] INFO:colcon.colcon_core.shell:Creating package script '/home/raghav/crazyflie_mapping_demo/ros2_ws/install/crazyflie_sim/share/crazyflie_sim/package.zsh'
[1.430s] Level 1:colcon.colcon_core.environment:create_file_with_runtime_dependencies(/home/raghav/crazyflie_mapping_demo/ros2_ws/install/crazyflie_sim/share/colcon-core/packages/crazyflie_sim)
[1.544s] Level 1:colcon.colcon_core.environment:checking '/home/raghav/crazyflie_mapping_demo/ros2_ws/install/crazyflie_py' for CMake module files
[1.545s] DEBUG:colcon.colcon_core.event_handler.log_command:Invoked command in '/home/raghav/crazyflie_mapping_demo/ros2_ws/src/crazyswarm2/crazyflie_py' returned '0': CMAKE_PREFIX_PATH=/home/raghav/crazyflie_mapping_demo/ros2_ws/install/crazyflie_interfaces:/home/raghav/crazyflie_mapping_demo/ros2_ws/install/crazyflie_ros2_multiranger_bringup:/home/raghav/crazyflie_mapping_demo/ros2_ws/install/ros_gz_crazyflie_bringup:/home/raghav/crazyflie_mapping_demo/ros2_ws/install/ros_gz_crazyflie_gazebo:/home/raghav/crazyflie_mapping_demo/ros2_ws/install/crazyflie_sim:/home/raghav/crazyflie_mapping_demo/ros2_ws/install/crazyflie_examples:/home/raghav/crazyflie_mapping_demo/ros2_ws/install/crazyflie PYTHONPATH=/home/raghav/crazyflie_mapping_demo/ros2_ws/build/crazyflie_py/prefix_override:/usr/lib/python3/dist-packages/colcon_core/task/python/colcon_distutils_commands:/home/raghav/crazyflie_mapping_demo/ros2_ws/install/crazyflie_py/lib/python3.10/site-packages:${PYTHONPATH} /usr/bin/python3 -W ignore:setup.py install is deprecated -W ignore:easy_install command is deprecated setup.py egg_info --egg-base ../../../build/crazyflie_py build --build-base /home/raghav/crazyflie_mapping_demo/ros2_ws/build/crazyflie_py/build install --record /home/raghav/crazyflie_mapping_demo/ros2_ws/build/crazyflie_py/install.log --single-version-externally-managed install_data
[1.545s] Level 1:colcon.colcon_core.environment:checking '/home/raghav/crazyflie_mapping_demo/ros2_ws/install/crazyflie_py' for CMake config files
[1.545s] Level 1:colcon.colcon_core.environment:checking '/home/raghav/crazyflie_mapping_demo/ros2_ws/install/crazyflie_py/lib'
[1.545s] Level 1:colcon.colcon_core.environment:checking '/home/raghav/crazyflie_mapping_demo/ros2_ws/install/crazyflie_py/bin'
[1.545s] Level 1:colcon.colcon_core.environment:checking '/home/raghav/crazyflie_mapping_demo/ros2_ws/install/crazyflie_py/lib/pkgconfig/crazyflie_py.pc'
[1.545s] Level 1:colcon.colcon_core.environment:checking '/home/raghav/crazyflie_mapping_demo/ros2_ws/install/crazyflie_py/lib/python3.10/site-packages'
[1.545s] Level 1:colcon.colcon_core.shell:create_environment_hook('crazyflie_py', 'pythonpath')
[1.545s] INFO:colcon.colcon_core.shell:Creating environment hook '/home/raghav/crazyflie_mapping_demo/ros2_ws/install/crazyflie_py/share/crazyflie_py/hook/pythonpath.ps1'
[1.546s] INFO:colcon.colcon_core.shell:Creating environment descriptor '/home/raghav/crazyflie_mapping_demo/ros2_ws/install/crazyflie_py/share/crazyflie_py/hook/pythonpath.dsv'
[1.546s] INFO:colcon.colcon_core.shell:Creating environment hook '/home/raghav/crazyflie_mapping_demo/ros2_ws/install/crazyflie_py/share/crazyflie_py/hook/pythonpath.sh'
[1.546s] Level 1:colcon.colcon_core.environment:checking '/home/raghav/crazyflie_mapping_demo/ros2_ws/install/crazyflie_py/bin'
[1.547s] Level 1:colcon.colcon_core.environment:create_environment_scripts_only(crazyflie_py)
[1.547s] INFO:colcon.colcon_core.shell:Creating package script '/home/raghav/crazyflie_mapping_demo/ros2_ws/install/crazyflie_py/share/crazyflie_py/package.ps1'
[1.547s] INFO:colcon.colcon_core.shell:Creating package descriptor '/home/raghav/crazyflie_mapping_demo/ros2_ws/install/crazyflie_py/share/crazyflie_py/package.dsv'
[1.547s] INFO:colcon.colcon_core.shell:Creating package script '/home/raghav/crazyflie_mapping_demo/ros2_ws/install/crazyflie_py/share/crazyflie_py/package.sh'
[1.548s] INFO:colcon.colcon_core.shell:Creating package script '/home/raghav/crazyflie_mapping_demo/ros2_ws/install/crazyflie_py/share/crazyflie_py/package.bash'
[1.548s] INFO:colcon.colcon_core.shell:Creating package script '/home/raghav/crazyflie_mapping_demo/ros2_ws/install/crazyflie_py/share/crazyflie_py/package.zsh'
[1.548s] Level 1:colcon.colcon_core.environment:create_file_with_runtime_dependencies(/home/raghav/crazyflie_mapping_demo/ros2_ws/install/crazyflie_py/share/colcon-core/packages/crazyflie_py)
[1.548s] INFO:colcon.colcon_ros.task.ament_cmake.build:Building ROS package in '/home/raghav/crazyflie_mapping_demo/ros2_ws/src/crazyswarm2/crazyflie_examples' with build type 'ament_cmake'
[1.548s] INFO:colcon.colcon_cmake.task.cmake.build:Building CMake package in '/home/raghav/crazyflie_mapping_demo/ros2_ws/src/crazyswarm2/crazyflie_examples'
[1.548s] INFO:colcon.colcon_core.shell:Skip shell extension 'powershell' for command environment: Not usable outside of PowerShell
[1.548s] DEBUG:colcon.colcon_core.shell:Skip shell extension 'dsv' for command environment
[1.560s] DEBUG:colcon.colcon_core.event_handler.log_command:Invoking command in '/home/raghav/crazyflie_mapping_demo/ros2_ws/build/crazyflie_examples': AMENT_PREFIX_PATH=/home/raghav/crazyflie_mapping_demo/ros2_ws/install/crazyflie_py:/home/raghav/crazyflie_mapping_demo/ros2_ws/install/crazyflie_ros2_multiranger_bringup:/home/raghav/crazyflie_mapping_demo/ros2_ws/install/ros_gz_crazyflie_bringup:/home/raghav/crazyflie_mapping_demo/ros2_ws/install/ros_gz_crazyflie_gazebo:/home/raghav/crazyflie_mapping_demo/ros2_ws/install/ros_gz_crazyflie_control:/home/raghav/crazyflie_mapping_demo/ros2_ws/install/crazyflie_sim:/home/raghav/crazyflie_mapping_demo/ros2_ws/install/crazyflie_ros2_multiranger_wall_following:/home/raghav/crazyflie_mapping_demo/ros2_ws/install/crazyflie_ros2_multiranger_simple_mapper:/home/raghav/crazyflie_mapping_demo/ros2_ws/install/crazyflie_examples:/home/raghav/crazyflie_mapping_demo/ros2_ws/install/crazyflie:/home/raghav/crazyflie_mapping_demo/ros2_ws/install/crazyflie_interfaces:/opt/ros/humble CMAKE_PREFIX_PATH=/home/raghav/crazyflie_mapping_demo/ros2_ws/install/crazyflie_interfaces:/home/raghav/crazyflie_mapping_demo/ros2_ws/install/crazyflie_ros2_multiranger_bringup:/home/raghav/crazyflie_mapping_demo/ros2_ws/install/ros_gz_crazyflie_bringup:/home/raghav/crazyflie_mapping_demo/ros2_ws/install/ros_gz_crazyflie_gazebo:/home/raghav/crazyflie_mapping_demo/ros2_ws/install/crazyflie_sim:/home/raghav/crazyflie_mapping_demo/ros2_ws/install/crazyflie_examples:/home/raghav/crazyflie_mapping_demo/ros2_ws/install/crazyflie:/home/raghav/crazyflie_mapping_demo/ros2_ws/install/ros_gz_crazyflie_control:/home/raghav/crazyflie_mapping_demo/ros2_ws/install/crazyflie_ros2_multiranger_wall_following:/home/raghav/crazyflie_mapping_demo/ros2_ws/install/crazyflie_ros2_multiranger_simple_mapper:/home/raghav/crazyflie_mapping_demo/ros2_ws/install/crazyflie_py:/opt/ros/humble PYTHONPATH=/home/raghav/crazyflie_mapping_demo/ros2_ws/install/crazyflie_py/lib/python3.10/site-packages:/home/raghav/crazyflie_mapping_demo/ros2_ws/install/ros_gz_crazyflie_control/lib/python3.10/site-packages:/home/raghav/crazyflie_mapping_demo/ros2_ws/install/crazyflie_sim/local/lib/python3.10/dist-packages:/home/raghav/crazyflie_mapping_demo/ros2_ws/install/crazyflie_ros2_multiranger_wall_following/lib/python3.10/site-packages:/home/raghav/crazyflie_mapping_demo/ros2_ws/install/crazyflie_ros2_multiranger_simple_mapper/lib/python3.10/site-packages:/home/raghav/crazyflie_mapping_demo/ros2_ws/install/crazyflie_examples/local/lib/python3.10/dist-packages:/home/raghav/crazyflie_mapping_demo/ros2_ws/install/crazyflie_interfaces/local/lib/python3.10/dist-packages:/opt/ros/humble/lib/python3.10/site-packages:/opt/ros/humble/local/lib/python3.10/dist-packages /usr/bin/cmake --build /home/raghav/crazyflie_mapping_demo/ros2_ws/build/crazyflie_examples -- -j20 -l20
[1.833s] DEBUG:colcon.colcon_core.event_handler.log_command:Invoked command in '/home/raghav/crazyflie_mapping_demo/ros2_ws/build/crazyflie_examples' returned '0': AMENT_PREFIX_PATH=/home/raghav/crazyflie_mapping_demo/ros2_ws/install/crazyflie_py:/home/raghav/crazyflie_mapping_demo/ros2_ws/install/crazyflie_ros2_multiranger_bringup:/home/raghav/crazyflie_mapping_demo/ros2_ws/install/ros_gz_crazyflie_bringup:/home/raghav/crazyflie_mapping_demo/ros2_ws/install/ros_gz_crazyflie_gazebo:/home/raghav/crazyflie_mapping_demo/ros2_ws/install/ros_gz_crazyflie_control:/home/raghav/crazyflie_mapping_demo/ros2_ws/install/crazyflie_sim:/home/raghav/crazyflie_mapping_demo/ros2_ws/install/crazyflie_ros2_multiranger_wall_following:/home/raghav/crazyflie_mapping_demo/ros2_ws/install/crazyflie_ros2_multiranger_simple_mapper:/home/raghav/crazyflie_mapping_demo/ros2_ws/install/crazyflie_examples:/home/raghav/crazyflie_mapping_demo/ros2_ws/install/crazyflie:/home/raghav/crazyflie_mapping_demo/ros2_ws/install/crazyflie_interfaces:/opt/ros/humble CMAKE_PREFIX_PATH=/home/raghav/crazyflie_mapping_demo/ros2_ws/install/crazyflie_interfaces:/home/raghav/crazyflie_mapping_demo/ros2_ws/install/crazyflie_ros2_multiranger_bringup:/home/raghav/crazyflie_mapping_demo/ros2_ws/install/ros_gz_crazyflie_bringup:/home/raghav/crazyflie_mapping_demo/ros2_ws/install/ros_gz_crazyflie_gazebo:/home/raghav/crazyflie_mapping_demo/ros2_ws/install/crazyflie_sim:/home/raghav/crazyflie_mapping_demo/ros2_ws/install/crazyflie_examples:/home/raghav/crazyflie_mapping_demo/ros2_ws/install/crazyflie:/home/raghav/crazyflie_mapping_demo/ros2_ws/install/ros_gz_crazyflie_control:/home/raghav/crazyflie_mapping_demo/ros2_ws/install/crazyflie_ros2_multiranger_wall_following:/home/raghav/crazyflie_mapping_demo/ros2_ws/install/crazyflie_ros2_multiranger_simple_mapper:/home/raghav/crazyflie_mapping_demo/ros2_ws/install/crazyflie_py:/opt/ros/humble PYTHONPATH=/home/raghav/crazyflie_mapping_demo/ros2_ws/install/crazyflie_py/lib/python3.10/site-packages:/home/raghav/crazyflie_mapping_demo/ros2_ws/install/ros_gz_crazyflie_control/lib/python3.10/site-packages:/home/raghav/crazyflie_mapping_demo/ros2_ws/install/crazyflie_sim/local/lib/python3.10/dist-packages:/home/raghav/crazyflie_mapping_demo/ros2_ws/install/crazyflie_ros2_multiranger_wall_following/lib/python3.10/site-packages:/home/raghav/crazyflie_mapping_demo/ros2_ws/install/crazyflie_ros2_multiranger_simple_mapper/lib/python3.10/site-packages:/home/raghav/crazyflie_mapping_demo/ros2_ws/install/crazyflie_examples/local/lib/python3.10/dist-packages:/home/raghav/crazyflie_mapping_demo/ros2_ws/install/crazyflie_interfaces/local/lib/python3.10/dist-packages:/opt/ros/humble/lib/python3.10/site-packages:/opt/ros/humble/local/lib/python3.10/dist-packages /usr/bin/cmake --build /home/raghav/crazyflie_mapping_demo/ros2_ws/build/crazyflie_examples -- -j20 -l20
[1.835s] DEBUG:colcon.colcon_core.event_handler.log_command:Invoking command in '/home/raghav/crazyflie_mapping_demo/ros2_ws/build/crazyflie_examples': AMENT_PREFIX_PATH=/home/raghav/crazyflie_mapping_demo/ros2_ws/install/crazyflie_py:/home/raghav/crazyflie_mapping_demo/ros2_ws/install/crazyflie_ros2_multiranger_bringup:/home/raghav/crazyflie_mapping_demo/ros2_ws/install/ros_gz_crazyflie_bringup:/home/raghav/crazyflie_mapping_demo/ros2_ws/install/ros_gz_crazyflie_gazebo:/home/raghav/crazyflie_mapping_demo/ros2_ws/install/ros_gz_crazyflie_control:/home/raghav/crazyflie_mapping_demo/ros2_ws/install/crazyflie_sim:/home/raghav/crazyflie_mapping_demo/ros2_ws/install/crazyflie_ros2_multiranger_wall_following:/home/raghav/crazyflie_mapping_demo/ros2_ws/install/crazyflie_ros2_multiranger_simple_mapper:/home/raghav/crazyflie_mapping_demo/ros2_ws/install/crazyflie_examples:/home/raghav/crazyflie_mapping_demo/ros2_ws/install/crazyflie:/home/raghav/crazyflie_mapping_demo/ros2_ws/install/crazyflie_interfaces:/opt/ros/humble CMAKE_PREFIX_PATH=/home/raghav/crazyflie_mapping_demo/ros2_ws/install/crazyflie_interfaces:/home/raghav/crazyflie_mapping_demo/ros2_ws/install/crazyflie_ros2_multiranger_bringup:/home/raghav/crazyflie_mapping_demo/ros2_ws/install/ros_gz_crazyflie_bringup:/home/raghav/crazyflie_mapping_demo/ros2_ws/install/ros_gz_crazyflie_gazebo:/home/raghav/crazyflie_mapping_demo/ros2_ws/install/crazyflie_sim:/home/raghav/crazyflie_mapping_demo/ros2_ws/install/crazyflie_examples:/home/raghav/crazyflie_mapping_demo/ros2_ws/install/crazyflie:/home/raghav/crazyflie_mapping_demo/ros2_ws/install/ros_gz_crazyflie_control:/home/raghav/crazyflie_mapping_demo/ros2_ws/install/crazyflie_ros2_multiranger_wall_following:/home/raghav/crazyflie_mapping_demo/ros2_ws/install/crazyflie_ros2_multiranger_simple_mapper:/home/raghav/crazyflie_mapping_demo/ros2_ws/install/crazyflie_py:/opt/ros/humble PYTHONPATH=/home/raghav/crazyflie_mapping_demo/ros2_ws/install/crazyflie_py/lib/python3.10/site-packages:/home/raghav/crazyflie_mapping_demo/ros2_ws/install/ros_gz_crazyflie_control/lib/python3.10/site-packages:/home/raghav/crazyflie_mapping_demo/ros2_ws/install/crazyflie_sim/local/lib/python3.10/dist-packages:/home/raghav/crazyflie_mapping_demo/ros2_ws/install/crazyflie_ros2_multiranger_wall_following/lib/python3.10/site-packages:/home/raghav/crazyflie_mapping_demo/ros2_ws/install/crazyflie_ros2_multiranger_simple_mapper/lib/python3.10/site-packages:/home/raghav/crazyflie_mapping_demo/ros2_ws/install/crazyflie_examples/local/lib/python3.10/dist-packages:/home/raghav/crazyflie_mapping_demo/ros2_ws/install/crazyflie_interfaces/local/lib/python3.10/dist-packages:/opt/ros/humble/lib/python3.10/site-packages:/opt/ros/humble/local/lib/python3.10/dist-packages /usr/bin/cmake --install /home/raghav/crazyflie_mapping_demo/ros2_ws/build/crazyflie_examples
[1.877s] Level 1:colcon.colcon_core.environment:create_environment_scripts_only(crazyflie_examples)
[1.878s] Level 1:colcon.colcon_core.environment:checking '/home/raghav/crazyflie_mapping_demo/ros2_ws/install/crazyflie_examples' for CMake module files
[1.878s] DEBUG:colcon.colcon_core.event_handler.log_command:Invoked command in '/home/raghav/crazyflie_mapping_demo/ros2_ws/build/crazyflie_examples' returned '0': AMENT_PREFIX_PATH=/home/raghav/crazyflie_mapping_demo/ros2_ws/install/crazyflie_py:/home/raghav/crazyflie_mapping_demo/ros2_ws/install/crazyflie_ros2_multiranger_bringup:/home/raghav/crazyflie_mapping_demo/ros2_ws/install/ros_gz_crazyflie_bringup:/home/raghav/crazyflie_mapping_demo/ros2_ws/install/ros_gz_crazyflie_gazebo:/home/raghav/crazyflie_mapping_demo/ros2_ws/install/ros_gz_crazyflie_control:/home/raghav/crazyflie_mapping_demo/ros2_ws/install/crazyflie_sim:/home/raghav/crazyflie_mapping_demo/ros2_ws/install/crazyflie_ros2_multiranger_wall_following:/home/raghav/crazyflie_mapping_demo/ros2_ws/install/crazyflie_ros2_multiranger_simple_mapper:/home/raghav/crazyflie_mapping_demo/ros2_ws/install/crazyflie_examples:/home/raghav/crazyflie_mapping_demo/ros2_ws/install/crazyflie:/home/raghav/crazyflie_mapping_demo/ros2_ws/install/crazyflie_interfaces:/opt/ros/humble CMAKE_PREFIX_PATH=/home/raghav/crazyflie_mapping_demo/ros2_ws/install/crazyflie_interfaces:/home/raghav/crazyflie_mapping_demo/ros2_ws/install/crazyflie_ros2_multiranger_bringup:/home/raghav/crazyflie_mapping_demo/ros2_ws/install/ros_gz_crazyflie_bringup:/home/raghav/crazyflie_mapping_demo/ros2_ws/install/ros_gz_crazyflie_gazebo:/home/raghav/crazyflie_mapping_demo/ros2_ws/install/crazyflie_sim:/home/raghav/crazyflie_mapping_demo/ros2_ws/install/crazyflie_examples:/home/raghav/crazyflie_mapping_demo/ros2_ws/install/crazyflie:/home/raghav/crazyflie_mapping_demo/ros2_ws/install/ros_gz_crazyflie_control:/home/raghav/crazyflie_mapping_demo/ros2_ws/install/crazyflie_ros2_multiranger_wall_following:/home/raghav/crazyflie_mapping_demo/ros2_ws/install/crazyflie_ros2_multiranger_simple_mapper:/home/raghav/crazyflie_mapping_demo/ros2_ws/install/crazyflie_py:/opt/ros/humble PYTHONPATH=/home/raghav/crazyflie_mapping_demo/ros2_ws/install/crazyflie_py/lib/python3.10/site-packages:/home/raghav/crazyflie_mapping_demo/ros2_ws/install/ros_gz_crazyflie_control/lib/python3.10/site-packages:/home/raghav/crazyflie_mapping_demo/ros2_ws/install/crazyflie_sim/local/lib/python3.10/dist-packages:/home/raghav/crazyflie_mapping_demo/ros2_ws/install/crazyflie_ros2_multiranger_wall_following/lib/python3.10/site-packages:/home/raghav/crazyflie_mapping_demo/ros2_ws/install/crazyflie_ros2_multiranger_simple_mapper/lib/python3.10/site-packages:/home/raghav/crazyflie_mapping_demo/ros2_ws/install/crazyflie_examples/local/lib/python3.10/dist-packages:/home/raghav/crazyflie_mapping_demo/ros2_ws/install/crazyflie_interfaces/local/lib/python3.10/dist-packages:/opt/ros/humble/lib/python3.10/site-packages:/opt/ros/humble/local/lib/python3.10/dist-packages /usr/bin/cmake --install /home/raghav/crazyflie_mapping_demo/ros2_ws/build/crazyflie_examples
[1.878s] Level 1:colcon.colcon_core.environment:checking '/home/raghav/crazyflie_mapping_demo/ros2_ws/install/crazyflie_examples' for CMake config files
[1.879s] Level 1:colcon.colcon_core.shell:create_environment_hook('crazyflie_examples', 'cmake_prefix_path')
[1.879s] INFO:colcon.colcon_core.shell:Creating environment hook '/home/raghav/crazyflie_mapping_demo/ros2_ws/install/crazyflie_examples/share/crazyflie_examples/hook/cmake_prefix_path.ps1'
[1.879s] INFO:colcon.colcon_core.shell:Creating environment descriptor '/home/raghav/crazyflie_mapping_demo/ros2_ws/install/crazyflie_examples/share/crazyflie_examples/hook/cmake_prefix_path.dsv'
[1.879s] INFO:colcon.colcon_core.shell:Creating environment hook '/home/raghav/crazyflie_mapping_demo/ros2_ws/install/crazyflie_examples/share/crazyflie_examples/hook/cmake_prefix_path.sh'
[1.880s] Level 1:colcon.colcon_core.environment:checking '/home/raghav/crazyflie_mapping_demo/ros2_ws/install/crazyflie_examples/lib'
[1.880s] Level 1:colcon.colcon_core.environment:checking '/home/raghav/crazyflie_mapping_demo/ros2_ws/install/crazyflie_examples/bin'
[1.880s] Level 1:colcon.colcon_core.environment:checking '/home/raghav/crazyflie_mapping_demo/ros2_ws/install/crazyflie_examples/lib/pkgconfig/crazyflie_examples.pc'
[1.880s] Level 1:colcon.colcon_core.environment:checking '/home/raghav/crazyflie_mapping_demo/ros2_ws/install/crazyflie_examples/lib/python3.10/site-packages'
[1.880s] Level 1:colcon.colcon_core.environment:checking '/home/raghav/crazyflie_mapping_demo/ros2_ws/install/crazyflie_examples/bin'
[1.880s] INFO:colcon.colcon_core.shell:Creating package script '/home/raghav/crazyflie_mapping_demo/ros2_ws/install/crazyflie_examples/share/crazyflie_examples/package.ps1'
[1.881s] INFO:colcon.colcon_core.shell:Creating package descriptor '/home/raghav/crazyflie_mapping_demo/ros2_ws/install/crazyflie_examples/share/crazyflie_examples/package.dsv'
[1.881s] INFO:colcon.colcon_core.shell:Creating package script '/home/raghav/crazyflie_mapping_demo/ros2_ws/install/crazyflie_examples/share/crazyflie_examples/package.sh'
[1.881s] INFO:colcon.colcon_core.shell:Creating package script '/home/raghav/crazyflie_mapping_demo/ros2_ws/install/crazyflie_examples/share/crazyflie_examples/package.bash'
[1.881s] INFO:colcon.colcon_core.shell:Creating package script '/home/raghav/crazyflie_mapping_demo/ros2_ws/install/crazyflie_examples/share/crazyflie_examples/package.zsh'
[1.882s] Level 1:colcon.colcon_core.environment:create_file_with_runtime_dependencies(/home/raghav/crazyflie_mapping_demo/ros2_ws/install/crazyflie_examples/share/colcon-core/packages/crazyflie_examples)
[1.882s] Level 1:colcon.colcon_core.environment:create_environment_scripts_only(crazyflie_examples)
[1.882s] Level 1:colcon.colcon_core.environment:checking '/home/raghav/crazyflie_mapping_demo/ros2_ws/install/crazyflie_examples' for CMake module files
[1.882s] Level 1:colcon.colcon_core.environment:checking '/home/raghav/crazyflie_mapping_demo/ros2_ws/install/crazyflie_examples' for CMake config files
[1.882s] Level 1:colcon.colcon_core.shell:create_environment_hook('crazyflie_examples', 'cmake_prefix_path')
[1.883s] INFO:colcon.colcon_core.shell:Creating environment hook '/home/raghav/crazyflie_mapping_demo/ros2_ws/install/crazyflie_examples/share/crazyflie_examples/hook/cmake_prefix_path.ps1'
[1.883s] INFO:colcon.colcon_core.shell:Creating environment descriptor '/home/raghav/crazyflie_mapping_demo/ros2_ws/install/crazyflie_examples/share/crazyflie_examples/hook/cmake_prefix_path.dsv'
[1.883s] INFO:colcon.colcon_core.shell:Creating environment hook '/home/raghav/crazyflie_mapping_demo/ros2_ws/install/crazyflie_examples/share/crazyflie_examples/hook/cmake_prefix_path.sh'
[1.883s] Level 1:colcon.colcon_core.environment:checking '/home/raghav/crazyflie_mapping_demo/ros2_ws/install/crazyflie_examples/lib'
[1.883s] Level 1:colcon.colcon_core.environment:checking '/home/raghav/crazyflie_mapping_demo/ros2_ws/install/crazyflie_examples/bin'
[1.883s] Level 1:colcon.colcon_core.environment:checking '/home/raghav/crazyflie_mapping_demo/ros2_ws/install/crazyflie_examples/lib/pkgconfig/crazyflie_examples.pc'
[1.884s] Level 1:colcon.colcon_core.environment:checking '/home/raghav/crazyflie_mapping_demo/ros2_ws/install/crazyflie_examples/lib/python3.10/site-packages'
[1.884s] Level 1:colcon.colcon_core.environment:checking '/home/raghav/crazyflie_mapping_demo/ros2_ws/install/crazyflie_examples/bin'
[1.884s] INFO:colcon.colcon_core.shell:Creating package script '/home/raghav/crazyflie_mapping_demo/ros2_ws/install/crazyflie_examples/share/crazyflie_examples/package.ps1'
[1.884s] INFO:colcon.colcon_core.shell:Creating package descriptor '/home/raghav/crazyflie_mapping_demo/ros2_ws/install/crazyflie_examples/share/crazyflie_examples/package.dsv'
[1.885s] INFO:colcon.colcon_core.shell:Creating package script '/home/raghav/crazyflie_mapping_demo/ros2_ws/install/crazyflie_examples/share/crazyflie_examples/package.sh'
[1.885s] INFO:colcon.colcon_core.shell:Creating package script '/home/raghav/crazyflie_mapping_demo/ros2_ws/install/crazyflie_examples/share/crazyflie_examples/package.bash'
[1.885s] INFO:colcon.colcon_core.shell:Creating package script '/home/raghav/crazyflie_mapping_demo/ros2_ws/install/crazyflie_examples/share/crazyflie_examples/package.zsh'
[1.885s] Level 1:colcon.colcon_core.environment:create_file_with_runtime_dependencies(/home/raghav/crazyflie_mapping_demo/ros2_ws/install/crazyflie_examples/share/colcon-core/packages/crazyflie_examples)
[1.885s] DEBUG:colcon.colcon_parallel_executor.executor.parallel:closing loop
[1.886s] DEBUG:colcon.colcon_parallel_executor.executor.parallel:loop closed
[1.886s] DEBUG:colcon.colcon_parallel_executor.executor.parallel:run_until_complete finished with '0'
[1.886s] DEBUG:colcon.colcon_core.event_reactor:joining thread
[1.890s] INFO:colcon.colcon_core.plugin_system:Skipping extension 'colcon_notification.desktop_notification.terminal_notifier': Not used on non-Darwin systems
[1.890s] INFO:colcon.colcon_core.plugin_system:Skipping extension 'colcon_notification.desktop_notification.win32': Not used on non-Windows systems
[1.890s] INFO:colcon.colcon_notification.desktop_notification:Sending desktop notification using 'notify2'
[1.903s] DEBUG:colcon.colcon_core.event_reactor:joined thread
[1.903s] INFO:colcon.colcon_core.shell:Creating prefix script '/home/raghav/crazyflie_mapping_demo/ros2_ws/install/local_setup.ps1'
[1.904s] INFO:colcon.colcon_core.shell:Creating prefix util module '/home/raghav/crazyflie_mapping_demo/ros2_ws/install/_local_setup_util_ps1.py'
[1.905s] INFO:colcon.colcon_core.shell:Creating prefix chain script '/home/raghav/crazyflie_mapping_demo/ros2_ws/install/setup.ps1'
[1.906s] INFO:colcon.colcon_core.shell:Creating prefix script '/home/raghav/crazyflie_mapping_demo/ros2_ws/install/local_setup.sh'
[1.907s] INFO:colcon.colcon_core.shell:Creating prefix util module '/home/raghav/crazyflie_mapping_demo/ros2_ws/install/_local_setup_util_sh.py'
[1.907s] INFO:colcon.colcon_core.shell:Creating prefix chain script '/home/raghav/crazyflie_mapping_demo/ros2_ws/install/setup.sh'
[1.909s] INFO:colcon.colcon_core.shell:Creating prefix script '/home/raghav/crazyflie_mapping_demo/ros2_ws/install/local_setup.bash'
[1.909s] INFO:colcon.colcon_core.shell:Creating prefix chain script '/home/raghav/crazyflie_mapping_demo/ros2_ws/install/setup.bash'
[1.910s] INFO:colcon.colcon_core.shell:Creating prefix script '/home/raghav/crazyflie_mapping_demo/ros2_ws/install/local_setup.zsh'
[1.911s] INFO:colcon.colcon_core.shell:Creating prefix chain script '/home/raghav/crazyflie_mapping_demo/ros2_ws/install/setup.zsh'
