[0.000000] (-) TimerEvent: {}
[0.001241] (crazyflie_interfaces) JobQueued: {'identifier': 'crazyflie_interfaces', 'dependencies': OrderedDict()}
[0.001528] (crazyflie_ros2_multiranger_simple_mapper) JobQueued: {'identifier': 'crazyflie_ros2_multiranger_simple_mapper', 'dependencies': OrderedDict()}
[0.001813] (crazyflie_ros2_multiranger_wall_following) JobQueued: {'identifier': 'crazyflie_ros2_multiranger_wall_following', 'dependencies': OrderedDict()}
[0.002016] (ros_gz_crazyflie_control) JobQueued: {'identifier': 'ros_gz_crazyflie_control', 'dependencies': OrderedDict()}
[0.002081] (ros_gz_crazyflie_gazebo) JobQueued: {'identifier': 'ros_gz_crazyflie_gazebo', 'dependencies': OrderedDict()}
[0.002142] (crazyflie) JobQueued: {'identifier': 'crazyflie', 'dependencies': OrderedDict([('crazyflie_interfaces', '/home/raghav/crazyflie_mapping_demo/ros2_ws/install/crazyflie_interfaces')])}
[0.002566] (crazyflie_py) JobQueued: {'identifier': 'crazyflie_py', 'dependencies': OrderedDict([('crazyflie_interfaces', '/home/raghav/crazyflie_mapping_demo/ros2_ws/install/crazyflie_interfaces')])}
[0.003333] (crazyflie_sim) JobQueued: {'identifier': 'crazyflie_sim', 'dependencies': OrderedDict([('crazyflie_interfaces', '/home/raghav/crazyflie_mapping_demo/ros2_ws/install/crazyflie_interfaces')])}
[0.003424] (ros_gz_crazyflie_bringup) JobQueued: {'identifier': 'ros_gz_crazyflie_bringup', 'dependencies': OrderedDict([('ros_gz_crazyflie_gazebo', '/home/raghav/crazyflie_mapping_demo/ros2_ws/install/ros_gz_crazyflie_gazebo')])}
[0.003898] (crazyflie_examples) JobQueued: {'identifier': 'crazyflie_examples', 'dependencies': OrderedDict([('crazyflie_interfaces', '/home/raghav/crazyflie_mapping_demo/ros2_ws/install/crazyflie_interfaces'), ('crazyflie_py', '/home/raghav/crazyflie_mapping_demo/ros2_ws/install/crazyflie_py')])}
[0.003963] (crazyflie_ros2_multiranger_bringup) JobQueued: {'identifier': 'crazyflie_ros2_multiranger_bringup', 'dependencies': OrderedDict([('ros_gz_crazyflie_gazebo', '/home/raghav/crazyflie_mapping_demo/ros2_ws/install/ros_gz_crazyflie_gazebo'), ('ros_gz_crazyflie_bringup', '/home/raghav/crazyflie_mapping_demo/ros2_ws/install/ros_gz_crazyflie_bringup')])}
[0.004090] (crazyflie_interfaces) JobStarted: {'identifier': 'crazyflie_interfaces'}
[0.009792] (ros_gz_crazyflie_gazebo) JobStarted: {'identifier': 'ros_gz_crazyflie_gazebo'}
[0.015543] (crazyflie_ros2_multiranger_simple_mapper) JobStarted: {'identifier': 'crazyflie_ros2_multiranger_simple_mapper'}
[0.025387] (crazyflie_ros2_multiranger_wall_following) JobStarted: {'identifier': 'crazyflie_ros2_multiranger_wall_following'}
[0.039381] (ros_gz_crazyflie_control) JobStarted: {'identifier': 'ros_gz_crazyflie_control'}
[0.057914] (crazyflie_interfaces) JobProgress: {'identifier': 'crazyflie_interfaces', 'progress': 'cmake'}
[0.059054] (crazyflie_interfaces) JobProgress: {'identifier': 'crazyflie_interfaces', 'progress': 'build'}
[0.060081] (crazyflie_interfaces) Command: {'cmd': ['/usr/bin/cmake', '--build', '/home/raghav/crazyflie_mapping_demo/ros2_ws/build/crazyflie_interfaces', '--', '-j20', '-l20'], 'cwd': '/home/raghav/crazyflie_mapping_demo/ros2_ws/build/crazyflie_interfaces', 'env': OrderedDict([('LESSOPEN', '| /usr/bin/lesspipe %s'), ('LANGUAGE', 'en_IN:en'), ('USER', 'raghav'), ('XDG_SESSION_TYPE', 'x11'), ('SHLVL', '1'), ('LD_LIBRARY_PATH', '/opt/ros/humble/opt/rviz_ogre_vendor/lib:/opt/ros/humble/lib/x86_64-linux-gnu:/opt/ros/humble/lib'), ('HOME', '/home/raghav'), ('OLDPWD', '/home/raghav/crazyflie_mapping_demo/ros2_ws'), ('DESKTOP_SESSION', 'ubuntu'), ('ROS_PYTHON_VERSION', '3'), ('GNOME_SHELL_SESSION_MODE', 'ubuntu'), ('GTK_MODULES', 'gail:atk-bridge'), ('SYSTEMD_EXEC_PID', '18598'), ('DBUS_SESSION_BUS_ADDRESS', 'unix:path=/run/user/1000/bus'), ('COLORTERM', 'truecolor'), ('ROS_DISTRO', 'humble'), ('GTK_IM_MODULE', 'ibus'), ('LOGNAME', 'raghav'), ('_', '/usr/bin/colcon'), ('ROS_VERSION', '2'), ('XDG_SESSION_CLASS', 'user'), ('USERNAME', 'raghav'), ('TERM', 'xterm-256color'), ('GNOME_DESKTOP_SESSION_ID', 'this-is-deprecated'), ('ROS_LOCALHOST_ONLY', '0'), ('WINDOWPATH', '2'), ('PATH', '/opt/ros/humble/bin:/home/raghav/.local/bin:/usr/local/sbin:/usr/local/bin:/usr/sbin:/usr/bin:/sbin:/bin:/usr/games:/usr/local/games:/snap/bin:/snap/bin'), ('SESSION_MANAGER', 'local/raghav-Victus-by-HP-Gaming-Laptop-15-fa1xxx:@/tmp/.ICE-unix/2169,unix/raghav-Victus-by-HP-Gaming-Laptop-15-fa1xxx:/tmp/.ICE-unix/2169'), ('XDG_MENU_PREFIX', 'gnome-'), ('GNOME_TERMINAL_SCREEN', '/org/gnome/Terminal/screen/cbba6b8d_e531_489c_acc4_c73f9d1f136e'), ('XDG_RUNTIME_DIR', '/run/user/1000'), ('DISPLAY', ':1'), ('LANG', 'en_US.UTF-8'), ('XDG_CURRENT_DESKTOP', 'ubuntu:GNOME'), ('XMODIFIERS', '@im=ibus'), ('XDG_SESSION_DESKTOP', 'ubuntu'), ('XAUTHORITY', '/run/user/1000/gdm/Xauthority'), ('LS_COLORS', 'rs=0:di=01;34:ln=01;36:mh=00:pi=40;33:so=01;35:do=01;35:bd=40;33;01:cd=40;33;01:or=40;31;01:mi=00:su=37;41:sg=30;43:ca=30;41:tw=30;42:ow=34;42:st=37;44:ex=01;32:*.tar=01;31:*.tgz=01;31:*.arc=01;31:*.arj=01;31:*.taz=01;31:*.lha=01;31:*.lz4=01;31:*.lzh=01;31:*.lzma=01;31:*.tlz=01;31:*.txz=01;31:*.tzo=01;31:*.t7z=01;31:*.zip=01;31:*.z=01;31:*.dz=01;31:*.gz=01;31:*.lrz=01;31:*.lz=01;31:*.lzo=01;31:*.xz=01;31:*.zst=01;31:*.tzst=01;31:*.bz2=01;31:*.bz=01;31:*.tbz=01;31:*.tbz2=01;31:*.tz=01;31:*.deb=01;31:*.rpm=01;31:*.jar=01;31:*.war=01;31:*.ear=01;31:*.sar=01;31:*.rar=01;31:*.alz=01;31:*.ace=01;31:*.zoo=01;31:*.cpio=01;31:*.7z=01;31:*.rz=01;31:*.cab=01;31:*.wim=01;31:*.swm=01;31:*.dwm=01;31:*.esd=01;31:*.jpg=01;35:*.jpeg=01;35:*.mjpg=01;35:*.mjpeg=01;35:*.gif=01;35:*.bmp=01;35:*.pbm=01;35:*.pgm=01;35:*.ppm=01;35:*.tga=01;35:*.xbm=01;35:*.xpm=01;35:*.tif=01;35:*.tiff=01;35:*.png=01;35:*.svg=01;35:*.svgz=01;35:*.mng=01;35:*.pcx=01;35:*.mov=01;35:*.mpg=01;35:*.mpeg=01;35:*.m2v=01;35:*.mkv=01;35:*.webm=01;35:*.webp=01;35:*.ogm=01;35:*.mp4=01;35:*.m4v=01;35:*.mp4v=01;35:*.vob=01;35:*.qt=01;35:*.nuv=01;35:*.wmv=01;35:*.asf=01;35:*.rm=01;35:*.rmvb=01;35:*.flc=01;35:*.avi=01;35:*.fli=01;35:*.flv=01;35:*.gl=01;35:*.dl=01;35:*.xcf=01;35:*.xwd=01;35:*.yuv=01;35:*.cgm=01;35:*.emf=01;35:*.ogv=01;35:*.ogx=01;35:*.aac=00;36:*.au=00;36:*.flac=00;36:*.m4a=00;36:*.mid=00;36:*.midi=00;36:*.mka=00;36:*.mp3=00;36:*.mpc=00;36:*.ogg=00;36:*.ra=00;36:*.wav=00;36:*.oga=00;36:*.opus=00;36:*.spx=00;36:*.xspf=00;36:'), ('GNOME_TERMINAL_SERVICE', ':1.185'), ('SSH_AGENT_LAUNCHER', 'gnome-keyring'), ('SSH_AUTH_SOCK', '/run/user/1000/keyring/ssh'), ('AMENT_PREFIX_PATH', '/opt/ros/humble'), ('SHELL', '/bin/bash'), ('QT_ACCESSIBILITY', '1'), ('GDMSESSION', 'ubuntu'), ('LESSCLOSE', '/usr/bin/lesspipe %s %s'), ('GPG_AGENT_INFO', '/run/user/1000/gnupg/S.gpg-agent:0:1'), ('QT_IM_MODULE', 'ibus'), ('PWD', '/home/raghav/crazyflie_mapping_demo/ros2_ws/build/crazyflie_interfaces'), ('LC_ALL', 'en_US.UTF-8'), ('XDG_CONFIG_DIRS', '/etc/xdg/xdg-ubuntu:/etc/xdg'), ('XDG_DATA_DIRS', '/usr/share/ubuntu:/usr/share/gnome:/usr/local/share/:/usr/share/:/var/lib/snapd/desktop'), ('PYTHONPATH', '/opt/ros/humble/lib/python3.10/site-packages:/opt/ros/humble/local/lib/python3.10/dist-packages'), ('COLCON', '1'), ('VTE_VERSION', '6800'), ('CMAKE_PREFIX_PATH', '/opt/ros/humble')]), 'shell': False}
[0.065835] (ros_gz_crazyflie_gazebo) JobProgress: {'identifier': 'ros_gz_crazyflie_gazebo', 'progress': 'cmake'}
[0.067428] (ros_gz_crazyflie_gazebo) JobProgress: {'identifier': 'ros_gz_crazyflie_gazebo', 'progress': 'build'}
[0.068033] (ros_gz_crazyflie_gazebo) Command: {'cmd': ['/usr/bin/cmake', '--build', '/home/raghav/crazyflie_mapping_demo/ros2_ws/build/ros_gz_crazyflie_gazebo', '--', '-j20', '-l20'], 'cwd': '/home/raghav/crazyflie_mapping_demo/ros2_ws/build/ros_gz_crazyflie_gazebo', 'env': OrderedDict([('LESSOPEN', '| /usr/bin/lesspipe %s'), ('LANGUAGE', 'en_IN:en'), ('USER', 'raghav'), ('XDG_SESSION_TYPE', 'x11'), ('SHLVL', '1'), ('LD_LIBRARY_PATH', '/opt/ros/humble/opt/rviz_ogre_vendor/lib:/opt/ros/humble/lib/x86_64-linux-gnu:/opt/ros/humble/lib'), ('HOME', '/home/raghav'), ('OLDPWD', '/home/raghav/crazyflie_mapping_demo/ros2_ws'), ('DESKTOP_SESSION', 'ubuntu'), ('ROS_PYTHON_VERSION', '3'), ('GNOME_SHELL_SESSION_MODE', 'ubuntu'), ('GTK_MODULES', 'gail:atk-bridge'), ('SYSTEMD_EXEC_PID', '18598'), ('DBUS_SESSION_BUS_ADDRESS', 'unix:path=/run/user/1000/bus'), ('COLORTERM', 'truecolor'), ('ROS_DISTRO', 'humble'), ('GTK_IM_MODULE', 'ibus'), ('LOGNAME', 'raghav'), ('_', '/usr/bin/colcon'), ('ROS_VERSION', '2'), ('XDG_SESSION_CLASS', 'user'), ('USERNAME', 'raghav'), ('TERM', 'xterm-256color'), ('GNOME_DESKTOP_SESSION_ID', 'this-is-deprecated'), ('ROS_LOCALHOST_ONLY', '0'), ('WINDOWPATH', '2'), ('PATH', '/opt/ros/humble/bin:/home/raghav/.local/bin:/usr/local/sbin:/usr/local/bin:/usr/sbin:/usr/bin:/sbin:/bin:/usr/games:/usr/local/games:/snap/bin:/snap/bin'), ('SESSION_MANAGER', 'local/raghav-Victus-by-HP-Gaming-Laptop-15-fa1xxx:@/tmp/.ICE-unix/2169,unix/raghav-Victus-by-HP-Gaming-Laptop-15-fa1xxx:/tmp/.ICE-unix/2169'), ('XDG_MENU_PREFIX', 'gnome-'), ('GNOME_TERMINAL_SCREEN', '/org/gnome/Terminal/screen/cbba6b8d_e531_489c_acc4_c73f9d1f136e'), ('XDG_RUNTIME_DIR', '/run/user/1000'), ('DISPLAY', ':1'), ('LANG', 'en_US.UTF-8'), ('XDG_CURRENT_DESKTOP', 'ubuntu:GNOME'), ('XMODIFIERS', '@im=ibus'), ('XDG_SESSION_DESKTOP', 'ubuntu'), ('XAUTHORITY', '/run/user/1000/gdm/Xauthority'), ('LS_COLORS', 'rs=0:di=01;34:ln=01;36:mh=00:pi=40;33:so=01;35:do=01;35:bd=40;33;01:cd=40;33;01:or=40;31;01:mi=00:su=37;41:sg=30;43:ca=30;41:tw=30;42:ow=34;42:st=37;44:ex=01;32:*.tar=01;31:*.tgz=01;31:*.arc=01;31:*.arj=01;31:*.taz=01;31:*.lha=01;31:*.lz4=01;31:*.lzh=01;31:*.lzma=01;31:*.tlz=01;31:*.txz=01;31:*.tzo=01;31:*.t7z=01;31:*.zip=01;31:*.z=01;31:*.dz=01;31:*.gz=01;31:*.lrz=01;31:*.lz=01;31:*.lzo=01;31:*.xz=01;31:*.zst=01;31:*.tzst=01;31:*.bz2=01;31:*.bz=01;31:*.tbz=01;31:*.tbz2=01;31:*.tz=01;31:*.deb=01;31:*.rpm=01;31:*.jar=01;31:*.war=01;31:*.ear=01;31:*.sar=01;31:*.rar=01;31:*.alz=01;31:*.ace=01;31:*.zoo=01;31:*.cpio=01;31:*.7z=01;31:*.rz=01;31:*.cab=01;31:*.wim=01;31:*.swm=01;31:*.dwm=01;31:*.esd=01;31:*.jpg=01;35:*.jpeg=01;35:*.mjpg=01;35:*.mjpeg=01;35:*.gif=01;35:*.bmp=01;35:*.pbm=01;35:*.pgm=01;35:*.ppm=01;35:*.tga=01;35:*.xbm=01;35:*.xpm=01;35:*.tif=01;35:*.tiff=01;35:*.png=01;35:*.svg=01;35:*.svgz=01;35:*.mng=01;35:*.pcx=01;35:*.mov=01;35:*.mpg=01;35:*.mpeg=01;35:*.m2v=01;35:*.mkv=01;35:*.webm=01;35:*.webp=01;35:*.ogm=01;35:*.mp4=01;35:*.m4v=01;35:*.mp4v=01;35:*.vob=01;35:*.qt=01;35:*.nuv=01;35:*.wmv=01;35:*.asf=01;35:*.rm=01;35:*.rmvb=01;35:*.flc=01;35:*.avi=01;35:*.fli=01;35:*.flv=01;35:*.gl=01;35:*.dl=01;35:*.xcf=01;35:*.xwd=01;35:*.yuv=01;35:*.cgm=01;35:*.emf=01;35:*.ogv=01;35:*.ogx=01;35:*.aac=00;36:*.au=00;36:*.flac=00;36:*.m4a=00;36:*.mid=00;36:*.midi=00;36:*.mka=00;36:*.mp3=00;36:*.mpc=00;36:*.ogg=00;36:*.ra=00;36:*.wav=00;36:*.oga=00;36:*.opus=00;36:*.spx=00;36:*.xspf=00;36:'), ('GNOME_TERMINAL_SERVICE', ':1.185'), ('SSH_AGENT_LAUNCHER', 'gnome-keyring'), ('SSH_AUTH_SOCK', '/run/user/1000/keyring/ssh'), ('AMENT_PREFIX_PATH', '/opt/ros/humble'), ('SHELL', '/bin/bash'), ('QT_ACCESSIBILITY', '1'), ('GDMSESSION', 'ubuntu'), ('LESSCLOSE', '/usr/bin/lesspipe %s %s'), ('GPG_AGENT_INFO', '/run/user/1000/gnupg/S.gpg-agent:0:1'), ('QT_IM_MODULE', 'ibus'), ('PWD', '/home/raghav/crazyflie_mapping_demo/ros2_ws/build/ros_gz_crazyflie_gazebo'), ('LC_ALL', 'en_US.UTF-8'), ('XDG_CONFIG_DIRS', '/etc/xdg/xdg-ubuntu:/etc/xdg'), ('XDG_DATA_DIRS', '/usr/share/ubuntu:/usr/share/gnome:/usr/local/share/:/usr/share/:/var/lib/snapd/desktop'), ('PYTHONPATH', '/opt/ros/humble/lib/python3.10/site-packages:/opt/ros/humble/local/lib/python3.10/dist-packages'), ('COLCON', '1'), ('VTE_VERSION', '6800'), ('CMAKE_PREFIX_PATH', '/opt/ros/humble')]), 'shell': False}
[0.098983] (-) TimerEvent: {}
[0.199685] (-) TimerEvent: {}
[0.300186] (-) TimerEvent: {}
[0.400557] (-) TimerEvent: {}
[0.501030] (-) TimerEvent: {}
[0.601428] (-) TimerEvent: {}
[0.701929] (-) TimerEvent: {}
[0.802659] (-) TimerEvent: {}
[0.827684] (crazyflie_interfaces) StdoutLine: {'line': b'[  0%] Built target crazyflie_interfaces__cpp\n'}
[0.830716] (crazyflie_interfaces) StdoutLine: {'line': b'[  1%] Built target crazyflie_interfaces__rs\n'}
[0.831393] (crazyflie_interfaces) StdoutLine: {'line': b'[ 13%] Built target crazyflie_interfaces__rosidl_generator_c\n'}
[0.833606] (crazyflie_interfaces) StdoutLine: {'line': b'[ 13%] Built target ament_cmake_python_symlink_crazyflie_interfaces\n'}
[0.834104] (crazyflie_interfaces) StdoutLine: {'line': b'[ 25%] Built target crazyflie_interfaces__rosidl_typesupport_introspection_c\n'}
[0.834472] (crazyflie_interfaces) StdoutLine: {'line': b'[ 37%] Built target crazyflie_interfaces__rosidl_typesupport_cpp\n'}
[0.834772] (crazyflie_interfaces) StdoutLine: {'line': b'[ 49%] Built target crazyflie_interfaces__rosidl_typesupport_c\n'}
[0.835055] (crazyflie_interfaces) StdoutLine: {'line': b'[ 73%] Built target crazyflie_interfaces__rosidl_typesupport_introspection_cpp\n'}
[0.835382] (crazyflie_interfaces) StdoutLine: {'line': b'[ 73%] Built target crazyflie_interfaces__rosidl_typesupport_fastrtps_cpp\n'}
[0.835718] (crazyflie_interfaces) StdoutLine: {'line': b'[ 85%] Built target crazyflie_interfaces__rosidl_typesupport_fastrtps_c\n'}
[0.836037] (crazyflie_interfaces) StdoutLine: {'line': b'[ 85%] Built target crazyflie_interfaces\n'}
[0.836368] (crazyflie_interfaces) StdoutLine: {'line': b'[ 86%] Built target crazyflie_interfaces__py\n'}
[0.836701] (crazyflie_interfaces) StdoutLine: {'line': b'[ 97%] Built target crazyflie_interfaces__rosidl_generator_py\n'}
[0.836972] (crazyflie_interfaces) StdoutLine: {'line': b'[ 99%] Built target crazyflie_interfaces__rosidl_typesupport_fastrtps_c__pyext\n'}
[0.837229] (crazyflie_interfaces) StdoutLine: {'line': b'[ 99%] Built target crazyflie_interfaces__rosidl_typesupport_c__pyext\n'}
[0.837510] (crazyflie_interfaces) StdoutLine: {'line': b'[100%] Built target crazyflie_interfaces__rosidl_typesupport_introspection_c__pyext\n'}
[0.837772] (crazyflie_interfaces) StdoutLine: {'line': b'running egg_info\n'}
[0.838023] (crazyflie_interfaces) StdoutLine: {'line': b'writing crazyflie_interfaces.egg-info/PKG-INFO\n'}
[0.838305] (crazyflie_interfaces) StdoutLine: {'line': b'writing dependency_links to crazyflie_interfaces.egg-info/dependency_links.txt\n'}
[0.838610] (crazyflie_interfaces) StdoutLine: {'line': b'writing top-level names to crazyflie_interfaces.egg-info/top_level.txt\n'}
[0.838864] (crazyflie_interfaces) StdoutLine: {'line': b"reading manifest file 'crazyflie_interfaces.egg-info/SOURCES.txt'\n"}
[0.839093] (crazyflie_interfaces) StdoutLine: {'line': b"writing manifest file 'crazyflie_interfaces.egg-info/SOURCES.txt'\n"}
[0.839346] (crazyflie_interfaces) StdoutLine: {'line': b'[100%] Built target ament_cmake_python_build_crazyflie_interfaces_egg\n'}
[0.902886] (-) TimerEvent: {}
[1.003650] (-) TimerEvent: {}
[1.104304] (-) TimerEvent: {}
[1.204825] (-) TimerEvent: {}
[1.293619] (ros_gz_crazyflie_gazebo) CommandEnded: {'returncode': 0}
[1.294985] (ros_gz_crazyflie_gazebo) JobProgress: {'identifier': 'ros_gz_crazyflie_gazebo', 'progress': 'install'}
[1.305034] (-) TimerEvent: {}
[1.316787] (ros_gz_crazyflie_gazebo) Command: {'cmd': ['/usr/bin/cmake', '--install', '/home/raghav/crazyflie_mapping_demo/ros2_ws/build/ros_gz_crazyflie_gazebo'], 'cwd': '/home/raghav/crazyflie_mapping_demo/ros2_ws/build/ros_gz_crazyflie_gazebo', 'env': OrderedDict([('LESSOPEN', '| /usr/bin/lesspipe %s'), ('LANGUAGE', 'en_IN:en'), ('USER', 'raghav'), ('XDG_SESSION_TYPE', 'x11'), ('SHLVL', '1'), ('LD_LIBRARY_PATH', '/opt/ros/humble/opt/rviz_ogre_vendor/lib:/opt/ros/humble/lib/x86_64-linux-gnu:/opt/ros/humble/lib'), ('HOME', '/home/raghav'), ('OLDPWD', '/home/raghav/crazyflie_mapping_demo/ros2_ws'), ('DESKTOP_SESSION', 'ubuntu'), ('ROS_PYTHON_VERSION', '3'), ('GNOME_SHELL_SESSION_MODE', 'ubuntu'), ('GTK_MODULES', 'gail:atk-bridge'), ('SYSTEMD_EXEC_PID', '18598'), ('DBUS_SESSION_BUS_ADDRESS', 'unix:path=/run/user/1000/bus'), ('COLORTERM', 'truecolor'), ('ROS_DISTRO', 'humble'), ('GTK_IM_MODULE', 'ibus'), ('LOGNAME', 'raghav'), ('_', '/usr/bin/colcon'), ('ROS_VERSION', '2'), ('XDG_SESSION_CLASS', 'user'), ('USERNAME', 'raghav'), ('TERM', 'xterm-256color'), ('GNOME_DESKTOP_SESSION_ID', 'this-is-deprecated'), ('ROS_LOCALHOST_ONLY', '0'), ('WINDOWPATH', '2'), ('PATH', '/opt/ros/humble/bin:/home/raghav/.local/bin:/usr/local/sbin:/usr/local/bin:/usr/sbin:/usr/bin:/sbin:/bin:/usr/games:/usr/local/games:/snap/bin:/snap/bin'), ('SESSION_MANAGER', 'local/raghav-Victus-by-HP-Gaming-Laptop-15-fa1xxx:@/tmp/.ICE-unix/2169,unix/raghav-Victus-by-HP-Gaming-Laptop-15-fa1xxx:/tmp/.ICE-unix/2169'), ('XDG_MENU_PREFIX', 'gnome-'), ('GNOME_TERMINAL_SCREEN', '/org/gnome/Terminal/screen/cbba6b8d_e531_489c_acc4_c73f9d1f136e'), ('XDG_RUNTIME_DIR', '/run/user/1000'), ('DISPLAY', ':1'), ('LANG', 'en_US.UTF-8'), ('XDG_CURRENT_DESKTOP', 'ubuntu:GNOME'), ('XMODIFIERS', '@im=ibus'), ('XDG_SESSION_DESKTOP', 'ubuntu'), ('XAUTHORITY', '/run/user/1000/gdm/Xauthority'), ('LS_COLORS', 'rs=0:di=01;34:ln=01;36:mh=00:pi=40;33:so=01;35:do=01;35:bd=40;33;01:cd=40;33;01:or=40;31;01:mi=00:su=37;41:sg=30;43:ca=30;41:tw=30;42:ow=34;42:st=37;44:ex=01;32:*.tar=01;31:*.tgz=01;31:*.arc=01;31:*.arj=01;31:*.taz=01;31:*.lha=01;31:*.lz4=01;31:*.lzh=01;31:*.lzma=01;31:*.tlz=01;31:*.txz=01;31:*.tzo=01;31:*.t7z=01;31:*.zip=01;31:*.z=01;31:*.dz=01;31:*.gz=01;31:*.lrz=01;31:*.lz=01;31:*.lzo=01;31:*.xz=01;31:*.zst=01;31:*.tzst=01;31:*.bz2=01;31:*.bz=01;31:*.tbz=01;31:*.tbz2=01;31:*.tz=01;31:*.deb=01;31:*.rpm=01;31:*.jar=01;31:*.war=01;31:*.ear=01;31:*.sar=01;31:*.rar=01;31:*.alz=01;31:*.ace=01;31:*.zoo=01;31:*.cpio=01;31:*.7z=01;31:*.rz=01;31:*.cab=01;31:*.wim=01;31:*.swm=01;31:*.dwm=01;31:*.esd=01;31:*.jpg=01;35:*.jpeg=01;35:*.mjpg=01;35:*.mjpeg=01;35:*.gif=01;35:*.bmp=01;35:*.pbm=01;35:*.pgm=01;35:*.ppm=01;35:*.tga=01;35:*.xbm=01;35:*.xpm=01;35:*.tif=01;35:*.tiff=01;35:*.png=01;35:*.svg=01;35:*.svgz=01;35:*.mng=01;35:*.pcx=01;35:*.mov=01;35:*.mpg=01;35:*.mpeg=01;35:*.m2v=01;35:*.mkv=01;35:*.webm=01;35:*.webp=01;35:*.ogm=01;35:*.mp4=01;35:*.m4v=01;35:*.mp4v=01;35:*.vob=01;35:*.qt=01;35:*.nuv=01;35:*.wmv=01;35:*.asf=01;35:*.rm=01;35:*.rmvb=01;35:*.flc=01;35:*.avi=01;35:*.fli=01;35:*.flv=01;35:*.gl=01;35:*.dl=01;35:*.xcf=01;35:*.xwd=01;35:*.yuv=01;35:*.cgm=01;35:*.emf=01;35:*.ogv=01;35:*.ogx=01;35:*.aac=00;36:*.au=00;36:*.flac=00;36:*.m4a=00;36:*.mid=00;36:*.midi=00;36:*.mka=00;36:*.mp3=00;36:*.mpc=00;36:*.ogg=00;36:*.ra=00;36:*.wav=00;36:*.oga=00;36:*.opus=00;36:*.spx=00;36:*.xspf=00;36:'), ('GNOME_TERMINAL_SERVICE', ':1.185'), ('SSH_AGENT_LAUNCHER', 'gnome-keyring'), ('SSH_AUTH_SOCK', '/run/user/1000/keyring/ssh'), ('AMENT_PREFIX_PATH', '/opt/ros/humble'), ('SHELL', '/bin/bash'), ('QT_ACCESSIBILITY', '1'), ('GDMSESSION', 'ubuntu'), ('LESSCLOSE', '/usr/bin/lesspipe %s %s'), ('GPG_AGENT_INFO', '/run/user/1000/gnupg/S.gpg-agent:0:1'), ('QT_IM_MODULE', 'ibus'), ('PWD', '/home/raghav/crazyflie_mapping_demo/ros2_ws/build/ros_gz_crazyflie_gazebo'), ('LC_ALL', 'en_US.UTF-8'), ('XDG_CONFIG_DIRS', '/etc/xdg/xdg-ubuntu:/etc/xdg'), ('XDG_DATA_DIRS', '/usr/share/ubuntu:/usr/share/gnome:/usr/local/share/:/usr/share/:/var/lib/snapd/desktop'), ('PYTHONPATH', '/opt/ros/humble/lib/python3.10/site-packages:/opt/ros/humble/local/lib/python3.10/dist-packages'), ('COLCON', '1'), ('VTE_VERSION', '6800'), ('CMAKE_PREFIX_PATH', '/opt/ros/humble')]), 'shell': False}
[1.321050] (crazyflie_interfaces) CommandEnded: {'returncode': 0}
[1.322459] (crazyflie_interfaces) JobProgress: {'identifier': 'crazyflie_interfaces', 'progress': 'install'}
[1.323185] (crazyflie_interfaces) Command: {'cmd': ['/usr/bin/cmake', '--install', '/home/raghav/crazyflie_mapping_demo/ros2_ws/build/crazyflie_interfaces'], 'cwd': '/home/raghav/crazyflie_mapping_demo/ros2_ws/build/crazyflie_interfaces', 'env': OrderedDict([('LESSOPEN', '| /usr/bin/lesspipe %s'), ('LANGUAGE', 'en_IN:en'), ('USER', 'raghav'), ('XDG_SESSION_TYPE', 'x11'), ('SHLVL', '1'), ('LD_LIBRARY_PATH', '/opt/ros/humble/opt/rviz_ogre_vendor/lib:/opt/ros/humble/lib/x86_64-linux-gnu:/opt/ros/humble/lib'), ('HOME', '/home/raghav'), ('OLDPWD', '/home/raghav/crazyflie_mapping_demo/ros2_ws'), ('DESKTOP_SESSION', 'ubuntu'), ('ROS_PYTHON_VERSION', '3'), ('GNOME_SHELL_SESSION_MODE', 'ubuntu'), ('GTK_MODULES', 'gail:atk-bridge'), ('SYSTEMD_EXEC_PID', '18598'), ('DBUS_SESSION_BUS_ADDRESS', 'unix:path=/run/user/1000/bus'), ('COLORTERM', 'truecolor'), ('ROS_DISTRO', 'humble'), ('GTK_IM_MODULE', 'ibus'), ('LOGNAME', 'raghav'), ('_', '/usr/bin/colcon'), ('ROS_VERSION', '2'), ('XDG_SESSION_CLASS', 'user'), ('USERNAME', 'raghav'), ('TERM', 'xterm-256color'), ('GNOME_DESKTOP_SESSION_ID', 'this-is-deprecated'), ('ROS_LOCALHOST_ONLY', '0'), ('WINDOWPATH', '2'), ('PATH', '/opt/ros/humble/bin:/home/raghav/.local/bin:/usr/local/sbin:/usr/local/bin:/usr/sbin:/usr/bin:/sbin:/bin:/usr/games:/usr/local/games:/snap/bin:/snap/bin'), ('SESSION_MANAGER', 'local/raghav-Victus-by-HP-Gaming-Laptop-15-fa1xxx:@/tmp/.ICE-unix/2169,unix/raghav-Victus-by-HP-Gaming-Laptop-15-fa1xxx:/tmp/.ICE-unix/2169'), ('XDG_MENU_PREFIX', 'gnome-'), ('GNOME_TERMINAL_SCREEN', '/org/gnome/Terminal/screen/cbba6b8d_e531_489c_acc4_c73f9d1f136e'), ('XDG_RUNTIME_DIR', '/run/user/1000'), ('DISPLAY', ':1'), ('LANG', 'en_US.UTF-8'), ('XDG_CURRENT_DESKTOP', 'ubuntu:GNOME'), ('XMODIFIERS', '@im=ibus'), ('XDG_SESSION_DESKTOP', 'ubuntu'), ('XAUTHORITY', '/run/user/1000/gdm/Xauthority'), ('LS_COLORS', 'rs=0:di=01;34:ln=01;36:mh=00:pi=40;33:so=01;35:do=01;35:bd=40;33;01:cd=40;33;01:or=40;31;01:mi=00:su=37;41:sg=30;43:ca=30;41:tw=30;42:ow=34;42:st=37;44:ex=01;32:*.tar=01;31:*.tgz=01;31:*.arc=01;31:*.arj=01;31:*.taz=01;31:*.lha=01;31:*.lz4=01;31:*.lzh=01;31:*.lzma=01;31:*.tlz=01;31:*.txz=01;31:*.tzo=01;31:*.t7z=01;31:*.zip=01;31:*.z=01;31:*.dz=01;31:*.gz=01;31:*.lrz=01;31:*.lz=01;31:*.lzo=01;31:*.xz=01;31:*.zst=01;31:*.tzst=01;31:*.bz2=01;31:*.bz=01;31:*.tbz=01;31:*.tbz2=01;31:*.tz=01;31:*.deb=01;31:*.rpm=01;31:*.jar=01;31:*.war=01;31:*.ear=01;31:*.sar=01;31:*.rar=01;31:*.alz=01;31:*.ace=01;31:*.zoo=01;31:*.cpio=01;31:*.7z=01;31:*.rz=01;31:*.cab=01;31:*.wim=01;31:*.swm=01;31:*.dwm=01;31:*.esd=01;31:*.jpg=01;35:*.jpeg=01;35:*.mjpg=01;35:*.mjpeg=01;35:*.gif=01;35:*.bmp=01;35:*.pbm=01;35:*.pgm=01;35:*.ppm=01;35:*.tga=01;35:*.xbm=01;35:*.xpm=01;35:*.tif=01;35:*.tiff=01;35:*.png=01;35:*.svg=01;35:*.svgz=01;35:*.mng=01;35:*.pcx=01;35:*.mov=01;35:*.mpg=01;35:*.mpeg=01;35:*.m2v=01;35:*.mkv=01;35:*.webm=01;35:*.webp=01;35:*.ogm=01;35:*.mp4=01;35:*.m4v=01;35:*.mp4v=01;35:*.vob=01;35:*.qt=01;35:*.nuv=01;35:*.wmv=01;35:*.asf=01;35:*.rm=01;35:*.rmvb=01;35:*.flc=01;35:*.avi=01;35:*.fli=01;35:*.flv=01;35:*.gl=01;35:*.dl=01;35:*.xcf=01;35:*.xwd=01;35:*.yuv=01;35:*.cgm=01;35:*.emf=01;35:*.ogv=01;35:*.ogx=01;35:*.aac=00;36:*.au=00;36:*.flac=00;36:*.m4a=00;36:*.mid=00;36:*.midi=00;36:*.mka=00;36:*.mp3=00;36:*.mpc=00;36:*.ogg=00;36:*.ra=00;36:*.wav=00;36:*.oga=00;36:*.opus=00;36:*.spx=00;36:*.xspf=00;36:'), ('GNOME_TERMINAL_SERVICE', ':1.185'), ('SSH_AGENT_LAUNCHER', 'gnome-keyring'), ('SSH_AUTH_SOCK', '/run/user/1000/keyring/ssh'), ('AMENT_PREFIX_PATH', '/opt/ros/humble'), ('SHELL', '/bin/bash'), ('QT_ACCESSIBILITY', '1'), ('GDMSESSION', 'ubuntu'), ('LESSCLOSE', '/usr/bin/lesspipe %s %s'), ('GPG_AGENT_INFO', '/run/user/1000/gnupg/S.gpg-agent:0:1'), ('QT_IM_MODULE', 'ibus'), ('PWD', '/home/raghav/crazyflie_mapping_demo/ros2_ws/build/crazyflie_interfaces'), ('LC_ALL', 'en_US.UTF-8'), ('XDG_CONFIG_DIRS', '/etc/xdg/xdg-ubuntu:/etc/xdg'), ('XDG_DATA_DIRS', '/usr/share/ubuntu:/usr/share/gnome:/usr/local/share/:/usr/share/:/var/lib/snapd/desktop'), ('PYTHONPATH', '/opt/ros/humble/lib/python3.10/site-packages:/opt/ros/humble/local/lib/python3.10/dist-packages'), ('COLCON', '1'), ('VTE_VERSION', '6800'), ('CMAKE_PREFIX_PATH', '/opt/ros/humble')]), 'shell': False}
[1.336598] (ros_gz_crazyflie_gazebo) StdoutLine: {'line': b'-- Install configuration: ""\n'}
[1.338976] (ros_gz_crazyflie_gazebo) StdoutLine: {'line': b'-- Execute custom install script\n'}
[1.340004] (ros_gz_crazyflie_gazebo) StdoutLine: {'line': b'-- Up-to-date symlink: /home/raghav/crazyflie_mapping_demo/ros2_ws/install/ros_gz_crazyflie_gazebo/share/ros_gz_crazyflie_gazebo/worlds/crazyflie_world.sdf\n'}
[1.340462] (ros_gz_crazyflie_gazebo) StdoutLine: {'line': b'-- Up-to-date symlink: /home/raghav/crazyflie_mapping_demo/ros2_ws/install/ros_gz_crazyflie_gazebo/share/ament_index/resource_index/package_run_dependencies/ros_gz_crazyflie_gazebo\n'}
[1.340837] (ros_gz_crazyflie_gazebo) StdoutLine: {'line': b'-- Up-to-date symlink: /home/raghav/crazyflie_mapping_demo/ros2_ws/install/ros_gz_crazyflie_gazebo/share/ament_index/resource_index/parent_prefix_path/ros_gz_crazyflie_gazebo\n'}
[1.342621] (ros_gz_crazyflie_gazebo) StdoutLine: {'line': b'-- Up-to-date symlink: /home/raghav/crazyflie_mapping_demo/ros2_ws/install/ros_gz_crazyflie_gazebo/share/ros_gz_crazyflie_gazebo/environment/ament_prefix_path.sh\n'}
[1.344165] (ros_gz_crazyflie_gazebo) StdoutLine: {'line': b'-- Up-to-date symlink: /home/raghav/crazyflie_mapping_demo/ros2_ws/install/ros_gz_crazyflie_gazebo/share/ros_gz_crazyflie_gazebo/environment/ament_prefix_path.dsv\n'}
[1.344485] (ros_gz_crazyflie_gazebo) StdoutLine: {'line': b'-- Up-to-date symlink: /home/raghav/crazyflie_mapping_demo/ros2_ws/install/ros_gz_crazyflie_gazebo/share/ros_gz_crazyflie_gazebo/environment/path.sh\n'}
[1.344823] (ros_gz_crazyflie_gazebo) StdoutLine: {'line': b'-- Up-to-date symlink: /home/raghav/crazyflie_mapping_demo/ros2_ws/install/ros_gz_crazyflie_gazebo/share/ros_gz_crazyflie_gazebo/environment/path.dsv\n'}
[1.344935] (ros_gz_crazyflie_gazebo) StdoutLine: {'line': b'-- Up-to-date symlink: /home/raghav/crazyflie_mapping_demo/ros2_ws/install/ros_gz_crazyflie_gazebo/share/ros_gz_crazyflie_gazebo/local_setup.bash\n'}
[1.346241] (ros_gz_crazyflie_gazebo) StdoutLine: {'line': b'-- Up-to-date symlink: /home/raghav/crazyflie_mapping_demo/ros2_ws/install/ros_gz_crazyflie_gazebo/share/ros_gz_crazyflie_gazebo/local_setup.sh\n'}
[1.349599] (ros_gz_crazyflie_gazebo) StdoutLine: {'line': b'-- Up-to-date symlink: /home/raghav/crazyflie_mapping_demo/ros2_ws/install/ros_gz_crazyflie_gazebo/share/ros_gz_crazyflie_gazebo/local_setup.zsh\n'}
[1.350279] (ros_gz_crazyflie_gazebo) StdoutLine: {'line': b'-- Up-to-date symlink: /home/raghav/crazyflie_mapping_demo/ros2_ws/install/ros_gz_crazyflie_gazebo/share/ros_gz_crazyflie_gazebo/local_setup.dsv\n'}
[1.350564] (ros_gz_crazyflie_gazebo) StdoutLine: {'line': b'-- Symlinking: /home/raghav/crazyflie_mapping_demo/ros2_ws/install/ros_gz_crazyflie_gazebo/share/ros_gz_crazyflie_gazebo/package.dsv\n'}
[1.350754] (crazyflie_interfaces) StdoutLine: {'line': b'-- Install configuration: ""\n'}
[1.350934] (crazyflie_interfaces) StdoutLine: {'line': b'-- Execute custom install script\n'}
[1.351096] (crazyflie_interfaces) StdoutLine: {'line': b'-- Up-to-date symlink: /home/raghav/crazyflie_mapping_demo/ros2_ws/install/crazyflie_interfaces/share/ament_index/resource_index/rosidl_interfaces/crazyflie_interfaces\n'}
[1.353711] (crazyflie_interfaces) StdoutLine: {'line': b'-- Up-to-date symlink: /home/raghav/crazyflie_mapping_demo/ros2_ws/install/crazyflie_interfaces/include/crazyflie_interfaces/crazyflie_interfaces/msg/connection_statistics.h\n'}
[1.354265] (crazyflie_interfaces) StdoutLine: {'line': b'-- Up-to-date symlink: /home/raghav/crazyflie_mapping_demo/ros2_ws/install/crazyflie_interfaces/include/crazyflie_interfaces/crazyflie_interfaces/msg/connection_statistics_array.h\n'}
[1.354879] (crazyflie_interfaces) StdoutLine: {'line': b'-- Up-to-date symlink: /home/raghav/crazyflie_mapping_demo/ros2_ws/install/crazyflie_interfaces/include/crazyflie_interfaces/crazyflie_interfaces/msg/detail/connection_statistics__functions.h\n'}
[1.355360] (crazyflie_interfaces) StdoutLine: {'line': b'-- Up-to-date symlink: /home/raghav/crazyflie_mapping_demo/ros2_ws/install/crazyflie_interfaces/include/crazyflie_interfaces/crazyflie_interfaces/msg/detail/connection_statistics__struct.h\n'}
[1.355641] (crazyflie_interfaces) StdoutLine: {'line': b'-- Up-to-date symlink: /home/raghav/crazyflie_mapping_demo/ros2_ws/install/crazyflie_interfaces/include/crazyflie_interfaces/crazyflie_interfaces/msg/detail/connection_statistics__type_support.h\n'}
[1.355994] (crazyflie_interfaces) StdoutLine: {'line': b'-- Up-to-date symlink: /home/raghav/crazyflie_mapping_demo/ros2_ws/install/crazyflie_interfaces/include/crazyflie_interfaces/crazyflie_interfaces/msg/detail/connection_statistics_array__functions.h\n'}
[1.356267] (crazyflie_interfaces) StdoutLine: {'line': b'-- Up-to-date symlink: /home/raghav/crazyflie_mapping_demo/ros2_ws/install/crazyflie_interfaces/include/crazyflie_interfaces/crazyflie_interfaces/msg/detail/connection_statistics_array__struct.h\n'}
[1.356524] (crazyflie_interfaces) StdoutLine: {'line': b'-- Up-to-date symlink: /home/raghav/crazyflie_mapping_demo/ros2_ws/install/crazyflie_interfaces/include/crazyflie_interfaces/crazyflie_interfaces/msg/detail/connection_statistics_array__type_support.h\n'}
[1.356853] (crazyflie_interfaces) StdoutLine: {'line': b'-- Up-to-date symlink: /home/raghav/crazyflie_mapping_demo/ros2_ws/install/crazyflie_interfaces/include/crazyflie_interfaces/crazyflie_interfaces/msg/detail/full_state__functions.h\n'}
[1.357265] (crazyflie_interfaces) StdoutLine: {'line': b'-- Up-to-date symlink: /home/raghav/crazyflie_mapping_demo/ros2_ws/install/crazyflie_interfaces/include/crazyflie_interfaces/crazyflie_interfaces/msg/detail/full_state__struct.h\n'}
[1.357680] (crazyflie_interfaces) StdoutLine: {'line': b'-- Up-to-date symlink: /home/raghav/crazyflie_mapping_demo/ros2_ws/install/crazyflie_interfaces/include/crazyflie_interfaces/crazyflie_interfaces/msg/detail/full_state__type_support.h\n'}
[1.357946] (crazyflie_interfaces) StdoutLine: {'line': b'-- Up-to-date symlink: /home/raghav/crazyflie_mapping_demo/ros2_ws/install/crazyflie_interfaces/include/crazyflie_interfaces/crazyflie_interfaces/msg/detail/hover__functions.h\n'}
[1.358120] (crazyflie_interfaces) StdoutLine: {'line': b'-- Up-to-date symlink: /home/raghav/crazyflie_mapping_demo/ros2_ws/install/crazyflie_interfaces/include/crazyflie_interfaces/crazyflie_interfaces/msg/detail/hover__struct.h\n'}
[1.358354] (crazyflie_interfaces) StdoutLine: {'line': b'-- Up-to-date symlink: /home/raghav/crazyflie_mapping_demo/ros2_ws/install/crazyflie_interfaces/include/crazyflie_interfaces/crazyflie_interfaces/msg/detail/hover__type_support.h\n'}
[1.358849] (crazyflie_interfaces) StdoutLine: {'line': b'-- Up-to-date symlink: /home/raghav/crazyflie_mapping_demo/ros2_ws/install/crazyflie_interfaces/include/crazyflie_interfaces/crazyflie_interfaces/msg/detail/log_block__functions.h\n'}
[1.359313] (crazyflie_interfaces) StdoutLine: {'line': b'-- Up-to-date symlink: /home/raghav/crazyflie_mapping_demo/ros2_ws/install/crazyflie_interfaces/include/crazyflie_interfaces/crazyflie_interfaces/msg/detail/log_block__struct.h\n'}
[1.359744] (crazyflie_interfaces) StdoutLine: {'line': b'-- Up-to-date symlink: /home/raghav/crazyflie_mapping_demo/ros2_ws/install/crazyflie_interfaces/include/crazyflie_interfaces/crazyflie_interfaces/msg/detail/log_block__type_support.h\n'}
[1.360112] (crazyflie_interfaces) StdoutLine: {'line': b'-- Up-to-date symlink: /home/raghav/crazyflie_mapping_demo/ros2_ws/install/crazyflie_interfaces/include/crazyflie_interfaces/crazyflie_interfaces/msg/detail/log_data_generic__functions.h\n'}
[1.360459] (crazyflie_interfaces) StdoutLine: {'line': b'-- Up-to-date symlink: /home/raghav/crazyflie_mapping_demo/ros2_ws/install/crazyflie_interfaces/include/crazyflie_interfaces/crazyflie_interfaces/msg/detail/log_data_generic__struct.h\n'}
[1.360878] (crazyflie_interfaces) StdoutLine: {'line': b'-- Up-to-date symlink: /home/raghav/crazyflie_mapping_demo/ros2_ws/install/crazyflie_interfaces/include/crazyflie_interfaces/crazyflie_interfaces/msg/detail/log_data_generic__type_support.h\n'}
[1.361071] (crazyflie_interfaces) StdoutLine: {'line': b'-- Up-to-date symlink: /home/raghav/crazyflie_mapping_demo/ros2_ws/install/crazyflie_interfaces/include/crazyflie_interfaces/crazyflie_interfaces/msg/detail/position__functions.h\n'}
[1.361315] (crazyflie_interfaces) StdoutLine: {'line': b'-- Up-to-date symlink: /home/raghav/crazyflie_mapping_demo/ros2_ws/install/crazyflie_interfaces/include/crazyflie_interfaces/crazyflie_interfaces/msg/detail/position__struct.h\n'}
[1.361533] (crazyflie_interfaces) StdoutLine: {'line': b'-- Up-to-date symlink: /home/raghav/crazyflie_mapping_demo/ros2_ws/install/crazyflie_interfaces/include/crazyflie_interfaces/crazyflie_interfaces/msg/detail/position__type_support.h\n'}
[1.361809] (crazyflie_interfaces) StdoutLine: {'line': b'-- Up-to-date symlink: /home/raghav/crazyflie_mapping_demo/ros2_ws/install/crazyflie_interfaces/include/crazyflie_interfaces/crazyflie_interfaces/msg/detail/status__functions.h\n'}
[1.362121] (crazyflie_interfaces) StdoutLine: {'line': b'-- Up-to-date symlink: /home/raghav/crazyflie_mapping_demo/ros2_ws/install/crazyflie_interfaces/include/crazyflie_interfaces/crazyflie_interfaces/msg/detail/status__struct.h\n'}
[1.362378] (crazyflie_interfaces) StdoutLine: {'line': b'-- Up-to-date symlink: /home/raghav/crazyflie_mapping_demo/ros2_ws/install/crazyflie_interfaces/include/crazyflie_interfaces/crazyflie_interfaces/msg/detail/status__type_support.h\n'}
[1.362691] (crazyflie_interfaces) StdoutLine: {'line': b'-- Up-to-date symlink: /home/raghav/crazyflie_mapping_demo/ros2_ws/install/crazyflie_interfaces/include/crazyflie_interfaces/crazyflie_interfaces/msg/detail/trajectory_polynomial_piece__functions.h\n'}
[1.363021] (crazyflie_interfaces) StdoutLine: {'line': b'-- Up-to-date symlink: /home/raghav/crazyflie_mapping_demo/ros2_ws/install/crazyflie_interfaces/include/crazyflie_interfaces/crazyflie_interfaces/msg/detail/trajectory_polynomial_piece__struct.h\n'}
[1.363318] (crazyflie_interfaces) StdoutLine: {'line': b'-- Up-to-date symlink: /home/raghav/crazyflie_mapping_demo/ros2_ws/install/crazyflie_interfaces/include/crazyflie_interfaces/crazyflie_interfaces/msg/detail/trajectory_polynomial_piece__type_support.h\n'}
[1.363648] (crazyflie_interfaces) StdoutLine: {'line': b'-- Up-to-date symlink: /home/raghav/crazyflie_mapping_demo/ros2_ws/install/crazyflie_interfaces/include/crazyflie_interfaces/crazyflie_interfaces/msg/detail/velocity_world__functions.h\n'}
[1.363869] (crazyflie_interfaces) StdoutLine: {'line': b'-- Up-to-date symlink: /home/raghav/crazyflie_mapping_demo/ros2_ws/install/crazyflie_interfaces/include/crazyflie_interfaces/crazyflie_interfaces/msg/detail/velocity_world__struct.h\n'}
[1.364186] (crazyflie_interfaces) StdoutLine: {'line': b'-- Up-to-date symlink: /home/raghav/crazyflie_mapping_demo/ros2_ws/install/crazyflie_interfaces/include/crazyflie_interfaces/crazyflie_interfaces/msg/detail/velocity_world__type_support.h\n'}
[1.364569] (crazyflie_interfaces) StdoutLine: {'line': b'-- Up-to-date symlink: /home/raghav/crazyflie_mapping_demo/ros2_ws/install/crazyflie_interfaces/include/crazyflie_interfaces/crazyflie_interfaces/msg/full_state.h\n'}
[1.365011] (ros_gz_crazyflie_gazebo) StdoutLine: {'line': b'-- Up-to-date symlink: /home/raghav/crazyflie_mapping_demo/ros2_ws/install/ros_gz_crazyflie_gazebo/share/ament_index/resource_index/packages/ros_gz_crazyflie_gazebo\n'}
[1.365382] (crazyflie_interfaces) StdoutLine: {'line': b'-- Up-to-date symlink: /home/raghav/crazyflie_mapping_demo/ros2_ws/install/crazyflie_interfaces/include/crazyflie_interfaces/crazyflie_interfaces/msg/hover.h\n'}
[1.365553] (ros_gz_crazyflie_gazebo) StdoutLine: {'line': b'-- Up-to-date symlink: /home/raghav/crazyflie_mapping_demo/ros2_ws/install/ros_gz_crazyflie_gazebo/share/ros_gz_crazyflie_gazebo/cmake/ros_gz_crazyflie_gazeboConfig.cmake\n'}
[1.365679] (crazyflie_interfaces) StdoutLine: {'line': b'-- Up-to-date symlink: /home/raghav/crazyflie_mapping_demo/ros2_ws/install/crazyflie_interfaces/include/crazyflie_interfaces/crazyflie_interfaces/msg/log_block.h\n'}
[1.366512] (ros_gz_crazyflie_gazebo) StdoutLine: {'line': b'-- Up-to-date symlink: /home/raghav/crazyflie_mapping_demo/ros2_ws/install/ros_gz_crazyflie_gazebo/share/ros_gz_crazyflie_gazebo/cmake/ros_gz_crazyflie_gazeboConfig-version.cmake\n'}
[1.366671] (ros_gz_crazyflie_gazebo) StdoutLine: {'line': b'-- Up-to-date symlink: /home/raghav/crazyflie_mapping_demo/ros2_ws/install/ros_gz_crazyflie_gazebo/share/ros_gz_crazyflie_gazebo/package.xml\n'}
[1.366773] (crazyflie_interfaces) StdoutLine: {'line': b'-- Up-to-date symlink: /home/raghav/crazyflie_mapping_demo/ros2_ws/install/crazyflie_interfaces/include/crazyflie_interfaces/crazyflie_interfaces/msg/log_data_generic.h\n'}
[1.366953] (crazyflie_interfaces) StdoutLine: {'line': b'-- Up-to-date symlink: /home/raghav/crazyflie_mapping_demo/ros2_ws/install/crazyflie_interfaces/include/crazyflie_interfaces/crazyflie_interfaces/msg/position.h\n'}
[1.367086] (crazyflie_interfaces) StdoutLine: {'line': b'-- Up-to-date symlink: /home/raghav/crazyflie_mapping_demo/ros2_ws/install/crazyflie_interfaces/include/crazyflie_interfaces/crazyflie_interfaces/msg/rosidl_generator_c__visibility_control.h\n'}
[1.367209] (crazyflie_interfaces) StdoutLine: {'line': b'-- Up-to-date symlink: /home/raghav/crazyflie_mapping_demo/ros2_ws/install/crazyflie_interfaces/include/crazyflie_interfaces/crazyflie_interfaces/msg/status.h\n'}
[1.367336] (crazyflie_interfaces) StdoutLine: {'line': b'-- Up-to-date symlink: /home/raghav/crazyflie_mapping_demo/ros2_ws/install/crazyflie_interfaces/include/crazyflie_interfaces/crazyflie_interfaces/msg/trajectory_polynomial_piece.h\n'}
[1.367414] (crazyflie_interfaces) StdoutLine: {'line': b'-- Up-to-date symlink: /home/raghav/crazyflie_mapping_demo/ros2_ws/install/crazyflie_interfaces/include/crazyflie_interfaces/crazyflie_interfaces/msg/velocity_world.h\n'}
[1.367841] (crazyflie_interfaces) StdoutLine: {'line': b'-- Up-to-date symlink: /home/raghav/crazyflie_mapping_demo/ros2_ws/install/crazyflie_interfaces/include/crazyflie_interfaces/crazyflie_interfaces/srv/add_logging.h\n'}
[1.368345] (crazyflie_interfaces) StdoutLine: {'line': b'-- Up-to-date symlink: /home/raghav/crazyflie_mapping_demo/ros2_ws/install/crazyflie_interfaces/include/crazyflie_interfaces/crazyflie_interfaces/srv/arm.h\n'}
[1.369136] (crazyflie_interfaces) StdoutLine: {'line': b'-- Up-to-date symlink: /home/raghav/crazyflie_mapping_demo/ros2_ws/install/crazyflie_interfaces/include/crazyflie_interfaces/crazyflie_interfaces/srv/detail/add_logging__functions.h\n'}
[1.369275] (crazyflie_interfaces) StdoutLine: {'line': b'-- Up-to-date symlink: /home/raghav/crazyflie_mapping_demo/ros2_ws/install/crazyflie_interfaces/include/crazyflie_interfaces/crazyflie_interfaces/srv/detail/add_logging__struct.h\n'}
[1.369424] (crazyflie_interfaces) StdoutLine: {'line': b'-- Up-to-date symlink: /home/raghav/crazyflie_mapping_demo/ros2_ws/install/crazyflie_interfaces/include/crazyflie_interfaces/crazyflie_interfaces/srv/detail/add_logging__type_support.h\n'}
[1.369996] (crazyflie_interfaces) StdoutLine: {'line': b'-- Up-to-date symlink: /home/raghav/crazyflie_mapping_demo/ros2_ws/install/crazyflie_interfaces/include/crazyflie_interfaces/crazyflie_interfaces/srv/detail/arm__functions.h\n'}
[1.370115] (crazyflie_interfaces) StdoutLine: {'line': b'-- Up-to-date symlink: /home/raghav/crazyflie_mapping_demo/ros2_ws/install/crazyflie_interfaces/include/crazyflie_interfaces/crazyflie_interfaces/srv/detail/arm__struct.h\n'}
[1.370201] (crazyflie_interfaces) StdoutLine: {'line': b'-- Up-to-date symlink: /home/raghav/crazyflie_mapping_demo/ros2_ws/install/crazyflie_interfaces/include/crazyflie_interfaces/crazyflie_interfaces/srv/detail/arm__type_support.h\n'}
[1.370942] (crazyflie_interfaces) StdoutLine: {'line': b'-- Up-to-date symlink: /home/raghav/crazyflie_mapping_demo/ros2_ws/install/crazyflie_interfaces/include/crazyflie_interfaces/crazyflie_interfaces/srv/detail/go_to__functions.h\n'}
[1.372885] (crazyflie_interfaces) StdoutLine: {'line': b'-- Up-to-date symlink: /home/raghav/crazyflie_mapping_demo/ros2_ws/install/crazyflie_interfaces/include/crazyflie_interfaces/crazyflie_interfaces/srv/detail/go_to__struct.h\n'}
[1.374119] (ros_gz_crazyflie_gazebo) CommandEnded: {'returncode': 0}
[1.376696] (crazyflie_interfaces) StdoutLine: {'line': b'-- Up-to-date symlink: /home/raghav/crazyflie_mapping_demo/ros2_ws/install/crazyflie_interfaces/include/crazyflie_interfaces/crazyflie_interfaces/srv/detail/go_to__type_support.h\n'}
[1.377159] (crazyflie_interfaces) StdoutLine: {'line': b'-- Up-to-date symlink: /home/raghav/crazyflie_mapping_demo/ros2_ws/install/crazyflie_interfaces/include/crazyflie_interfaces/crazyflie_interfaces/srv/detail/land__functions.h\n'}
[1.377618] (crazyflie_interfaces) StdoutLine: {'line': b'-- Up-to-date symlink: /home/raghav/crazyflie_mapping_demo/ros2_ws/install/crazyflie_interfaces/include/crazyflie_interfaces/crazyflie_interfaces/srv/detail/land__struct.h\n'}
[1.377903] (crazyflie_interfaces) StdoutLine: {'line': b'-- Up-to-date symlink: /home/raghav/crazyflie_mapping_demo/ros2_ws/install/crazyflie_interfaces/include/crazyflie_interfaces/crazyflie_interfaces/srv/detail/land__type_support.h\n'}
[1.378002] (crazyflie_interfaces) StdoutLine: {'line': b'-- Up-to-date symlink: /home/raghav/crazyflie_mapping_demo/ros2_ws/install/crazyflie_interfaces/include/crazyflie_interfaces/crazyflie_interfaces/srv/detail/notify_setpoints_stop__functions.h\n'}
[1.378088] (crazyflie_interfaces) StdoutLine: {'line': b'-- Up-to-date symlink: /home/raghav/crazyflie_mapping_demo/ros2_ws/install/crazyflie_interfaces/include/crazyflie_interfaces/crazyflie_interfaces/srv/detail/notify_setpoints_stop__struct.h\n'}
[1.378407] (crazyflie_interfaces) StdoutLine: {'line': b'-- Up-to-date symlink: /home/raghav/crazyflie_mapping_demo/ros2_ws/install/crazyflie_interfaces/include/crazyflie_interfaces/crazyflie_interfaces/srv/detail/notify_setpoints_stop__type_support.h\n'}
[1.378533] (crazyflie_interfaces) StdoutLine: {'line': b'-- Up-to-date symlink: /home/raghav/crazyflie_mapping_demo/ros2_ws/install/crazyflie_interfaces/include/crazyflie_interfaces/crazyflie_interfaces/srv/detail/remove_logging__functions.h\n'}
[1.378995] (crazyflie_interfaces) StdoutLine: {'line': b'-- Up-to-date symlink: /home/raghav/crazyflie_mapping_demo/ros2_ws/install/crazyflie_interfaces/include/crazyflie_interfaces/crazyflie_interfaces/srv/detail/remove_logging__struct.h\n'}
[1.380248] (crazyflie_interfaces) StdoutLine: {'line': b'-- Up-to-date symlink: /home/raghav/crazyflie_mapping_demo/ros2_ws/install/crazyflie_interfaces/include/crazyflie_interfaces/crazyflie_interfaces/srv/detail/remove_logging__type_support.h\n'}
[1.380585] (crazyflie_interfaces) StdoutLine: {'line': b'-- Up-to-date symlink: /home/raghav/crazyflie_mapping_demo/ros2_ws/install/crazyflie_interfaces/include/crazyflie_interfaces/crazyflie_interfaces/srv/detail/set_group_mask__functions.h\n'}
[1.382611] (crazyflie_interfaces) StdoutLine: {'line': b'-- Up-to-date symlink: /home/raghav/crazyflie_mapping_demo/ros2_ws/install/crazyflie_interfaces/include/crazyflie_interfaces/crazyflie_interfaces/srv/detail/set_group_mask__struct.h\n'}
[1.382845] (crazyflie_interfaces) StdoutLine: {'line': b'-- Up-to-date symlink: /home/raghav/crazyflie_mapping_demo/ros2_ws/install/crazyflie_interfaces/include/crazyflie_interfaces/crazyflie_interfaces/srv/detail/set_group_mask__type_support.h\n'}
[1.382913] (crazyflie_interfaces) StdoutLine: {'line': b'-- Up-to-date symlink: /home/raghav/crazyflie_mapping_demo/ros2_ws/install/crazyflie_interfaces/include/crazyflie_interfaces/crazyflie_interfaces/srv/detail/start_trajectory__functions.h\n'}
[1.382970] (crazyflie_interfaces) StdoutLine: {'line': b'-- Up-to-date symlink: /home/raghav/crazyflie_mapping_demo/ros2_ws/install/crazyflie_interfaces/include/crazyflie_interfaces/crazyflie_interfaces/srv/detail/start_trajectory__struct.h\n'}
[1.383024] (crazyflie_interfaces) StdoutLine: {'line': b'-- Up-to-date symlink: /home/raghav/crazyflie_mapping_demo/ros2_ws/install/crazyflie_interfaces/include/crazyflie_interfaces/crazyflie_interfaces/srv/detail/start_trajectory__type_support.h\n'}
[1.383075] (crazyflie_interfaces) StdoutLine: {'line': b'-- Up-to-date symlink: /home/raghav/crazyflie_mapping_demo/ros2_ws/install/crazyflie_interfaces/include/crazyflie_interfaces/crazyflie_interfaces/srv/detail/stop__functions.h\n'}
[1.383126] (crazyflie_interfaces) StdoutLine: {'line': b'-- Up-to-date symlink: /home/raghav/crazyflie_mapping_demo/ros2_ws/install/crazyflie_interfaces/include/crazyflie_interfaces/crazyflie_interfaces/srv/detail/stop__struct.h\n'}
[1.383179] (crazyflie_interfaces) StdoutLine: {'line': b'-- Up-to-date symlink: /home/raghav/crazyflie_mapping_demo/ros2_ws/install/crazyflie_interfaces/include/crazyflie_interfaces/crazyflie_interfaces/srv/detail/stop__type_support.h\n'}
[1.383234] (crazyflie_interfaces) StdoutLine: {'line': b'-- Up-to-date symlink: /home/raghav/crazyflie_mapping_demo/ros2_ws/install/crazyflie_interfaces/include/crazyflie_interfaces/crazyflie_interfaces/srv/detail/takeoff__functions.h\n'}
[1.383686] (crazyflie_interfaces) StdoutLine: {'line': b'-- Up-to-date symlink: /home/raghav/crazyflie_mapping_demo/ros2_ws/install/crazyflie_interfaces/include/crazyflie_interfaces/crazyflie_interfaces/srv/detail/takeoff__struct.h\n'}
[1.384306] (crazyflie_interfaces) StdoutLine: {'line': b'-- Up-to-date symlink: /home/raghav/crazyflie_mapping_demo/ros2_ws/install/crazyflie_interfaces/include/crazyflie_interfaces/crazyflie_interfaces/srv/detail/takeoff__type_support.h\n'}
[1.384744] (crazyflie_interfaces) StdoutLine: {'line': b'-- Up-to-date symlink: /home/raghav/crazyflie_mapping_demo/ros2_ws/install/crazyflie_interfaces/include/crazyflie_interfaces/crazyflie_interfaces/srv/detail/update_params__functions.h\n'}
[1.384865] (crazyflie_interfaces) StdoutLine: {'line': b'-- Up-to-date symlink: /home/raghav/crazyflie_mapping_demo/ros2_ws/install/crazyflie_interfaces/include/crazyflie_interfaces/crazyflie_interfaces/srv/detail/update_params__struct.h\n'}
[1.385127] (crazyflie_interfaces) StdoutLine: {'line': b'-- Up-to-date symlink: /home/raghav/crazyflie_mapping_demo/ros2_ws/install/crazyflie_interfaces/include/crazyflie_interfaces/crazyflie_interfaces/srv/detail/update_params__type_support.h\n'}
[1.385237] (crazyflie_interfaces) StdoutLine: {'line': b'-- Up-to-date symlink: /home/raghav/crazyflie_mapping_demo/ros2_ws/install/crazyflie_interfaces/include/crazyflie_interfaces/crazyflie_interfaces/srv/detail/upload_trajectory__functions.h\n'}
[1.385679] (crazyflie_interfaces) StdoutLine: {'line': b'-- Up-to-date symlink: /home/raghav/crazyflie_mapping_demo/ros2_ws/install/crazyflie_interfaces/include/crazyflie_interfaces/crazyflie_interfaces/srv/detail/upload_trajectory__struct.h\n'}
[1.386014] (crazyflie_interfaces) StdoutLine: {'line': b'-- Up-to-date symlink: /home/raghav/crazyflie_mapping_demo/ros2_ws/install/crazyflie_interfaces/include/crazyflie_interfaces/crazyflie_interfaces/srv/detail/upload_trajectory__type_support.h\n'}
[1.386261] (crazyflie_interfaces) StdoutLine: {'line': b'-- Up-to-date symlink: /home/raghav/crazyflie_mapping_demo/ros2_ws/install/crazyflie_interfaces/include/crazyflie_interfaces/crazyflie_interfaces/srv/go_to.h\n'}
[1.386636] (crazyflie_interfaces) StdoutLine: {'line': b'-- Up-to-date symlink: /home/raghav/crazyflie_mapping_demo/ros2_ws/install/crazyflie_interfaces/include/crazyflie_interfaces/crazyflie_interfaces/srv/land.h\n'}
[1.386904] (crazyflie_interfaces) StdoutLine: {'line': b'-- Up-to-date symlink: /home/raghav/crazyflie_mapping_demo/ros2_ws/install/crazyflie_interfaces/include/crazyflie_interfaces/crazyflie_interfaces/srv/notify_setpoints_stop.h\n'}
[1.387161] (crazyflie_interfaces) StdoutLine: {'line': b'-- Up-to-date symlink: /home/raghav/crazyflie_mapping_demo/ros2_ws/install/crazyflie_interfaces/include/crazyflie_interfaces/crazyflie_interfaces/srv/remove_logging.h\n'}
[1.387231] (crazyflie_interfaces) StdoutLine: {'line': b'-- Up-to-date symlink: /home/raghav/crazyflie_mapping_demo/ros2_ws/install/crazyflie_interfaces/include/crazyflie_interfaces/crazyflie_interfaces/srv/set_group_mask.h\n'}
[1.387319] (crazyflie_interfaces) StdoutLine: {'line': b'-- Up-to-date symlink: /home/raghav/crazyflie_mapping_demo/ros2_ws/install/crazyflie_interfaces/include/crazyflie_interfaces/crazyflie_interfaces/srv/start_trajectory.h\n'}
[1.387415] (crazyflie_interfaces) StdoutLine: {'line': b'-- Up-to-date symlink: /home/raghav/crazyflie_mapping_demo/ros2_ws/install/crazyflie_interfaces/include/crazyflie_interfaces/crazyflie_interfaces/srv/stop.h\n'}
[1.387463] (crazyflie_interfaces) StdoutLine: {'line': b'-- Up-to-date symlink: /home/raghav/crazyflie_mapping_demo/ros2_ws/install/crazyflie_interfaces/include/crazyflie_interfaces/crazyflie_interfaces/srv/takeoff.h\n'}
[1.387521] (crazyflie_interfaces) StdoutLine: {'line': b'-- Up-to-date symlink: /home/raghav/crazyflie_mapping_demo/ros2_ws/install/crazyflie_interfaces/include/crazyflie_interfaces/crazyflie_interfaces/srv/update_params.h\n'}
[1.387590] (crazyflie_interfaces) StdoutLine: {'line': b'-- Up-to-date symlink: /home/raghav/crazyflie_mapping_demo/ros2_ws/install/crazyflie_interfaces/include/crazyflie_interfaces/crazyflie_interfaces/srv/upload_trajectory.h\n'}
[1.387648] (crazyflie_interfaces) StdoutLine: {'line': b'-- Up-to-date symlink: /home/raghav/crazyflie_mapping_demo/ros2_ws/install/crazyflie_interfaces/share/crazyflie_interfaces/environment/library_path.sh\n'}
[1.387697] (crazyflie_interfaces) StdoutLine: {'line': b'-- Up-to-date symlink: /home/raghav/crazyflie_mapping_demo/ros2_ws/install/crazyflie_interfaces/share/crazyflie_interfaces/environment/library_path.dsv\n'}
[1.387743] (crazyflie_interfaces) StdoutLine: {'line': b'-- Up-to-date symlink: /home/raghav/crazyflie_mapping_demo/ros2_ws/install/crazyflie_interfaces/include/crazyflie_interfaces/crazyflie_interfaces/msg/detail/connection_statistics__rosidl_typesupport_fastrtps_c.h\n'}
[1.387790] (crazyflie_interfaces) StdoutLine: {'line': b'-- Up-to-date symlink: /home/raghav/crazyflie_mapping_demo/ros2_ws/install/crazyflie_interfaces/include/crazyflie_interfaces/crazyflie_interfaces/msg/detail/connection_statistics_array__rosidl_typesupport_fastrtps_c.h\n'}
[1.387837] (crazyflie_interfaces) StdoutLine: {'line': b'-- Up-to-date symlink: /home/raghav/crazyflie_mapping_demo/ros2_ws/install/crazyflie_interfaces/include/crazyflie_interfaces/crazyflie_interfaces/msg/detail/full_state__rosidl_typesupport_fastrtps_c.h\n'}
[1.387884] (crazyflie_interfaces) StdoutLine: {'line': b'-- Up-to-date symlink: /home/raghav/crazyflie_mapping_demo/ros2_ws/install/crazyflie_interfaces/include/crazyflie_interfaces/crazyflie_interfaces/msg/detail/hover__rosidl_typesupport_fastrtps_c.h\n'}
[1.388006] (crazyflie_interfaces) StdoutLine: {'line': b'-- Up-to-date symlink: /home/raghav/crazyflie_mapping_demo/ros2_ws/install/crazyflie_interfaces/include/crazyflie_interfaces/crazyflie_interfaces/msg/detail/log_block__rosidl_typesupport_fastrtps_c.h\n'}
[1.388114] (crazyflie_interfaces) StdoutLine: {'line': b'-- Up-to-date symlink: /home/raghav/crazyflie_mapping_demo/ros2_ws/install/crazyflie_interfaces/include/crazyflie_interfaces/crazyflie_interfaces/msg/detail/log_data_generic__rosidl_typesupport_fastrtps_c.h\n'}
[1.388306] (crazyflie_interfaces) StdoutLine: {'line': b'-- Up-to-date symlink: /home/raghav/crazyflie_mapping_demo/ros2_ws/install/crazyflie_interfaces/include/crazyflie_interfaces/crazyflie_interfaces/msg/detail/position__rosidl_typesupport_fastrtps_c.h\n'}
[1.389225] (crazyflie_interfaces) StdoutLine: {'line': b'-- Up-to-date symlink: /home/raghav/crazyflie_mapping_demo/ros2_ws/install/crazyflie_interfaces/include/crazyflie_interfaces/crazyflie_interfaces/msg/detail/status__rosidl_typesupport_fastrtps_c.h\n'}
[1.390103] (crazyflie_interfaces) StdoutLine: {'line': b'-- Up-to-date symlink: /home/raghav/crazyflie_mapping_demo/ros2_ws/install/crazyflie_interfaces/include/crazyflie_interfaces/crazyflie_interfaces/msg/detail/trajectory_polynomial_piece__rosidl_typesupport_fastrtps_c.h\n'}
[1.390200] (crazyflie_interfaces) StdoutLine: {'line': b'-- Up-to-date symlink: /home/raghav/crazyflie_mapping_demo/ros2_ws/install/crazyflie_interfaces/include/crazyflie_interfaces/crazyflie_interfaces/msg/detail/velocity_world__rosidl_typesupport_fastrtps_c.h\n'}
[1.390359] (crazyflie_interfaces) StdoutLine: {'line': b'-- Up-to-date symlink: /home/raghav/crazyflie_mapping_demo/ros2_ws/install/crazyflie_interfaces/include/crazyflie_interfaces/crazyflie_interfaces/msg/rosidl_typesupport_fastrtps_c__visibility_control.h\n'}
[1.390420] (crazyflie_interfaces) StdoutLine: {'line': b'-- Up-to-date symlink: /home/raghav/crazyflie_mapping_demo/ros2_ws/install/crazyflie_interfaces/include/crazyflie_interfaces/crazyflie_interfaces/srv/detail/add_logging__rosidl_typesupport_fastrtps_c.h\n'}
[1.390973] (crazyflie_interfaces) StdoutLine: {'line': b'-- Up-to-date symlink: /home/raghav/crazyflie_mapping_demo/ros2_ws/install/crazyflie_interfaces/include/crazyflie_interfaces/crazyflie_interfaces/srv/detail/arm__rosidl_typesupport_fastrtps_c.h\n'}
[1.391484] (crazyflie_interfaces) StdoutLine: {'line': b'-- Up-to-date symlink: /home/raghav/crazyflie_mapping_demo/ros2_ws/install/crazyflie_interfaces/include/crazyflie_interfaces/crazyflie_interfaces/srv/detail/go_to__rosidl_typesupport_fastrtps_c.h\n'}
[1.391660] (crazyflie_interfaces) StdoutLine: {'line': b'-- Up-to-date symlink: /home/raghav/crazyflie_mapping_demo/ros2_ws/install/crazyflie_interfaces/include/crazyflie_interfaces/crazyflie_interfaces/srv/detail/land__rosidl_typesupport_fastrtps_c.h\n'}
[1.391734] (crazyflie_interfaces) StdoutLine: {'line': b'-- Up-to-date symlink: /home/raghav/crazyflie_mapping_demo/ros2_ws/install/crazyflie_interfaces/include/crazyflie_interfaces/crazyflie_interfaces/srv/detail/notify_setpoints_stop__rosidl_typesupport_fastrtps_c.h\n'}
[1.391786] (crazyflie_interfaces) StdoutLine: {'line': b'-- Up-to-date symlink: /home/raghav/crazyflie_mapping_demo/ros2_ws/install/crazyflie_interfaces/include/crazyflie_interfaces/crazyflie_interfaces/srv/detail/remove_logging__rosidl_typesupport_fastrtps_c.h\n'}
[1.392099] (crazyflie_interfaces) StdoutLine: {'line': b'-- Up-to-date symlink: /home/raghav/crazyflie_mapping_demo/ros2_ws/install/crazyflie_interfaces/include/crazyflie_interfaces/crazyflie_interfaces/srv/detail/set_group_mask__rosidl_typesupport_fastrtps_c.h\n'}
[1.392213] (crazyflie_interfaces) StdoutLine: {'line': b'-- Up-to-date symlink: /home/raghav/crazyflie_mapping_demo/ros2_ws/install/crazyflie_interfaces/include/crazyflie_interfaces/crazyflie_interfaces/srv/detail/start_trajectory__rosidl_typesupport_fastrtps_c.h\n'}
[1.392280] (crazyflie_interfaces) StdoutLine: {'line': b'-- Up-to-date symlink: /home/raghav/crazyflie_mapping_demo/ros2_ws/install/crazyflie_interfaces/include/crazyflie_interfaces/crazyflie_interfaces/srv/detail/stop__rosidl_typesupport_fastrtps_c.h\n'}
[1.392361] (crazyflie_interfaces) StdoutLine: {'line': b'-- Up-to-date symlink: /home/raghav/crazyflie_mapping_demo/ros2_ws/install/crazyflie_interfaces/include/crazyflie_interfaces/crazyflie_interfaces/srv/detail/takeoff__rosidl_typesupport_fastrtps_c.h\n'}
[1.392499] (crazyflie_interfaces) StdoutLine: {'line': b'-- Up-to-date symlink: /home/raghav/crazyflie_mapping_demo/ros2_ws/install/crazyflie_interfaces/include/crazyflie_interfaces/crazyflie_interfaces/srv/detail/update_params__rosidl_typesupport_fastrtps_c.h\n'}
[1.393100] (crazyflie_interfaces) StdoutLine: {'line': b'-- Up-to-date symlink: /home/raghav/crazyflie_mapping_demo/ros2_ws/install/crazyflie_interfaces/include/crazyflie_interfaces/crazyflie_interfaces/srv/detail/upload_trajectory__rosidl_typesupport_fastrtps_c.h\n'}
[1.393163] (crazyflie_interfaces) StdoutLine: {'line': b'-- Up-to-date symlink: /home/raghav/crazyflie_mapping_demo/ros2_ws/install/crazyflie_interfaces/include/crazyflie_interfaces/crazyflie_interfaces/msg/connection_statistics.hpp\n'}
[1.393205] (crazyflie_interfaces) StdoutLine: {'line': b'-- Up-to-date symlink: /home/raghav/crazyflie_mapping_demo/ros2_ws/install/crazyflie_interfaces/include/crazyflie_interfaces/crazyflie_interfaces/msg/connection_statistics_array.hpp\n'}
[1.393242] (crazyflie_interfaces) StdoutLine: {'line': b'-- Up-to-date symlink: /home/raghav/crazyflie_mapping_demo/ros2_ws/install/crazyflie_interfaces/include/crazyflie_interfaces/crazyflie_interfaces/msg/detail/connection_statistics__builder.hpp\n'}
[1.396354] (crazyflie_interfaces) StdoutLine: {'line': b'-- Up-to-date symlink: /home/raghav/crazyflie_mapping_demo/ros2_ws/install/crazyflie_interfaces/include/crazyflie_interfaces/crazyflie_interfaces/msg/detail/connection_statistics__struct.hpp\n'}
[1.397639] (crazyflie_interfaces) StdoutLine: {'line': b'-- Up-to-date symlink: /home/raghav/crazyflie_mapping_demo/ros2_ws/install/crazyflie_interfaces/include/crazyflie_interfaces/crazyflie_interfaces/msg/detail/connection_statistics__traits.hpp\n'}
[1.399654] (crazyflie_interfaces) StdoutLine: {'line': b'-- Up-to-date symlink: /home/raghav/crazyflie_mapping_demo/ros2_ws/install/crazyflie_interfaces/include/crazyflie_interfaces/crazyflie_interfaces/msg/detail/connection_statistics__type_support.hpp\n'}
[1.400029] (crazyflie_interfaces) StdoutLine: {'line': b'-- Up-to-date symlink: /home/raghav/crazyflie_mapping_demo/ros2_ws/install/crazyflie_interfaces/include/crazyflie_interfaces/crazyflie_interfaces/msg/detail/connection_statistics_array__builder.hpp\n'}
[1.400799] (crazyflie_interfaces) StdoutLine: {'line': b'-- Up-to-date symlink: /home/raghav/crazyflie_mapping_demo/ros2_ws/install/crazyflie_interfaces/include/crazyflie_interfaces/crazyflie_interfaces/msg/detail/connection_statistics_array__struct.hpp\n'}
[1.400913] (crazyflie_interfaces) StdoutLine: {'line': b'-- Up-to-date symlink: /home/raghav/crazyflie_mapping_demo/ros2_ws/install/crazyflie_interfaces/include/crazyflie_interfaces/crazyflie_interfaces/msg/detail/connection_statistics_array__traits.hpp\n'}
[1.400961] (crazyflie_interfaces) StdoutLine: {'line': b'-- Up-to-date symlink: /home/raghav/crazyflie_mapping_demo/ros2_ws/install/crazyflie_interfaces/include/crazyflie_interfaces/crazyflie_interfaces/msg/detail/connection_statistics_array__type_support.hpp\n'}
[1.401002] (crazyflie_interfaces) StdoutLine: {'line': b'-- Up-to-date symlink: /home/raghav/crazyflie_mapping_demo/ros2_ws/install/crazyflie_interfaces/include/crazyflie_interfaces/crazyflie_interfaces/msg/detail/full_state__builder.hpp\n'}
[1.401190] (crazyflie_interfaces) StdoutLine: {'line': b'-- Up-to-date symlink: /home/raghav/crazyflie_mapping_demo/ros2_ws/install/crazyflie_interfaces/include/crazyflie_interfaces/crazyflie_interfaces/msg/detail/full_state__struct.hpp\n'}
[1.401233] (crazyflie_interfaces) StdoutLine: {'line': b'-- Up-to-date symlink: /home/raghav/crazyflie_mapping_demo/ros2_ws/install/crazyflie_interfaces/include/crazyflie_interfaces/crazyflie_interfaces/msg/detail/full_state__traits.hpp\n'}
[1.401271] (crazyflie_interfaces) StdoutLine: {'line': b'-- Up-to-date symlink: /home/raghav/crazyflie_mapping_demo/ros2_ws/install/crazyflie_interfaces/include/crazyflie_interfaces/crazyflie_interfaces/msg/detail/full_state__type_support.hpp\n'}
[1.401341] (crazyflie_interfaces) StdoutLine: {'line': b'-- Up-to-date symlink: /home/raghav/crazyflie_mapping_demo/ros2_ws/install/crazyflie_interfaces/include/crazyflie_interfaces/crazyflie_interfaces/msg/detail/hover__builder.hpp\n'}
[1.403852] (crazyflie_interfaces) StdoutLine: {'line': b'-- Up-to-date symlink: /home/raghav/crazyflie_mapping_demo/ros2_ws/install/crazyflie_interfaces/include/crazyflie_interfaces/crazyflie_interfaces/msg/detail/hover__struct.hpp\n'}
[1.404214] (crazyflie_interfaces) StdoutLine: {'line': b'-- Up-to-date symlink: /home/raghav/crazyflie_mapping_demo/ros2_ws/install/crazyflie_interfaces/include/crazyflie_interfaces/crazyflie_interfaces/msg/detail/hover__traits.hpp\n'}
[1.405199] (-) TimerEvent: {}
[1.405381] (crazyflie_interfaces) StdoutLine: {'line': b'-- Up-to-date symlink: /home/raghav/crazyflie_mapping_demo/ros2_ws/install/crazyflie_interfaces/include/crazyflie_interfaces/crazyflie_interfaces/msg/detail/hover__type_support.hpp\n'}
[1.405550] (crazyflie_interfaces) StdoutLine: {'line': b'-- Up-to-date symlink: /home/raghav/crazyflie_mapping_demo/ros2_ws/install/crazyflie_interfaces/include/crazyflie_interfaces/crazyflie_interfaces/msg/detail/log_block__builder.hpp\n'}
[1.405602] (crazyflie_interfaces) StdoutLine: {'line': b'-- Up-to-date symlink: /home/raghav/crazyflie_mapping_demo/ros2_ws/install/crazyflie_interfaces/include/crazyflie_interfaces/crazyflie_interfaces/msg/detail/log_block__struct.hpp\n'}
[1.405653] (crazyflie_interfaces) StdoutLine: {'line': b'-- Up-to-date symlink: /home/raghav/crazyflie_mapping_demo/ros2_ws/install/crazyflie_interfaces/include/crazyflie_interfaces/crazyflie_interfaces/msg/detail/log_block__traits.hpp\n'}
[1.405846] (crazyflie_interfaces) StdoutLine: {'line': b'-- Up-to-date symlink: /home/raghav/crazyflie_mapping_demo/ros2_ws/install/crazyflie_interfaces/include/crazyflie_interfaces/crazyflie_interfaces/msg/detail/log_block__type_support.hpp\n'}
[1.406212] (crazyflie_interfaces) StdoutLine: {'line': b'-- Up-to-date symlink: /home/raghav/crazyflie_mapping_demo/ros2_ws/install/crazyflie_interfaces/include/crazyflie_interfaces/crazyflie_interfaces/msg/detail/log_data_generic__builder.hpp\n'}
[1.406805] (crazyflie_interfaces) StdoutLine: {'line': b'-- Up-to-date symlink: /home/raghav/crazyflie_mapping_demo/ros2_ws/install/crazyflie_interfaces/include/crazyflie_interfaces/crazyflie_interfaces/msg/detail/log_data_generic__struct.hpp\n'}
[1.407205] (crazyflie_interfaces) StdoutLine: {'line': b'-- Up-to-date symlink: /home/raghav/crazyflie_mapping_demo/ros2_ws/install/crazyflie_interfaces/include/crazyflie_interfaces/crazyflie_interfaces/msg/detail/log_data_generic__traits.hpp\n'}
[1.407611] (crazyflie_interfaces) StdoutLine: {'line': b'-- Up-to-date symlink: /home/raghav/crazyflie_mapping_demo/ros2_ws/install/crazyflie_interfaces/include/crazyflie_interfaces/crazyflie_interfaces/msg/detail/log_data_generic__type_support.hpp\n'}
[1.407873] (crazyflie_interfaces) StdoutLine: {'line': b'-- Up-to-date symlink: /home/raghav/crazyflie_mapping_demo/ros2_ws/install/crazyflie_interfaces/include/crazyflie_interfaces/crazyflie_interfaces/msg/detail/position__builder.hpp\n'}
[1.407966] (crazyflie_interfaces) StdoutLine: {'line': b'-- Up-to-date symlink: /home/raghav/crazyflie_mapping_demo/ros2_ws/install/crazyflie_interfaces/include/crazyflie_interfaces/crazyflie_interfaces/msg/detail/position__struct.hpp\n'}
[1.408130] (crazyflie_interfaces) StdoutLine: {'line': b'-- Up-to-date symlink: /home/raghav/crazyflie_mapping_demo/ros2_ws/install/crazyflie_interfaces/include/crazyflie_interfaces/crazyflie_interfaces/msg/detail/position__traits.hpp\n'}
[1.408421] (crazyflie_interfaces) StdoutLine: {'line': b'-- Up-to-date symlink: /home/raghav/crazyflie_mapping_demo/ros2_ws/install/crazyflie_interfaces/include/crazyflie_interfaces/crazyflie_interfaces/msg/detail/position__type_support.hpp\n'}
[1.408881] (crazyflie_interfaces) StdoutLine: {'line': b'-- Up-to-date symlink: /home/raghav/crazyflie_mapping_demo/ros2_ws/install/crazyflie_interfaces/include/crazyflie_interfaces/crazyflie_interfaces/msg/detail/status__builder.hpp\n'}
[1.409129] (crazyflie_interfaces) StdoutLine: {'line': b'-- Up-to-date symlink: /home/raghav/crazyflie_mapping_demo/ros2_ws/install/crazyflie_interfaces/include/crazyflie_interfaces/crazyflie_interfaces/msg/detail/status__struct.hpp\n'}
[1.409818] (crazyflie_interfaces) StdoutLine: {'line': b'-- Up-to-date symlink: /home/raghav/crazyflie_mapping_demo/ros2_ws/install/crazyflie_interfaces/include/crazyflie_interfaces/crazyflie_interfaces/msg/detail/status__traits.hpp\n'}
[1.410391] (crazyflie_interfaces) StdoutLine: {'line': b'-- Up-to-date symlink: /home/raghav/crazyflie_mapping_demo/ros2_ws/install/crazyflie_interfaces/include/crazyflie_interfaces/crazyflie_interfaces/msg/detail/status__type_support.hpp\n'}
[1.410613] (crazyflie_interfaces) StdoutLine: {'line': b'-- Up-to-date symlink: /home/raghav/crazyflie_mapping_demo/ros2_ws/install/crazyflie_interfaces/include/crazyflie_interfaces/crazyflie_interfaces/msg/detail/trajectory_polynomial_piece__builder.hpp\n'}
[1.410787] (crazyflie_interfaces) StdoutLine: {'line': b'-- Up-to-date symlink: /home/raghav/crazyflie_mapping_demo/ros2_ws/install/crazyflie_interfaces/include/crazyflie_interfaces/crazyflie_interfaces/msg/detail/trajectory_polynomial_piece__struct.hpp\n'}
[1.410998] (crazyflie_interfaces) StdoutLine: {'line': b'-- Up-to-date symlink: /home/raghav/crazyflie_mapping_demo/ros2_ws/install/crazyflie_interfaces/include/crazyflie_interfaces/crazyflie_interfaces/msg/detail/trajectory_polynomial_piece__traits.hpp\n'}
[1.412036] (crazyflie_interfaces) StdoutLine: {'line': b'-- Up-to-date symlink: /home/raghav/crazyflie_mapping_demo/ros2_ws/install/crazyflie_interfaces/include/crazyflie_interfaces/crazyflie_interfaces/msg/detail/trajectory_polynomial_piece__type_support.hpp\n'}
[1.412179] (crazyflie_interfaces) StdoutLine: {'line': b'-- Up-to-date symlink: /home/raghav/crazyflie_mapping_demo/ros2_ws/install/crazyflie_interfaces/include/crazyflie_interfaces/crazyflie_interfaces/msg/detail/velocity_world__builder.hpp\n'}
[1.412235] (crazyflie_interfaces) StdoutLine: {'line': b'-- Up-to-date symlink: /home/raghav/crazyflie_mapping_demo/ros2_ws/install/crazyflie_interfaces/include/crazyflie_interfaces/crazyflie_interfaces/msg/detail/velocity_world__struct.hpp\n'}
[1.412300] (crazyflie_interfaces) StdoutLine: {'line': b'-- Up-to-date symlink: /home/raghav/crazyflie_mapping_demo/ros2_ws/install/crazyflie_interfaces/include/crazyflie_interfaces/crazyflie_interfaces/msg/detail/velocity_world__traits.hpp\n'}
[1.412439] (crazyflie_interfaces) StdoutLine: {'line': b'-- Up-to-date symlink: /home/raghav/crazyflie_mapping_demo/ros2_ws/install/crazyflie_interfaces/include/crazyflie_interfaces/crazyflie_interfaces/msg/detail/velocity_world__type_support.hpp\n'}
[1.412514] (crazyflie_interfaces) StdoutLine: {'line': b'-- Up-to-date symlink: /home/raghav/crazyflie_mapping_demo/ros2_ws/install/crazyflie_interfaces/include/crazyflie_interfaces/crazyflie_interfaces/msg/full_state.hpp\n'}
[1.412962] (crazyflie_interfaces) StdoutLine: {'line': b'-- Up-to-date symlink: /home/raghav/crazyflie_mapping_demo/ros2_ws/install/crazyflie_interfaces/include/crazyflie_interfaces/crazyflie_interfaces/msg/hover.hpp\n'}
[1.413226] (crazyflie_interfaces) StdoutLine: {'line': b'-- Up-to-date symlink: /home/raghav/crazyflie_mapping_demo/ros2_ws/install/crazyflie_interfaces/include/crazyflie_interfaces/crazyflie_interfaces/msg/log_block.hpp\n'}
[1.414057] (crazyflie_interfaces) StdoutLine: {'line': b'-- Up-to-date symlink: /home/raghav/crazyflie_mapping_demo/ros2_ws/install/crazyflie_interfaces/include/crazyflie_interfaces/crazyflie_interfaces/msg/log_data_generic.hpp\n'}
[1.415248] (crazyflie_interfaces) StdoutLine: {'line': b'-- Up-to-date symlink: /home/raghav/crazyflie_mapping_demo/ros2_ws/install/crazyflie_interfaces/include/crazyflie_interfaces/crazyflie_interfaces/msg/position.hpp\n'}
[1.418085] (crazyflie_interfaces) StdoutLine: {'line': b'-- Up-to-date symlink: /home/raghav/crazyflie_mapping_demo/ros2_ws/install/crazyflie_interfaces/include/crazyflie_interfaces/crazyflie_interfaces/msg/rosidl_generator_cpp__visibility_control.hpp\n'}
[1.418576] (crazyflie_interfaces) StdoutLine: {'line': b'-- Up-to-date symlink: /home/raghav/crazyflie_mapping_demo/ros2_ws/install/crazyflie_interfaces/include/crazyflie_interfaces/crazyflie_interfaces/msg/status.hpp\n'}
[1.418830] (crazyflie_interfaces) StdoutLine: {'line': b'-- Up-to-date symlink: /home/raghav/crazyflie_mapping_demo/ros2_ws/install/crazyflie_interfaces/include/crazyflie_interfaces/crazyflie_interfaces/msg/trajectory_polynomial_piece.hpp\n'}
[1.419403] (crazyflie_interfaces) StdoutLine: {'line': b'-- Up-to-date symlink: /home/raghav/crazyflie_mapping_demo/ros2_ws/install/crazyflie_interfaces/include/crazyflie_interfaces/crazyflie_interfaces/msg/velocity_world.hpp\n'}
[1.419968] (crazyflie_interfaces) StdoutLine: {'line': b'-- Up-to-date symlink: /home/raghav/crazyflie_mapping_demo/ros2_ws/install/crazyflie_interfaces/include/crazyflie_interfaces/crazyflie_interfaces/srv/add_logging.hpp\n'}
[1.420109] (crazyflie_interfaces) StdoutLine: {'line': b'-- Up-to-date symlink: /home/raghav/crazyflie_mapping_demo/ros2_ws/install/crazyflie_interfaces/include/crazyflie_interfaces/crazyflie_interfaces/srv/arm.hpp\n'}
[1.420418] (crazyflie_interfaces) StdoutLine: {'line': b'-- Up-to-date symlink: /home/raghav/crazyflie_mapping_demo/ros2_ws/install/crazyflie_interfaces/include/crazyflie_interfaces/crazyflie_interfaces/srv/detail/add_logging__builder.hpp\n'}
[1.420739] (crazyflie_interfaces) StdoutLine: {'line': b'-- Up-to-date symlink: /home/raghav/crazyflie_mapping_demo/ros2_ws/install/crazyflie_interfaces/include/crazyflie_interfaces/crazyflie_interfaces/srv/detail/add_logging__struct.hpp\n'}
[1.420825] (crazyflie_interfaces) StdoutLine: {'line': b'-- Up-to-date symlink: /home/raghav/crazyflie_mapping_demo/ros2_ws/install/crazyflie_interfaces/include/crazyflie_interfaces/crazyflie_interfaces/srv/detail/add_logging__traits.hpp\n'}
[1.420889] (crazyflie_interfaces) StdoutLine: {'line': b'-- Up-to-date symlink: /home/raghav/crazyflie_mapping_demo/ros2_ws/install/crazyflie_interfaces/include/crazyflie_interfaces/crazyflie_interfaces/srv/detail/add_logging__type_support.hpp\n'}
[1.420948] (crazyflie_interfaces) StdoutLine: {'line': b'-- Up-to-date symlink: /home/raghav/crazyflie_mapping_demo/ros2_ws/install/crazyflie_interfaces/include/crazyflie_interfaces/crazyflie_interfaces/srv/detail/arm__builder.hpp\n'}
[1.421062] (crazyflie_interfaces) StdoutLine: {'line': b'-- Up-to-date symlink: /home/raghav/crazyflie_mapping_demo/ros2_ws/install/crazyflie_interfaces/include/crazyflie_interfaces/crazyflie_interfaces/srv/detail/arm__struct.hpp\n'}
[1.421102] (crazyflie_interfaces) StdoutLine: {'line': b'-- Up-to-date symlink: /home/raghav/crazyflie_mapping_demo/ros2_ws/install/crazyflie_interfaces/include/crazyflie_interfaces/crazyflie_interfaces/srv/detail/arm__traits.hpp\n'}
[1.421139] (crazyflie_interfaces) StdoutLine: {'line': b'-- Up-to-date symlink: /home/raghav/crazyflie_mapping_demo/ros2_ws/install/crazyflie_interfaces/include/crazyflie_interfaces/crazyflie_interfaces/srv/detail/arm__type_support.hpp\n'}
[1.421492] (crazyflie_interfaces) StdoutLine: {'line': b'-- Up-to-date symlink: /home/raghav/crazyflie_mapping_demo/ros2_ws/install/crazyflie_interfaces/include/crazyflie_interfaces/crazyflie_interfaces/srv/detail/go_to__builder.hpp\n'}
[1.421617] (crazyflie_interfaces) StdoutLine: {'line': b'-- Up-to-date symlink: /home/raghav/crazyflie_mapping_demo/ros2_ws/install/crazyflie_interfaces/include/crazyflie_interfaces/crazyflie_interfaces/srv/detail/go_to__struct.hpp\n'}
[1.421686] (crazyflie_interfaces) StdoutLine: {'line': b'-- Up-to-date symlink: /home/raghav/crazyflie_mapping_demo/ros2_ws/install/crazyflie_interfaces/include/crazyflie_interfaces/crazyflie_interfaces/srv/detail/go_to__traits.hpp\n'}
[1.421727] (crazyflie_interfaces) StdoutLine: {'line': b'-- Up-to-date symlink: /home/raghav/crazyflie_mapping_demo/ros2_ws/install/crazyflie_interfaces/include/crazyflie_interfaces/crazyflie_interfaces/srv/detail/go_to__type_support.hpp\n'}
[1.421780] (crazyflie_interfaces) StdoutLine: {'line': b'-- Up-to-date symlink: /home/raghav/crazyflie_mapping_demo/ros2_ws/install/crazyflie_interfaces/include/crazyflie_interfaces/crazyflie_interfaces/srv/detail/land__builder.hpp\n'}
[1.421826] (crazyflie_interfaces) StdoutLine: {'line': b'-- Up-to-date symlink: /home/raghav/crazyflie_mapping_demo/ros2_ws/install/crazyflie_interfaces/include/crazyflie_interfaces/crazyflie_interfaces/srv/detail/land__struct.hpp\n'}
[1.421871] (crazyflie_interfaces) StdoutLine: {'line': b'-- Up-to-date symlink: /home/raghav/crazyflie_mapping_demo/ros2_ws/install/crazyflie_interfaces/include/crazyflie_interfaces/crazyflie_interfaces/srv/detail/land__traits.hpp\n'}
[1.421917] (crazyflie_interfaces) StdoutLine: {'line': b'-- Up-to-date symlink: /home/raghav/crazyflie_mapping_demo/ros2_ws/install/crazyflie_interfaces/include/crazyflie_interfaces/crazyflie_interfaces/srv/detail/land__type_support.hpp\n'}
[1.421963] (crazyflie_interfaces) StdoutLine: {'line': b'-- Up-to-date symlink: /home/raghav/crazyflie_mapping_demo/ros2_ws/install/crazyflie_interfaces/include/crazyflie_interfaces/crazyflie_interfaces/srv/detail/notify_setpoints_stop__builder.hpp\n'}
[1.422013] (crazyflie_interfaces) StdoutLine: {'line': b'-- Up-to-date symlink: /home/raghav/crazyflie_mapping_demo/ros2_ws/install/crazyflie_interfaces/include/crazyflie_interfaces/crazyflie_interfaces/srv/detail/notify_setpoints_stop__struct.hpp\n'}
[1.422061] (crazyflie_interfaces) StdoutLine: {'line': b'-- Up-to-date symlink: /home/raghav/crazyflie_mapping_demo/ros2_ws/install/crazyflie_interfaces/include/crazyflie_interfaces/crazyflie_interfaces/srv/detail/notify_setpoints_stop__traits.hpp\n'}
[1.422104] (crazyflie_interfaces) StdoutLine: {'line': b'-- Up-to-date symlink: /home/raghav/crazyflie_mapping_demo/ros2_ws/install/crazyflie_interfaces/include/crazyflie_interfaces/crazyflie_interfaces/srv/detail/notify_setpoints_stop__type_support.hpp\n'}
[1.422148] (crazyflie_interfaces) StdoutLine: {'line': b'-- Up-to-date symlink: /home/raghav/crazyflie_mapping_demo/ros2_ws/install/crazyflie_interfaces/include/crazyflie_interfaces/crazyflie_interfaces/srv/detail/remove_logging__builder.hpp\n'}
[1.422218] (crazyflie_interfaces) StdoutLine: {'line': b'-- Up-to-date symlink: /home/raghav/crazyflie_mapping_demo/ros2_ws/install/crazyflie_interfaces/include/crazyflie_interfaces/crazyflie_interfaces/srv/detail/remove_logging__struct.hpp\n'}
[1.422381] (crazyflie_interfaces) StdoutLine: {'line': b'-- Up-to-date symlink: /home/raghav/crazyflie_mapping_demo/ros2_ws/install/crazyflie_interfaces/include/crazyflie_interfaces/crazyflie_interfaces/srv/detail/remove_logging__traits.hpp\n'}
[1.422561] (crazyflie_interfaces) StdoutLine: {'line': b'-- Up-to-date symlink: /home/raghav/crazyflie_mapping_demo/ros2_ws/install/crazyflie_interfaces/include/crazyflie_interfaces/crazyflie_interfaces/srv/detail/remove_logging__type_support.hpp\n'}
[1.422916] (crazyflie_interfaces) StdoutLine: {'line': b'-- Up-to-date symlink: /home/raghav/crazyflie_mapping_demo/ros2_ws/install/crazyflie_interfaces/include/crazyflie_interfaces/crazyflie_interfaces/srv/detail/set_group_mask__builder.hpp\n'}
[1.423123] (crazyflie_interfaces) StdoutLine: {'line': b'-- Up-to-date symlink: /home/raghav/crazyflie_mapping_demo/ros2_ws/install/crazyflie_interfaces/include/crazyflie_interfaces/crazyflie_interfaces/srv/detail/set_group_mask__struct.hpp\n'}
[1.423256] (crazyflie_interfaces) StdoutLine: {'line': b'-- Up-to-date symlink: /home/raghav/crazyflie_mapping_demo/ros2_ws/install/crazyflie_interfaces/include/crazyflie_interfaces/crazyflie_interfaces/srv/detail/set_group_mask__traits.hpp\n'}
[1.423321] (crazyflie_interfaces) StdoutLine: {'line': b'-- Up-to-date symlink: /home/raghav/crazyflie_mapping_demo/ros2_ws/install/crazyflie_interfaces/include/crazyflie_interfaces/crazyflie_interfaces/srv/detail/set_group_mask__type_support.hpp\n'}
[1.423370] (crazyflie_interfaces) StdoutLine: {'line': b'-- Up-to-date symlink: /home/raghav/crazyflie_mapping_demo/ros2_ws/install/crazyflie_interfaces/include/crazyflie_interfaces/crazyflie_interfaces/srv/detail/start_trajectory__builder.hpp\n'}
[1.423415] (crazyflie_interfaces) StdoutLine: {'line': b'-- Up-to-date symlink: /home/raghav/crazyflie_mapping_demo/ros2_ws/install/crazyflie_interfaces/include/crazyflie_interfaces/crazyflie_interfaces/srv/detail/start_trajectory__struct.hpp\n'}
[1.424144] (crazyflie_interfaces) StdoutLine: {'line': b'-- Up-to-date symlink: /home/raghav/crazyflie_mapping_demo/ros2_ws/install/crazyflie_interfaces/include/crazyflie_interfaces/crazyflie_interfaces/srv/detail/start_trajectory__traits.hpp\n'}
[1.425160] (crazyflie_interfaces) StdoutLine: {'line': b'-- Up-to-date symlink: /home/raghav/crazyflie_mapping_demo/ros2_ws/install/crazyflie_interfaces/include/crazyflie_interfaces/crazyflie_interfaces/srv/detail/start_trajectory__type_support.hpp\n'}
[1.426839] (crazyflie_interfaces) StdoutLine: {'line': b'-- Up-to-date symlink: /home/raghav/crazyflie_mapping_demo/ros2_ws/install/crazyflie_interfaces/include/crazyflie_interfaces/crazyflie_interfaces/srv/detail/stop__builder.hpp\n'}
[1.427344] (crazyflie_interfaces) StdoutLine: {'line': b'-- Up-to-date symlink: /home/raghav/crazyflie_mapping_demo/ros2_ws/install/crazyflie_interfaces/include/crazyflie_interfaces/crazyflie_interfaces/srv/detail/stop__struct.hpp\n'}
[1.427551] (crazyflie_interfaces) StdoutLine: {'line': b'-- Up-to-date symlink: /home/raghav/crazyflie_mapping_demo/ros2_ws/install/crazyflie_interfaces/include/crazyflie_interfaces/crazyflie_interfaces/srv/detail/stop__traits.hpp\n'}
[1.427624] (crazyflie_interfaces) StdoutLine: {'line': b'-- Up-to-date symlink: /home/raghav/crazyflie_mapping_demo/ros2_ws/install/crazyflie_interfaces/include/crazyflie_interfaces/crazyflie_interfaces/srv/detail/stop__type_support.hpp\n'}
[1.427678] (crazyflie_interfaces) StdoutLine: {'line': b'-- Up-to-date symlink: /home/raghav/crazyflie_mapping_demo/ros2_ws/install/crazyflie_interfaces/include/crazyflie_interfaces/crazyflie_interfaces/srv/detail/takeoff__builder.hpp\n'}
[1.427726] (crazyflie_interfaces) StdoutLine: {'line': b'-- Up-to-date symlink: /home/raghav/crazyflie_mapping_demo/ros2_ws/install/crazyflie_interfaces/include/crazyflie_interfaces/crazyflie_interfaces/srv/detail/takeoff__struct.hpp\n'}
[1.427982] (crazyflie_interfaces) StdoutLine: {'line': b'-- Up-to-date symlink: /home/raghav/crazyflie_mapping_demo/ros2_ws/install/crazyflie_interfaces/include/crazyflie_interfaces/crazyflie_interfaces/srv/detail/takeoff__traits.hpp\n'}
[1.428140] (crazyflie_interfaces) StdoutLine: {'line': b'-- Up-to-date symlink: /home/raghav/crazyflie_mapping_demo/ros2_ws/install/crazyflie_interfaces/include/crazyflie_interfaces/crazyflie_interfaces/srv/detail/takeoff__type_support.hpp\n'}
[1.428450] (crazyflie_interfaces) StdoutLine: {'line': b'-- Up-to-date symlink: /home/raghav/crazyflie_mapping_demo/ros2_ws/install/crazyflie_interfaces/include/crazyflie_interfaces/crazyflie_interfaces/srv/detail/update_params__builder.hpp\n'}
[1.428767] (crazyflie_interfaces) StdoutLine: {'line': b'-- Up-to-date symlink: /home/raghav/crazyflie_mapping_demo/ros2_ws/install/crazyflie_interfaces/include/crazyflie_interfaces/crazyflie_interfaces/srv/detail/update_params__struct.hpp\n'}
[1.428855] (crazyflie_interfaces) StdoutLine: {'line': b'-- Up-to-date symlink: /home/raghav/crazyflie_mapping_demo/ros2_ws/install/crazyflie_interfaces/include/crazyflie_interfaces/crazyflie_interfaces/srv/detail/update_params__traits.hpp\n'}
[1.428916] (crazyflie_interfaces) StdoutLine: {'line': b'-- Up-to-date symlink: /home/raghav/crazyflie_mapping_demo/ros2_ws/install/crazyflie_interfaces/include/crazyflie_interfaces/crazyflie_interfaces/srv/detail/update_params__type_support.hpp\n'}
[1.428978] (crazyflie_interfaces) StdoutLine: {'line': b'-- Up-to-date symlink: /home/raghav/crazyflie_mapping_demo/ros2_ws/install/crazyflie_interfaces/include/crazyflie_interfaces/crazyflie_interfaces/srv/detail/upload_trajectory__builder.hpp\n'}
[1.429048] (crazyflie_interfaces) StdoutLine: {'line': b'-- Up-to-date symlink: /home/raghav/crazyflie_mapping_demo/ros2_ws/install/crazyflie_interfaces/include/crazyflie_interfaces/crazyflie_interfaces/srv/detail/upload_trajectory__struct.hpp\n'}
[1.429128] (crazyflie_interfaces) StdoutLine: {'line': b'-- Up-to-date symlink: /home/raghav/crazyflie_mapping_demo/ros2_ws/install/crazyflie_interfaces/include/crazyflie_interfaces/crazyflie_interfaces/srv/detail/upload_trajectory__traits.hpp\n'}
[1.429206] (crazyflie_interfaces) StdoutLine: {'line': b'-- Up-to-date symlink: /home/raghav/crazyflie_mapping_demo/ros2_ws/install/crazyflie_interfaces/include/crazyflie_interfaces/crazyflie_interfaces/srv/detail/upload_trajectory__type_support.hpp\n'}
[1.429393] (crazyflie_interfaces) StdoutLine: {'line': b'-- Up-to-date symlink: /home/raghav/crazyflie_mapping_demo/ros2_ws/install/crazyflie_interfaces/include/crazyflie_interfaces/crazyflie_interfaces/srv/go_to.hpp\n'}
[1.429479] (crazyflie_interfaces) StdoutLine: {'line': b'-- Up-to-date symlink: /home/raghav/crazyflie_mapping_demo/ros2_ws/install/crazyflie_interfaces/include/crazyflie_interfaces/crazyflie_interfaces/srv/land.hpp\n'}
[1.429559] (crazyflie_interfaces) StdoutLine: {'line': b'-- Up-to-date symlink: /home/raghav/crazyflie_mapping_demo/ros2_ws/install/crazyflie_interfaces/include/crazyflie_interfaces/crazyflie_interfaces/srv/notify_setpoints_stop.hpp\n'}
[1.431111] (crazyflie_interfaces) StdoutLine: {'line': b'-- Up-to-date symlink: /home/raghav/crazyflie_mapping_demo/ros2_ws/install/crazyflie_interfaces/include/crazyflie_interfaces/crazyflie_interfaces/srv/remove_logging.hpp\n'}
[1.431197] (crazyflie_interfaces) StdoutLine: {'line': b'-- Up-to-date symlink: /home/raghav/crazyflie_mapping_demo/ros2_ws/install/crazyflie_interfaces/include/crazyflie_interfaces/crazyflie_interfaces/srv/set_group_mask.hpp\n'}
[1.431242] (crazyflie_interfaces) StdoutLine: {'line': b'-- Up-to-date symlink: /home/raghav/crazyflie_mapping_demo/ros2_ws/install/crazyflie_interfaces/include/crazyflie_interfaces/crazyflie_interfaces/srv/start_trajectory.hpp\n'}
[1.431462] (crazyflie_interfaces) StdoutLine: {'line': b'-- Up-to-date symlink: /home/raghav/crazyflie_mapping_demo/ros2_ws/install/crazyflie_interfaces/include/crazyflie_interfaces/crazyflie_interfaces/srv/stop.hpp\n'}
[1.431643] (crazyflie_interfaces) StdoutLine: {'line': b'-- Up-to-date symlink: /home/raghav/crazyflie_mapping_demo/ros2_ws/install/crazyflie_interfaces/include/crazyflie_interfaces/crazyflie_interfaces/srv/takeoff.hpp\n'}
[1.431728] (crazyflie_interfaces) StdoutLine: {'line': b'-- Up-to-date symlink: /home/raghav/crazyflie_mapping_demo/ros2_ws/install/crazyflie_interfaces/include/crazyflie_interfaces/crazyflie_interfaces/srv/update_params.hpp\n'}
[1.431797] (crazyflie_interfaces) StdoutLine: {'line': b'-- Up-to-date symlink: /home/raghav/crazyflie_mapping_demo/ros2_ws/install/crazyflie_interfaces/include/crazyflie_interfaces/crazyflie_interfaces/srv/upload_trajectory.hpp\n'}
[1.432055] (crazyflie_interfaces) StdoutLine: {'line': b'-- Up-to-date symlink: /home/raghav/crazyflie_mapping_demo/ros2_ws/install/crazyflie_interfaces/include/crazyflie_interfaces/crazyflie_interfaces/msg/detail/connection_statistics__rosidl_typesupport_fastrtps_cpp.hpp\n'}
[1.432252] (crazyflie_interfaces) StdoutLine: {'line': b'-- Up-to-date symlink: /home/raghav/crazyflie_mapping_demo/ros2_ws/install/crazyflie_interfaces/include/crazyflie_interfaces/crazyflie_interfaces/msg/detail/connection_statistics_array__rosidl_typesupport_fastrtps_cpp.hpp\n'}
[1.432435] (crazyflie_interfaces) StdoutLine: {'line': b'-- Up-to-date symlink: /home/raghav/crazyflie_mapping_demo/ros2_ws/install/crazyflie_interfaces/include/crazyflie_interfaces/crazyflie_interfaces/msg/detail/full_state__rosidl_typesupport_fastrtps_cpp.hpp\n'}
[1.432579] (crazyflie_interfaces) StdoutLine: {'line': b'-- Up-to-date symlink: /home/raghav/crazyflie_mapping_demo/ros2_ws/install/crazyflie_interfaces/include/crazyflie_interfaces/crazyflie_interfaces/msg/detail/hover__rosidl_typesupport_fastrtps_cpp.hpp\n'}
[1.432681] (crazyflie_interfaces) StdoutLine: {'line': b'-- Up-to-date symlink: /home/raghav/crazyflie_mapping_demo/ros2_ws/install/crazyflie_interfaces/include/crazyflie_interfaces/crazyflie_interfaces/msg/detail/log_block__rosidl_typesupport_fastrtps_cpp.hpp\n'}
[1.432773] (crazyflie_interfaces) StdoutLine: {'line': b'-- Up-to-date symlink: /home/raghav/crazyflie_mapping_demo/ros2_ws/install/crazyflie_interfaces/include/crazyflie_interfaces/crazyflie_interfaces/msg/detail/log_data_generic__rosidl_typesupport_fastrtps_cpp.hpp\n'}
[1.432862] (crazyflie_interfaces) StdoutLine: {'line': b'-- Up-to-date symlink: /home/raghav/crazyflie_mapping_demo/ros2_ws/install/crazyflie_interfaces/include/crazyflie_interfaces/crazyflie_interfaces/msg/detail/position__rosidl_typesupport_fastrtps_cpp.hpp\n'}
[1.433196] (crazyflie_interfaces) StdoutLine: {'line': b'-- Up-to-date symlink: /home/raghav/crazyflie_mapping_demo/ros2_ws/install/crazyflie_interfaces/include/crazyflie_interfaces/crazyflie_interfaces/msg/detail/status__rosidl_typesupport_fastrtps_cpp.hpp\n'}
[1.433557] (crazyflie_interfaces) StdoutLine: {'line': b'-- Up-to-date symlink: /home/raghav/crazyflie_mapping_demo/ros2_ws/install/crazyflie_interfaces/include/crazyflie_interfaces/crazyflie_interfaces/msg/detail/trajectory_polynomial_piece__rosidl_typesupport_fastrtps_cpp.hpp\n'}
[1.433636] (crazyflie_interfaces) StdoutLine: {'line': b'-- Up-to-date symlink: /home/raghav/crazyflie_mapping_demo/ros2_ws/install/crazyflie_interfaces/include/crazyflie_interfaces/crazyflie_interfaces/msg/detail/velocity_world__rosidl_typesupport_fastrtps_cpp.hpp\n'}
[1.433696] (crazyflie_interfaces) StdoutLine: {'line': b'-- Up-to-date symlink: /home/raghav/crazyflie_mapping_demo/ros2_ws/install/crazyflie_interfaces/include/crazyflie_interfaces/crazyflie_interfaces/msg/rosidl_typesupport_fastrtps_cpp__visibility_control.h\n'}
[1.433739] (crazyflie_interfaces) StdoutLine: {'line': b'-- Up-to-date symlink: /home/raghav/crazyflie_mapping_demo/ros2_ws/install/crazyflie_interfaces/include/crazyflie_interfaces/crazyflie_interfaces/srv/detail/add_logging__rosidl_typesupport_fastrtps_cpp.hpp\n'}
[1.433869] (crazyflie_interfaces) StdoutLine: {'line': b'-- Up-to-date symlink: /home/raghav/crazyflie_mapping_demo/ros2_ws/install/crazyflie_interfaces/include/crazyflie_interfaces/crazyflie_interfaces/srv/detail/arm__rosidl_typesupport_fastrtps_cpp.hpp\n'}
[1.433966] (crazyflie_interfaces) StdoutLine: {'line': b'-- Up-to-date symlink: /home/raghav/crazyflie_mapping_demo/ros2_ws/install/crazyflie_interfaces/include/crazyflie_interfaces/crazyflie_interfaces/srv/detail/go_to__rosidl_typesupport_fastrtps_cpp.hpp\n'}
[1.434034] (crazyflie_interfaces) StdoutLine: {'line': b'-- Up-to-date symlink: /home/raghav/crazyflie_mapping_demo/ros2_ws/install/crazyflie_interfaces/include/crazyflie_interfaces/crazyflie_interfaces/srv/detail/land__rosidl_typesupport_fastrtps_cpp.hpp\n'}
[1.434110] (crazyflie_interfaces) StdoutLine: {'line': b'-- Up-to-date symlink: /home/raghav/crazyflie_mapping_demo/ros2_ws/install/crazyflie_interfaces/include/crazyflie_interfaces/crazyflie_interfaces/srv/detail/notify_setpoints_stop__rosidl_typesupport_fastrtps_cpp.hpp\n'}
[1.434179] (crazyflie_interfaces) StdoutLine: {'line': b'-- Up-to-date symlink: /home/raghav/crazyflie_mapping_demo/ros2_ws/install/crazyflie_interfaces/include/crazyflie_interfaces/crazyflie_interfaces/srv/detail/remove_logging__rosidl_typesupport_fastrtps_cpp.hpp\n'}
[1.434247] (crazyflie_interfaces) StdoutLine: {'line': b'-- Up-to-date symlink: /home/raghav/crazyflie_mapping_demo/ros2_ws/install/crazyflie_interfaces/include/crazyflie_interfaces/crazyflie_interfaces/srv/detail/set_group_mask__rosidl_typesupport_fastrtps_cpp.hpp\n'}
[1.434644] (crazyflie_interfaces) StdoutLine: {'line': b'-- Up-to-date symlink: /home/raghav/crazyflie_mapping_demo/ros2_ws/install/crazyflie_interfaces/include/crazyflie_interfaces/crazyflie_interfaces/srv/detail/start_trajectory__rosidl_typesupport_fastrtps_cpp.hpp\n'}
[1.434993] (crazyflie_interfaces) StdoutLine: {'line': b'-- Up-to-date symlink: /home/raghav/crazyflie_mapping_demo/ros2_ws/install/crazyflie_interfaces/include/crazyflie_interfaces/crazyflie_interfaces/srv/detail/stop__rosidl_typesupport_fastrtps_cpp.hpp\n'}
[1.435105] (crazyflie_interfaces) StdoutLine: {'line': b'-- Up-to-date symlink: /home/raghav/crazyflie_mapping_demo/ros2_ws/install/crazyflie_interfaces/include/crazyflie_interfaces/crazyflie_interfaces/srv/detail/takeoff__rosidl_typesupport_fastrtps_cpp.hpp\n'}
[1.435364] (crazyflie_interfaces) StdoutLine: {'line': b'-- Up-to-date symlink: /home/raghav/crazyflie_mapping_demo/ros2_ws/install/crazyflie_interfaces/include/crazyflie_interfaces/crazyflie_interfaces/srv/detail/update_params__rosidl_typesupport_fastrtps_cpp.hpp\n'}
[1.436023] (crazyflie_interfaces) StdoutLine: {'line': b'-- Up-to-date symlink: /home/raghav/crazyflie_mapping_demo/ros2_ws/install/crazyflie_interfaces/include/crazyflie_interfaces/crazyflie_interfaces/srv/detail/upload_trajectory__rosidl_typesupport_fastrtps_cpp.hpp\n'}
[1.436497] (crazyflie_interfaces) StdoutLine: {'line': b'-- Up-to-date symlink: /home/raghav/crazyflie_mapping_demo/ros2_ws/install/crazyflie_interfaces/include/crazyflie_interfaces/crazyflie_interfaces/msg/detail/connection_statistics__rosidl_typesupport_introspection_c.h\n'}
[1.437383] (crazyflie_interfaces) StdoutLine: {'line': b'-- Up-to-date symlink: /home/raghav/crazyflie_mapping_demo/ros2_ws/install/crazyflie_interfaces/include/crazyflie_interfaces/crazyflie_interfaces/msg/detail/connection_statistics_array__rosidl_typesupport_introspection_c.h\n'}
[1.438224] (crazyflie_interfaces) StdoutLine: {'line': b'-- Up-to-date symlink: /home/raghav/crazyflie_mapping_demo/ros2_ws/install/crazyflie_interfaces/include/crazyflie_interfaces/crazyflie_interfaces/msg/detail/full_state__rosidl_typesupport_introspection_c.h\n'}
[1.438515] (crazyflie_interfaces) StdoutLine: {'line': b'-- Up-to-date symlink: /home/raghav/crazyflie_mapping_demo/ros2_ws/install/crazyflie_interfaces/include/crazyflie_interfaces/crazyflie_interfaces/msg/detail/hover__rosidl_typesupport_introspection_c.h\n'}
[1.438891] (crazyflie_interfaces) StdoutLine: {'line': b'-- Up-to-date symlink: /home/raghav/crazyflie_mapping_demo/ros2_ws/install/crazyflie_interfaces/include/crazyflie_interfaces/crazyflie_interfaces/msg/detail/log_block__rosidl_typesupport_introspection_c.h\n'}
[1.439052] (crazyflie_interfaces) StdoutLine: {'line': b'-- Up-to-date symlink: /home/raghav/crazyflie_mapping_demo/ros2_ws/install/crazyflie_interfaces/include/crazyflie_interfaces/crazyflie_interfaces/msg/detail/log_data_generic__rosidl_typesupport_introspection_c.h\n'}
[1.439175] (crazyflie_interfaces) StdoutLine: {'line': b'-- Up-to-date symlink: /home/raghav/crazyflie_mapping_demo/ros2_ws/install/crazyflie_interfaces/include/crazyflie_interfaces/crazyflie_interfaces/msg/detail/position__rosidl_typesupport_introspection_c.h\n'}
[1.439396] (crazyflie_interfaces) StdoutLine: {'line': b'-- Up-to-date symlink: /home/raghav/crazyflie_mapping_demo/ros2_ws/install/crazyflie_interfaces/include/crazyflie_interfaces/crazyflie_interfaces/msg/detail/status__rosidl_typesupport_introspection_c.h\n'}
[1.439553] (crazyflie_interfaces) StdoutLine: {'line': b'-- Up-to-date symlink: /home/raghav/crazyflie_mapping_demo/ros2_ws/install/crazyflie_interfaces/include/crazyflie_interfaces/crazyflie_interfaces/msg/detail/trajectory_polynomial_piece__rosidl_typesupport_introspection_c.h\n'}
[1.440056] (crazyflie_interfaces) StdoutLine: {'line': b'-- Up-to-date symlink: /home/raghav/crazyflie_mapping_demo/ros2_ws/install/crazyflie_interfaces/include/crazyflie_interfaces/crazyflie_interfaces/msg/detail/velocity_world__rosidl_typesupport_introspection_c.h\n'}
[1.440676] (crazyflie_interfaces) StdoutLine: {'line': b'-- Up-to-date symlink: /home/raghav/crazyflie_mapping_demo/ros2_ws/install/crazyflie_interfaces/include/crazyflie_interfaces/crazyflie_interfaces/msg/rosidl_typesupport_introspection_c__visibility_control.h\n'}
[1.440801] (crazyflie_interfaces) StdoutLine: {'line': b'-- Up-to-date symlink: /home/raghav/crazyflie_mapping_demo/ros2_ws/install/crazyflie_interfaces/include/crazyflie_interfaces/crazyflie_interfaces/srv/detail/add_logging__rosidl_typesupport_introspection_c.h\n'}
[1.440882] (crazyflie_interfaces) StdoutLine: {'line': b'-- Up-to-date symlink: /home/raghav/crazyflie_mapping_demo/ros2_ws/install/crazyflie_interfaces/include/crazyflie_interfaces/crazyflie_interfaces/srv/detail/arm__rosidl_typesupport_introspection_c.h\n'}
[1.440928] (crazyflie_interfaces) StdoutLine: {'line': b'-- Up-to-date symlink: /home/raghav/crazyflie_mapping_demo/ros2_ws/install/crazyflie_interfaces/include/crazyflie_interfaces/crazyflie_interfaces/srv/detail/go_to__rosidl_typesupport_introspection_c.h\n'}
[1.440980] (crazyflie_interfaces) StdoutLine: {'line': b'-- Up-to-date symlink: /home/raghav/crazyflie_mapping_demo/ros2_ws/install/crazyflie_interfaces/include/crazyflie_interfaces/crazyflie_interfaces/srv/detail/land__rosidl_typesupport_introspection_c.h\n'}
[1.441019] (crazyflie_interfaces) StdoutLine: {'line': b'-- Up-to-date symlink: /home/raghav/crazyflie_mapping_demo/ros2_ws/install/crazyflie_interfaces/include/crazyflie_interfaces/crazyflie_interfaces/srv/detail/notify_setpoints_stop__rosidl_typesupport_introspection_c.h\n'}
[1.441059] (crazyflie_interfaces) StdoutLine: {'line': b'-- Up-to-date symlink: /home/raghav/crazyflie_mapping_demo/ros2_ws/install/crazyflie_interfaces/include/crazyflie_interfaces/crazyflie_interfaces/srv/detail/remove_logging__rosidl_typesupport_introspection_c.h\n'}
[1.441099] (crazyflie_interfaces) StdoutLine: {'line': b'-- Up-to-date symlink: /home/raghav/crazyflie_mapping_demo/ros2_ws/install/crazyflie_interfaces/include/crazyflie_interfaces/crazyflie_interfaces/srv/detail/set_group_mask__rosidl_typesupport_introspection_c.h\n'}
[1.441140] (crazyflie_interfaces) StdoutLine: {'line': b'-- Up-to-date symlink: /home/raghav/crazyflie_mapping_demo/ros2_ws/install/crazyflie_interfaces/include/crazyflie_interfaces/crazyflie_interfaces/srv/detail/start_trajectory__rosidl_typesupport_introspection_c.h\n'}
[1.441180] (crazyflie_interfaces) StdoutLine: {'line': b'-- Up-to-date symlink: /home/raghav/crazyflie_mapping_demo/ros2_ws/install/crazyflie_interfaces/include/crazyflie_interfaces/crazyflie_interfaces/srv/detail/stop__rosidl_typesupport_introspection_c.h\n'}
[1.442076] (crazyflie_interfaces) StdoutLine: {'line': b'-- Up-to-date symlink: /home/raghav/crazyflie_mapping_demo/ros2_ws/install/crazyflie_interfaces/include/crazyflie_interfaces/crazyflie_interfaces/srv/detail/takeoff__rosidl_typesupport_introspection_c.h\n'}
[1.442792] (crazyflie_interfaces) StdoutLine: {'line': b'-- Up-to-date symlink: /home/raghav/crazyflie_mapping_demo/ros2_ws/install/crazyflie_interfaces/include/crazyflie_interfaces/crazyflie_interfaces/srv/detail/update_params__rosidl_typesupport_introspection_c.h\n'}
[1.442955] (crazyflie_interfaces) StdoutLine: {'line': b'-- Up-to-date symlink: /home/raghav/crazyflie_mapping_demo/ros2_ws/install/crazyflie_interfaces/include/crazyflie_interfaces/crazyflie_interfaces/srv/detail/upload_trajectory__rosidl_typesupport_introspection_c.h\n'}
[1.443198] (crazyflie_interfaces) StdoutLine: {'line': b'-- Up-to-date symlink: /home/raghav/crazyflie_mapping_demo/ros2_ws/install/crazyflie_interfaces/include/crazyflie_interfaces/crazyflie_interfaces/msg/detail/connection_statistics__rosidl_typesupport_introspection_cpp.hpp\n'}
[1.443430] (crazyflie_interfaces) StdoutLine: {'line': b'-- Up-to-date symlink: /home/raghav/crazyflie_mapping_demo/ros2_ws/install/crazyflie_interfaces/include/crazyflie_interfaces/crazyflie_interfaces/msg/detail/connection_statistics_array__rosidl_typesupport_introspection_cpp.hpp\n'}
[1.443538] (crazyflie_interfaces) StdoutLine: {'line': b'-- Up-to-date symlink: /home/raghav/crazyflie_mapping_demo/ros2_ws/install/crazyflie_interfaces/include/crazyflie_interfaces/crazyflie_interfaces/msg/detail/full_state__rosidl_typesupport_introspection_cpp.hpp\n'}
[1.443629] (crazyflie_interfaces) StdoutLine: {'line': b'-- Up-to-date symlink: /home/raghav/crazyflie_mapping_demo/ros2_ws/install/crazyflie_interfaces/include/crazyflie_interfaces/crazyflie_interfaces/msg/detail/hover__rosidl_typesupport_introspection_cpp.hpp\n'}
[1.443732] (crazyflie_interfaces) StdoutLine: {'line': b'-- Up-to-date symlink: /home/raghav/crazyflie_mapping_demo/ros2_ws/install/crazyflie_interfaces/include/crazyflie_interfaces/crazyflie_interfaces/msg/detail/log_block__rosidl_typesupport_introspection_cpp.hpp\n'}
[1.443834] (crazyflie_interfaces) StdoutLine: {'line': b'-- Up-to-date symlink: /home/raghav/crazyflie_mapping_demo/ros2_ws/install/crazyflie_interfaces/include/crazyflie_interfaces/crazyflie_interfaces/msg/detail/log_data_generic__rosidl_typesupport_introspection_cpp.hpp\n'}
[1.443911] (crazyflie_interfaces) StdoutLine: {'line': b'-- Up-to-date symlink: /home/raghav/crazyflie_mapping_demo/ros2_ws/install/crazyflie_interfaces/include/crazyflie_interfaces/crazyflie_interfaces/msg/detail/position__rosidl_typesupport_introspection_cpp.hpp\n'}
[1.443984] (crazyflie_interfaces) StdoutLine: {'line': b'-- Up-to-date symlink: /home/raghav/crazyflie_mapping_demo/ros2_ws/install/crazyflie_interfaces/include/crazyflie_interfaces/crazyflie_interfaces/msg/detail/status__rosidl_typesupport_introspection_cpp.hpp\n'}
[1.444064] (crazyflie_interfaces) StdoutLine: {'line': b'-- Up-to-date symlink: /home/raghav/crazyflie_mapping_demo/ros2_ws/install/crazyflie_interfaces/include/crazyflie_interfaces/crazyflie_interfaces/msg/detail/trajectory_polynomial_piece__rosidl_typesupport_introspection_cpp.hpp\n'}
[1.444236] (crazyflie_interfaces) StdoutLine: {'line': b'-- Up-to-date symlink: /home/raghav/crazyflie_mapping_demo/ros2_ws/install/crazyflie_interfaces/include/crazyflie_interfaces/crazyflie_interfaces/msg/detail/velocity_world__rosidl_typesupport_introspection_cpp.hpp\n'}
[1.444324] (crazyflie_interfaces) StdoutLine: {'line': b'-- Up-to-date symlink: /home/raghav/crazyflie_mapping_demo/ros2_ws/install/crazyflie_interfaces/include/crazyflie_interfaces/crazyflie_interfaces/srv/detail/add_logging__rosidl_typesupport_introspection_cpp.hpp\n'}
[1.444414] (crazyflie_interfaces) StdoutLine: {'line': b'-- Up-to-date symlink: /home/raghav/crazyflie_mapping_demo/ros2_ws/install/crazyflie_interfaces/include/crazyflie_interfaces/crazyflie_interfaces/srv/detail/arm__rosidl_typesupport_introspection_cpp.hpp\n'}
[1.444590] (crazyflie_interfaces) StdoutLine: {'line': b'-- Up-to-date symlink: /home/raghav/crazyflie_mapping_demo/ros2_ws/install/crazyflie_interfaces/include/crazyflie_interfaces/crazyflie_interfaces/srv/detail/go_to__rosidl_typesupport_introspection_cpp.hpp\n'}
[1.444672] (crazyflie_interfaces) StdoutLine: {'line': b'-- Up-to-date symlink: /home/raghav/crazyflie_mapping_demo/ros2_ws/install/crazyflie_interfaces/include/crazyflie_interfaces/crazyflie_interfaces/srv/detail/land__rosidl_typesupport_introspection_cpp.hpp\n'}
[1.444750] (crazyflie_interfaces) StdoutLine: {'line': b'-- Up-to-date symlink: /home/raghav/crazyflie_mapping_demo/ros2_ws/install/crazyflie_interfaces/include/crazyflie_interfaces/crazyflie_interfaces/srv/detail/notify_setpoints_stop__rosidl_typesupport_introspection_cpp.hpp\n'}
[1.445126] (crazyflie_interfaces) StdoutLine: {'line': b'-- Up-to-date symlink: /home/raghav/crazyflie_mapping_demo/ros2_ws/install/crazyflie_interfaces/include/crazyflie_interfaces/crazyflie_interfaces/srv/detail/remove_logging__rosidl_typesupport_introspection_cpp.hpp\n'}
[1.445326] (crazyflie_interfaces) StdoutLine: {'line': b'-- Up-to-date symlink: /home/raghav/crazyflie_mapping_demo/ros2_ws/install/crazyflie_interfaces/include/crazyflie_interfaces/crazyflie_interfaces/srv/detail/set_group_mask__rosidl_typesupport_introspection_cpp.hpp\n'}
[1.445782] (crazyflie_interfaces) StdoutLine: {'line': b'-- Up-to-date symlink: /home/raghav/crazyflie_mapping_demo/ros2_ws/install/crazyflie_interfaces/include/crazyflie_interfaces/crazyflie_interfaces/srv/detail/start_trajectory__rosidl_typesupport_introspection_cpp.hpp\n'}
[1.446010] (crazyflie_interfaces) StdoutLine: {'line': b'-- Up-to-date symlink: /home/raghav/crazyflie_mapping_demo/ros2_ws/install/crazyflie_interfaces/include/crazyflie_interfaces/crazyflie_interfaces/srv/detail/stop__rosidl_typesupport_introspection_cpp.hpp\n'}
[1.446102] (crazyflie_interfaces) StdoutLine: {'line': b'-- Up-to-date symlink: /home/raghav/crazyflie_mapping_demo/ros2_ws/install/crazyflie_interfaces/include/crazyflie_interfaces/crazyflie_interfaces/srv/detail/takeoff__rosidl_typesupport_introspection_cpp.hpp\n'}
[1.446151] (crazyflie_interfaces) StdoutLine: {'line': b'-- Up-to-date symlink: /home/raghav/crazyflie_mapping_demo/ros2_ws/install/crazyflie_interfaces/include/crazyflie_interfaces/crazyflie_interfaces/srv/detail/update_params__rosidl_typesupport_introspection_cpp.hpp\n'}
[1.446199] (crazyflie_interfaces) StdoutLine: {'line': b'-- Up-to-date symlink: /home/raghav/crazyflie_mapping_demo/ros2_ws/install/crazyflie_interfaces/include/crazyflie_interfaces/crazyflie_interfaces/srv/detail/upload_trajectory__rosidl_typesupport_introspection_cpp.hpp\n'}
[1.446241] (crazyflie_interfaces) StdoutLine: {'line': b'-- Up-to-date symlink: /home/raghav/crazyflie_mapping_demo/ros2_ws/install/crazyflie_interfaces/share/crazyflie_interfaces/environment/pythonpath.sh\n'}
[1.446282] (crazyflie_interfaces) StdoutLine: {'line': b'-- Up-to-date symlink: /home/raghav/crazyflie_mapping_demo/ros2_ws/install/crazyflie_interfaces/share/crazyflie_interfaces/environment/pythonpath.dsv\n'}
[1.446644] (crazyflie_interfaces) StdoutLine: {'line': b'-- Up-to-date symlink: /home/raghav/crazyflie_mapping_demo/ros2_ws/install/crazyflie_interfaces/local/lib/python3.10/dist-packages/crazyflie_interfaces-1.0.3-py3.10.egg-info/PKG-INFO\n'}
[1.446868] (crazyflie_interfaces) StdoutLine: {'line': b'-- Up-to-date symlink: /home/raghav/crazyflie_mapping_demo/ros2_ws/install/crazyflie_interfaces/local/lib/python3.10/dist-packages/crazyflie_interfaces-1.0.3-py3.10.egg-info/SOURCES.txt\n'}
[1.446916] (crazyflie_interfaces) StdoutLine: {'line': b'-- Up-to-date symlink: /home/raghav/crazyflie_mapping_demo/ros2_ws/install/crazyflie_interfaces/local/lib/python3.10/dist-packages/crazyflie_interfaces-1.0.3-py3.10.egg-info/dependency_links.txt\n'}
[1.446959] (crazyflie_interfaces) StdoutLine: {'line': b'-- Up-to-date symlink: /home/raghav/crazyflie_mapping_demo/ros2_ws/install/crazyflie_interfaces/local/lib/python3.10/dist-packages/crazyflie_interfaces-1.0.3-py3.10.egg-info/top_level.txt\n'}
[1.447052] (crazyflie_interfaces) StdoutLine: {'line': b'-- Up-to-date symlink: /home/raghav/crazyflie_mapping_demo/ros2_ws/install/crazyflie_interfaces/local/lib/python3.10/dist-packages/crazyflie_interfaces/__init__.py\n'}
[1.447102] (crazyflie_interfaces) StdoutLine: {'line': b'-- Up-to-date symlink: /home/raghav/crazyflie_mapping_demo/ros2_ws/install/crazyflie_interfaces/local/lib/python3.10/dist-packages/crazyflie_interfaces/_crazyflie_interfaces_s.ep.rosidl_typesupport_c.c\n'}
[1.447167] (crazyflie_interfaces) StdoutLine: {'line': b'-- Up-to-date symlink: /home/raghav/crazyflie_mapping_demo/ros2_ws/install/crazyflie_interfaces/local/lib/python3.10/dist-packages/crazyflie_interfaces/_crazyflie_interfaces_s.ep.rosidl_typesupport_fastrtps_c.c\n'}
[1.447244] (crazyflie_interfaces) StdoutLine: {'line': b'-- Up-to-date symlink: /home/raghav/crazyflie_mapping_demo/ros2_ws/install/crazyflie_interfaces/local/lib/python3.10/dist-packages/crazyflie_interfaces/_crazyflie_interfaces_s.ep.rosidl_typesupport_introspection_c.c\n'}
[1.447548] (crazyflie_interfaces) StdoutLine: {'line': b'-- Up-to-date symlink: /home/raghav/crazyflie_mapping_demo/ros2_ws/install/crazyflie_interfaces/local/lib/python3.10/dist-packages/crazyflie_interfaces/crazyflie_interfaces_s__rosidl_typesupport_c.cpython-310-x86_64-linux-gnu.so\n'}
[1.448363] (crazyflie_interfaces) StdoutLine: {'line': b'-- Up-to-date symlink: /home/raghav/crazyflie_mapping_demo/ros2_ws/install/crazyflie_interfaces/local/lib/python3.10/dist-packages/crazyflie_interfaces/crazyflie_interfaces_s__rosidl_typesupport_fastrtps_c.cpython-310-x86_64-linux-gnu.so\n'}
[1.450872] (crazyflie_interfaces) StdoutLine: {'line': b'-- Up-to-date symlink: /home/raghav/crazyflie_mapping_demo/ros2_ws/install/crazyflie_interfaces/local/lib/python3.10/dist-packages/crazyflie_interfaces/crazyflie_interfaces_s__rosidl_typesupport_introspection_c.cpython-310-x86_64-linux-gnu.so\n'}
[1.452091] (crazyflie_interfaces) StdoutLine: {'line': b'-- Up-to-date symlink: /home/raghav/crazyflie_mapping_demo/ros2_ws/install/crazyflie_interfaces/local/lib/python3.10/dist-packages/crazyflie_interfaces/libcrazyflie_interfaces__rosidl_generator_py.so\n'}
[1.452221] (crazyflie_interfaces) StdoutLine: {'line': b'-- Up-to-date symlink: /home/raghav/crazyflie_mapping_demo/ros2_ws/install/crazyflie_interfaces/local/lib/python3.10/dist-packages/crazyflie_interfaces/msg/__init__.py\n'}
[1.452336] (crazyflie_interfaces) StdoutLine: {'line': b'-- Up-to-date symlink: /home/raghav/crazyflie_mapping_demo/ros2_ws/install/crazyflie_interfaces/local/lib/python3.10/dist-packages/crazyflie_interfaces/msg/_connection_statistics.py\n'}
[1.452440] (crazyflie_interfaces) StdoutLine: {'line': b'-- Up-to-date symlink: /home/raghav/crazyflie_mapping_demo/ros2_ws/install/crazyflie_interfaces/local/lib/python3.10/dist-packages/crazyflie_interfaces/msg/_connection_statistics_array.py\n'}
[1.452540] (crazyflie_interfaces) StdoutLine: {'line': b'-- Up-to-date symlink: /home/raghav/crazyflie_mapping_demo/ros2_ws/install/crazyflie_interfaces/local/lib/python3.10/dist-packages/crazyflie_interfaces/msg/_connection_statistics_array_s.c\n'}
[1.452639] (crazyflie_interfaces) StdoutLine: {'line': b'-- Up-to-date symlink: /home/raghav/crazyflie_mapping_demo/ros2_ws/install/crazyflie_interfaces/local/lib/python3.10/dist-packages/crazyflie_interfaces/msg/_connection_statistics_s.c\n'}
[1.452732] (crazyflie_interfaces) StdoutLine: {'line': b'-- Up-to-date symlink: /home/raghav/crazyflie_mapping_demo/ros2_ws/install/crazyflie_interfaces/local/lib/python3.10/dist-packages/crazyflie_interfaces/msg/_full_state.py\n'}
[1.452826] (crazyflie_interfaces) StdoutLine: {'line': b'-- Up-to-date symlink: /home/raghav/crazyflie_mapping_demo/ros2_ws/install/crazyflie_interfaces/local/lib/python3.10/dist-packages/crazyflie_interfaces/msg/_full_state_s.c\n'}
[1.452932] (crazyflie_interfaces) StdoutLine: {'line': b'-- Up-to-date symlink: /home/raghav/crazyflie_mapping_demo/ros2_ws/install/crazyflie_interfaces/local/lib/python3.10/dist-packages/crazyflie_interfaces/msg/_hover.py\n'}
[1.453053] (ros_gz_crazyflie_gazebo) JobEnded: {'identifier': 'ros_gz_crazyflie_gazebo', 'rc': 0}
[1.453628] (ros_gz_crazyflie_bringup) JobStarted: {'identifier': 'ros_gz_crazyflie_bringup'}
[1.453708] (crazyflie_interfaces) StdoutLine: {'line': b'-- Up-to-date symlink: /home/raghav/crazyflie_mapping_demo/ros2_ws/install/crazyflie_interfaces/local/lib/python3.10/dist-packages/crazyflie_interfaces/msg/_hover_s.c\n'}
[1.453835] (crazyflie_interfaces) StdoutLine: {'line': b'-- Up-to-date symlink: /home/raghav/crazyflie_mapping_demo/ros2_ws/install/crazyflie_interfaces/local/lib/python3.10/dist-packages/crazyflie_interfaces/msg/_log_block.py\n'}
[1.453923] (crazyflie_interfaces) StdoutLine: {'line': b'-- Up-to-date symlink: /home/raghav/crazyflie_mapping_demo/ros2_ws/install/crazyflie_interfaces/local/lib/python3.10/dist-packages/crazyflie_interfaces/msg/_log_block_s.c\n'}
[1.454022] (crazyflie_interfaces) StdoutLine: {'line': b'-- Up-to-date symlink: /home/raghav/crazyflie_mapping_demo/ros2_ws/install/crazyflie_interfaces/local/lib/python3.10/dist-packages/crazyflie_interfaces/msg/_log_data_generic.py\n'}
[1.454117] (crazyflie_interfaces) StdoutLine: {'line': b'-- Up-to-date symlink: /home/raghav/crazyflie_mapping_demo/ros2_ws/install/crazyflie_interfaces/local/lib/python3.10/dist-packages/crazyflie_interfaces/msg/_log_data_generic_s.c\n'}
[1.454201] (crazyflie_interfaces) StdoutLine: {'line': b'-- Up-to-date symlink: /home/raghav/crazyflie_mapping_demo/ros2_ws/install/crazyflie_interfaces/local/lib/python3.10/dist-packages/crazyflie_interfaces/msg/_position.py\n'}
[1.454299] (crazyflie_interfaces) StdoutLine: {'line': b'-- Up-to-date symlink: /home/raghav/crazyflie_mapping_demo/ros2_ws/install/crazyflie_interfaces/local/lib/python3.10/dist-packages/crazyflie_interfaces/msg/_position_s.c\n'}
[1.454395] (crazyflie_interfaces) StdoutLine: {'line': b'-- Up-to-date symlink: /home/raghav/crazyflie_mapping_demo/ros2_ws/install/crazyflie_interfaces/local/lib/python3.10/dist-packages/crazyflie_interfaces/msg/_status.py\n'}
[1.454485] (crazyflie_interfaces) StdoutLine: {'line': b'-- Up-to-date symlink: /home/raghav/crazyflie_mapping_demo/ros2_ws/install/crazyflie_interfaces/local/lib/python3.10/dist-packages/crazyflie_interfaces/msg/_status_s.c\n'}
[1.454567] (crazyflie_interfaces) StdoutLine: {'line': b'-- Up-to-date symlink: /home/raghav/crazyflie_mapping_demo/ros2_ws/install/crazyflie_interfaces/local/lib/python3.10/dist-packages/crazyflie_interfaces/msg/_trajectory_polynomial_piece.py\n'}
[1.454652] (crazyflie_interfaces) StdoutLine: {'line': b'-- Up-to-date symlink: /home/raghav/crazyflie_mapping_demo/ros2_ws/install/crazyflie_interfaces/local/lib/python3.10/dist-packages/crazyflie_interfaces/msg/_trajectory_polynomial_piece_s.c\n'}
[1.454736] (crazyflie_interfaces) StdoutLine: {'line': b'-- Up-to-date symlink: /home/raghav/crazyflie_mapping_demo/ros2_ws/install/crazyflie_interfaces/local/lib/python3.10/dist-packages/crazyflie_interfaces/msg/_velocity_world.py\n'}
[1.454820] (crazyflie_interfaces) StdoutLine: {'line': b'-- Up-to-date symlink: /home/raghav/crazyflie_mapping_demo/ros2_ws/install/crazyflie_interfaces/local/lib/python3.10/dist-packages/crazyflie_interfaces/msg/_velocity_world_s.c\n'}
[1.454904] (crazyflie_interfaces) StdoutLine: {'line': b'-- Up-to-date symlink: /home/raghav/crazyflie_mapping_demo/ros2_ws/install/crazyflie_interfaces/local/lib/python3.10/dist-packages/crazyflie_interfaces/srv/__init__.py\n'}
[1.454986] (crazyflie_interfaces) StdoutLine: {'line': b'-- Up-to-date symlink: /home/raghav/crazyflie_mapping_demo/ros2_ws/install/crazyflie_interfaces/local/lib/python3.10/dist-packages/crazyflie_interfaces/srv/_add_logging.py\n'}
[1.455068] (crazyflie_interfaces) StdoutLine: {'line': b'-- Up-to-date symlink: /home/raghav/crazyflie_mapping_demo/ros2_ws/install/crazyflie_interfaces/local/lib/python3.10/dist-packages/crazyflie_interfaces/srv/_add_logging_s.c\n'}
[1.455147] (crazyflie_interfaces) StdoutLine: {'line': b'-- Up-to-date symlink: /home/raghav/crazyflie_mapping_demo/ros2_ws/install/crazyflie_interfaces/local/lib/python3.10/dist-packages/crazyflie_interfaces/srv/_arm.py\n'}
[1.455238] (crazyflie_interfaces) StdoutLine: {'line': b'-- Up-to-date symlink: /home/raghav/crazyflie_mapping_demo/ros2_ws/install/crazyflie_interfaces/local/lib/python3.10/dist-packages/crazyflie_interfaces/srv/_arm_s.c\n'}
[1.456408] (crazyflie_interfaces) StdoutLine: {'line': b'-- Up-to-date symlink: /home/raghav/crazyflie_mapping_demo/ros2_ws/install/crazyflie_interfaces/local/lib/python3.10/dist-packages/crazyflie_interfaces/srv/_go_to.py\n'}
[1.456584] (crazyflie_interfaces) StdoutLine: {'line': b'-- Up-to-date symlink: /home/raghav/crazyflie_mapping_demo/ros2_ws/install/crazyflie_interfaces/local/lib/python3.10/dist-packages/crazyflie_interfaces/srv/_go_to_s.c\n'}
[1.456706] (crazyflie_interfaces) StdoutLine: {'line': b'-- Up-to-date symlink: /home/raghav/crazyflie_mapping_demo/ros2_ws/install/crazyflie_interfaces/local/lib/python3.10/dist-packages/crazyflie_interfaces/srv/_land.py\n'}
[1.456823] (crazyflie_interfaces) StdoutLine: {'line': b'-- Up-to-date symlink: /home/raghav/crazyflie_mapping_demo/ros2_ws/install/crazyflie_interfaces/local/lib/python3.10/dist-packages/crazyflie_interfaces/srv/_land_s.c\n'}
[1.456941] (crazyflie_interfaces) StdoutLine: {'line': b'-- Up-to-date symlink: /home/raghav/crazyflie_mapping_demo/ros2_ws/install/crazyflie_interfaces/local/lib/python3.10/dist-packages/crazyflie_interfaces/srv/_notify_setpoints_stop.py\n'}
[1.457064] (crazyflie_interfaces) StdoutLine: {'line': b'-- Up-to-date symlink: /home/raghav/crazyflie_mapping_demo/ros2_ws/install/crazyflie_interfaces/local/lib/python3.10/dist-packages/crazyflie_interfaces/srv/_notify_setpoints_stop_s.c\n'}
[1.457190] (crazyflie_interfaces) StdoutLine: {'line': b'-- Up-to-date symlink: /home/raghav/crazyflie_mapping_demo/ros2_ws/install/crazyflie_interfaces/local/lib/python3.10/dist-packages/crazyflie_interfaces/srv/_remove_logging.py\n'}
[1.457319] (crazyflie_interfaces) StdoutLine: {'line': b'-- Up-to-date symlink: /home/raghav/crazyflie_mapping_demo/ros2_ws/install/crazyflie_interfaces/local/lib/python3.10/dist-packages/crazyflie_interfaces/srv/_remove_logging_s.c\n'}
[1.457507] (crazyflie_interfaces) StdoutLine: {'line': b'-- Up-to-date symlink: /home/raghav/crazyflie_mapping_demo/ros2_ws/install/crazyflie_interfaces/local/lib/python3.10/dist-packages/crazyflie_interfaces/srv/_set_group_mask.py\n'}
[1.457677] (crazyflie_interfaces) StdoutLine: {'line': b'-- Up-to-date symlink: /home/raghav/crazyflie_mapping_demo/ros2_ws/install/crazyflie_interfaces/local/lib/python3.10/dist-packages/crazyflie_interfaces/srv/_set_group_mask_s.c\n'}
[1.457865] (crazyflie_interfaces) StdoutLine: {'line': b'-- Up-to-date symlink: /home/raghav/crazyflie_mapping_demo/ros2_ws/install/crazyflie_interfaces/local/lib/python3.10/dist-packages/crazyflie_interfaces/srv/_start_trajectory.py\n'}
[1.458013] (crazyflie_interfaces) StdoutLine: {'line': b'-- Up-to-date symlink: /home/raghav/crazyflie_mapping_demo/ros2_ws/install/crazyflie_interfaces/local/lib/python3.10/dist-packages/crazyflie_interfaces/srv/_start_trajectory_s.c\n'}
[1.458143] (crazyflie_interfaces) StdoutLine: {'line': b'-- Up-to-date symlink: /home/raghav/crazyflie_mapping_demo/ros2_ws/install/crazyflie_interfaces/local/lib/python3.10/dist-packages/crazyflie_interfaces/srv/_stop.py\n'}
[1.458263] (crazyflie_interfaces) StdoutLine: {'line': b'-- Up-to-date symlink: /home/raghav/crazyflie_mapping_demo/ros2_ws/install/crazyflie_interfaces/local/lib/python3.10/dist-packages/crazyflie_interfaces/srv/_stop_s.c\n'}
[1.458410] (crazyflie_interfaces) StdoutLine: {'line': b'-- Up-to-date symlink: /home/raghav/crazyflie_mapping_demo/ros2_ws/install/crazyflie_interfaces/local/lib/python3.10/dist-packages/crazyflie_interfaces/srv/_takeoff.py\n'}
[1.458529] (crazyflie_interfaces) StdoutLine: {'line': b'-- Up-to-date symlink: /home/raghav/crazyflie_mapping_demo/ros2_ws/install/crazyflie_interfaces/local/lib/python3.10/dist-packages/crazyflie_interfaces/srv/_takeoff_s.c\n'}
[1.458655] (crazyflie_interfaces) StdoutLine: {'line': b'-- Up-to-date symlink: /home/raghav/crazyflie_mapping_demo/ros2_ws/install/crazyflie_interfaces/local/lib/python3.10/dist-packages/crazyflie_interfaces/srv/_update_params.py\n'}
[1.458770] (crazyflie_interfaces) StdoutLine: {'line': b'-- Up-to-date symlink: /home/raghav/crazyflie_mapping_demo/ros2_ws/install/crazyflie_interfaces/local/lib/python3.10/dist-packages/crazyflie_interfaces/srv/_update_params_s.c\n'}
[1.458884] (crazyflie_interfaces) StdoutLine: {'line': b'-- Up-to-date symlink: /home/raghav/crazyflie_mapping_demo/ros2_ws/install/crazyflie_interfaces/local/lib/python3.10/dist-packages/crazyflie_interfaces/srv/_upload_trajectory.py\n'}
[1.458998] (crazyflie_interfaces) StdoutLine: {'line': b'-- Up-to-date symlink: /home/raghav/crazyflie_mapping_demo/ros2_ws/install/crazyflie_interfaces/local/lib/python3.10/dist-packages/crazyflie_interfaces/srv/_upload_trajectory_s.c\n'}
[1.459105] (crazyflie_interfaces) StdoutLine: {'line': b'-- Up-to-date symlink: /home/raghav/crazyflie_mapping_demo/ros2_ws/install/crazyflie_interfaces/local/lib/python3.10/dist-packages/crazyflie_interfaces/crazyflie_interfaces_s__rosidl_typesupport_fastrtps_c.cpython-310-x86_64-linux-gnu.so\n'}
[1.459218] (crazyflie_interfaces) StdoutLine: {'line': b'-- Up-to-date symlink: /home/raghav/crazyflie_mapping_demo/ros2_ws/install/crazyflie_interfaces/local/lib/python3.10/dist-packages/crazyflie_interfaces/crazyflie_interfaces_s__rosidl_typesupport_introspection_c.cpython-310-x86_64-linux-gnu.so\n'}
[1.459349] (crazyflie_interfaces) StdoutLine: {'line': b'-- Up-to-date symlink: /home/raghav/crazyflie_mapping_demo/ros2_ws/install/crazyflie_interfaces/local/lib/python3.10/dist-packages/crazyflie_interfaces/crazyflie_interfaces_s__rosidl_typesupport_c.cpython-310-x86_64-linux-gnu.so\n'}
[1.459473] (crazyflie_interfaces) StdoutLine: {'line': b'-- Up-to-date symlink: /home/raghav/crazyflie_mapping_demo/ros2_ws/install/crazyflie_interfaces/share/ament_index/resource_index/rust_packages/crazyflie_interfaces\n'}
[1.459583] (crazyflie_interfaces) StdoutLine: {'line': b'-- Up-to-date symlink: /home/raghav/crazyflie_mapping_demo/ros2_ws/install/crazyflie_interfaces/share/crazyflie_interfaces/rust/Cargo.toml\n'}
[1.459692] (crazyflie_interfaces) StdoutLine: {'line': b'-- Up-to-date symlink: /home/raghav/crazyflie_mapping_demo/ros2_ws/install/crazyflie_interfaces/share/crazyflie_interfaces/rust/build.rs\n'}
[1.459803] (crazyflie_interfaces) StdoutLine: {'line': b'-- Up-to-date symlink: /home/raghav/crazyflie_mapping_demo/ros2_ws/install/crazyflie_interfaces/share/crazyflie_interfaces/rust/src/lib.rs\n'}
[1.459916] (crazyflie_interfaces) StdoutLine: {'line': b'-- Up-to-date symlink: /home/raghav/crazyflie_mapping_demo/ros2_ws/install/crazyflie_interfaces/share/crazyflie_interfaces/rust/src/msg.rs\n'}
[1.460038] (crazyflie_interfaces) StdoutLine: {'line': b'-- Up-to-date symlink: /home/raghav/crazyflie_mapping_demo/ros2_ws/install/crazyflie_interfaces/share/crazyflie_interfaces/rust/src/msg/rmw.rs\n'}
[1.460154] (crazyflie_interfaces) StdoutLine: {'line': b'-- Up-to-date symlink: /home/raghav/crazyflie_mapping_demo/ros2_ws/install/crazyflie_interfaces/share/crazyflie_interfaces/rust/src/srv.rs\n'}
[1.460330] (crazyflie_interfaces) StdoutLine: {'line': b'-- Up-to-date symlink: /home/raghav/crazyflie_mapping_demo/ros2_ws/install/crazyflie_interfaces/share/crazyflie_interfaces/rust/src/srv/rmw.rs\n'}
[1.460504] (crazyflie_interfaces) StdoutLine: {'line': b'-- Up-to-date symlink: /home/raghav/crazyflie_mapping_demo/ros2_ws/install/crazyflie_interfaces/share/crazyflie_interfaces/msg/ConnectionStatistics.idl\n'}
[1.460646] (crazyflie_interfaces) StdoutLine: {'line': b'-- Up-to-date symlink: /home/raghav/crazyflie_mapping_demo/ros2_ws/install/crazyflie_interfaces/share/crazyflie_interfaces/msg/ConnectionStatisticsArray.idl\n'}
[1.460767] (crazyflie_interfaces) StdoutLine: {'line': b'-- Up-to-date symlink: /home/raghav/crazyflie_mapping_demo/ros2_ws/install/crazyflie_interfaces/share/crazyflie_interfaces/msg/FullState.idl\n'}
[1.460915] (crazyflie_interfaces) StdoutLine: {'line': b'-- Up-to-date symlink: /home/raghav/crazyflie_mapping_demo/ros2_ws/install/crazyflie_interfaces/share/crazyflie_interfaces/msg/LogDataGeneric.idl\n'}
[1.461019] (crazyflie_interfaces) StdoutLine: {'line': b'-- Up-to-date symlink: /home/raghav/crazyflie_mapping_demo/ros2_ws/install/crazyflie_interfaces/share/crazyflie_interfaces/msg/Hover.idl\n'}
[1.461126] (crazyflie_interfaces) StdoutLine: {'line': b'-- Up-to-date symlink: /home/raghav/crazyflie_mapping_demo/ros2_ws/install/crazyflie_interfaces/share/crazyflie_interfaces/msg/LogBlock.idl\n'}
[1.461234] (crazyflie_interfaces) StdoutLine: {'line': b'-- Up-to-date symlink: /home/raghav/crazyflie_mapping_demo/ros2_ws/install/crazyflie_interfaces/share/crazyflie_interfaces/msg/Position.idl\n'}
[1.461356] (crazyflie_interfaces) StdoutLine: {'line': b'-- Up-to-date symlink: /home/raghav/crazyflie_mapping_demo/ros2_ws/install/crazyflie_interfaces/share/crazyflie_interfaces/msg/Status.idl\n'}
[1.461463] (crazyflie_interfaces) StdoutLine: {'line': b'-- Up-to-date symlink: /home/raghav/crazyflie_mapping_demo/ros2_ws/install/crazyflie_interfaces/share/crazyflie_interfaces/msg/TrajectoryPolynomialPiece.idl\n'}
[1.461571] (crazyflie_interfaces) StdoutLine: {'line': b'-- Up-to-date symlink: /home/raghav/crazyflie_mapping_demo/ros2_ws/install/crazyflie_interfaces/share/crazyflie_interfaces/msg/VelocityWorld.idl\n'}
[1.461679] (crazyflie_interfaces) StdoutLine: {'line': b'-- Up-to-date symlink: /home/raghav/crazyflie_mapping_demo/ros2_ws/install/crazyflie_interfaces/share/crazyflie_interfaces/srv/GoTo.idl\n'}
[1.461787] (crazyflie_interfaces) StdoutLine: {'line': b'-- Up-to-date symlink: /home/raghav/crazyflie_mapping_demo/ros2_ws/install/crazyflie_interfaces/share/crazyflie_interfaces/srv/Land.idl\n'}
[1.461892] (crazyflie_interfaces) StdoutLine: {'line': b'-- Up-to-date symlink: /home/raghav/crazyflie_mapping_demo/ros2_ws/install/crazyflie_interfaces/share/crazyflie_interfaces/srv/NotifySetpointsStop.idl\n'}
[1.462002] (crazyflie_interfaces) StdoutLine: {'line': b'-- Up-to-date symlink: /home/raghav/crazyflie_mapping_demo/ros2_ws/install/crazyflie_interfaces/share/crazyflie_interfaces/srv/SetGroupMask.idl\n'}
[1.462108] (crazyflie_interfaces) StdoutLine: {'line': b'-- Up-to-date symlink: /home/raghav/crazyflie_mapping_demo/ros2_ws/install/crazyflie_interfaces/share/crazyflie_interfaces/srv/StartTrajectory.idl\n'}
[1.462207] (crazyflie_interfaces) StdoutLine: {'line': b'-- Up-to-date symlink: /home/raghav/crazyflie_mapping_demo/ros2_ws/install/crazyflie_interfaces/share/crazyflie_interfaces/srv/Stop.idl\n'}
[1.462321] (crazyflie_interfaces) StdoutLine: {'line': b'-- Up-to-date symlink: /home/raghav/crazyflie_mapping_demo/ros2_ws/install/crazyflie_interfaces/share/crazyflie_interfaces/srv/Takeoff.idl\n'}
[1.462438] (crazyflie_interfaces) StdoutLine: {'line': b'-- Up-to-date symlink: /home/raghav/crazyflie_mapping_demo/ros2_ws/install/crazyflie_interfaces/share/crazyflie_interfaces/srv/UpdateParams.idl\n'}
[1.462544] (crazyflie_interfaces) StdoutLine: {'line': b'-- Up-to-date symlink: /home/raghav/crazyflie_mapping_demo/ros2_ws/install/crazyflie_interfaces/share/crazyflie_interfaces/srv/UploadTrajectory.idl\n'}
[1.462657] (crazyflie_interfaces) StdoutLine: {'line': b'-- Up-to-date symlink: /home/raghav/crazyflie_mapping_demo/ros2_ws/install/crazyflie_interfaces/share/crazyflie_interfaces/srv/RemoveLogging.idl\n'}
[1.462765] (crazyflie_interfaces) StdoutLine: {'line': b'-- Up-to-date symlink: /home/raghav/crazyflie_mapping_demo/ros2_ws/install/crazyflie_interfaces/share/crazyflie_interfaces/srv/AddLogging.idl\n'}
[1.462880] (crazyflie_interfaces) StdoutLine: {'line': b'-- Up-to-date symlink: /home/raghav/crazyflie_mapping_demo/ros2_ws/install/crazyflie_interfaces/share/crazyflie_interfaces/srv/Arm.idl\n'}
[1.462986] (crazyflie_interfaces) StdoutLine: {'line': b'-- Up-to-date symlink: /home/raghav/crazyflie_mapping_demo/ros2_ws/install/crazyflie_interfaces/share/crazyflie_interfaces/msg/ConnectionStatistics.msg\n'}
[1.463117] (crazyflie_interfaces) StdoutLine: {'line': b'-- Up-to-date symlink: /home/raghav/crazyflie_mapping_demo/ros2_ws/install/crazyflie_interfaces/share/crazyflie_interfaces/msg/ConnectionStatisticsArray.msg\n'}
[1.463221] (crazyflie_interfaces) StdoutLine: {'line': b'-- Up-to-date symlink: /home/raghav/crazyflie_mapping_demo/ros2_ws/install/crazyflie_interfaces/share/crazyflie_interfaces/msg/FullState.msg\n'}
[1.463347] (crazyflie_interfaces) StdoutLine: {'line': b'-- Up-to-date symlink: /home/raghav/crazyflie_mapping_demo/ros2_ws/install/crazyflie_interfaces/share/crazyflie_interfaces/msg/LogDataGeneric.msg\n'}
[1.463464] (crazyflie_interfaces) StdoutLine: {'line': b'-- Up-to-date symlink: /home/raghav/crazyflie_mapping_demo/ros2_ws/install/crazyflie_interfaces/share/crazyflie_interfaces/msg/Hover.msg\n'}
[1.463584] (crazyflie_interfaces) StdoutLine: {'line': b'-- Up-to-date symlink: /home/raghav/crazyflie_mapping_demo/ros2_ws/install/crazyflie_interfaces/share/crazyflie_interfaces/msg/LogBlock.msg\n'}
[1.463689] (crazyflie_interfaces) StdoutLine: {'line': b'-- Up-to-date symlink: /home/raghav/crazyflie_mapping_demo/ros2_ws/install/crazyflie_interfaces/share/crazyflie_interfaces/msg/Position.msg\n'}
[1.463798] (crazyflie_interfaces) StdoutLine: {'line': b'-- Up-to-date symlink: /home/raghav/crazyflie_mapping_demo/ros2_ws/install/crazyflie_interfaces/share/crazyflie_interfaces/msg/Status.msg\n'}
[1.463946] (crazyflie_interfaces) StdoutLine: {'line': b'-- Up-to-date symlink: /home/raghav/crazyflie_mapping_demo/ros2_ws/install/crazyflie_interfaces/share/crazyflie_interfaces/msg/TrajectoryPolynomialPiece.msg\n'}
[1.464056] (crazyflie_interfaces) StdoutLine: {'line': b'-- Up-to-date symlink: /home/raghav/crazyflie_mapping_demo/ros2_ws/install/crazyflie_interfaces/share/crazyflie_interfaces/msg/VelocityWorld.msg\n'}
[1.464162] (crazyflie_interfaces) StdoutLine: {'line': b'-- Up-to-date symlink: /home/raghav/crazyflie_mapping_demo/ros2_ws/install/crazyflie_interfaces/share/crazyflie_interfaces/srv/GoTo.srv\n'}
[1.464264] (crazyflie_interfaces) StdoutLine: {'line': b'-- Up-to-date symlink: /home/raghav/crazyflie_mapping_demo/ros2_ws/install/crazyflie_interfaces/share/crazyflie_interfaces/srv/GoTo_Request.msg\n'}
[1.464387] (crazyflie_interfaces) StdoutLine: {'line': b'-- Up-to-date symlink: /home/raghav/crazyflie_mapping_demo/ros2_ws/install/crazyflie_interfaces/share/crazyflie_interfaces/srv/GoTo_Response.msg\n'}
[1.464497] (crazyflie_interfaces) StdoutLine: {'line': b'-- Up-to-date symlink: /home/raghav/crazyflie_mapping_demo/ros2_ws/install/crazyflie_interfaces/share/crazyflie_interfaces/srv/Land.srv\n'}
[1.464605] (crazyflie_interfaces) StdoutLine: {'line': b'-- Up-to-date symlink: /home/raghav/crazyflie_mapping_demo/ros2_ws/install/crazyflie_interfaces/share/crazyflie_interfaces/srv/Land_Request.msg\n'}
[1.464721] (crazyflie_interfaces) StdoutLine: {'line': b'-- Up-to-date symlink: /home/raghav/crazyflie_mapping_demo/ros2_ws/install/crazyflie_interfaces/share/crazyflie_interfaces/srv/Land_Response.msg\n'}
[1.464815] (crazyflie_interfaces) StdoutLine: {'line': b'-- Up-to-date symlink: /home/raghav/crazyflie_mapping_demo/ros2_ws/install/crazyflie_interfaces/share/crazyflie_interfaces/srv/NotifySetpointsStop.srv\n'}
[1.464909] (crazyflie_interfaces) StdoutLine: {'line': b'-- Up-to-date symlink: /home/raghav/crazyflie_mapping_demo/ros2_ws/install/crazyflie_interfaces/share/crazyflie_interfaces/srv/NotifySetpointsStop_Request.msg\n'}
[1.464995] (crazyflie_interfaces) StdoutLine: {'line': b'-- Up-to-date symlink: /home/raghav/crazyflie_mapping_demo/ros2_ws/install/crazyflie_interfaces/share/crazyflie_interfaces/srv/NotifySetpointsStop_Response.msg\n'}
[1.465082] (crazyflie_interfaces) StdoutLine: {'line': b'-- Up-to-date symlink: /home/raghav/crazyflie_mapping_demo/ros2_ws/install/crazyflie_interfaces/share/crazyflie_interfaces/srv/SetGroupMask.srv\n'}
[1.465160] (crazyflie_interfaces) StdoutLine: {'line': b'-- Up-to-date symlink: /home/raghav/crazyflie_mapping_demo/ros2_ws/install/crazyflie_interfaces/share/crazyflie_interfaces/srv/SetGroupMask_Request.msg\n'}
[1.465253] (crazyflie_interfaces) StdoutLine: {'line': b'-- Up-to-date symlink: /home/raghav/crazyflie_mapping_demo/ros2_ws/install/crazyflie_interfaces/share/crazyflie_interfaces/srv/SetGroupMask_Response.msg\n'}
[1.465353] (crazyflie_interfaces) StdoutLine: {'line': b'-- Up-to-date symlink: /home/raghav/crazyflie_mapping_demo/ros2_ws/install/crazyflie_interfaces/share/crazyflie_interfaces/srv/StartTrajectory.srv\n'}
[1.465436] (crazyflie_interfaces) StdoutLine: {'line': b'-- Up-to-date symlink: /home/raghav/crazyflie_mapping_demo/ros2_ws/install/crazyflie_interfaces/share/crazyflie_interfaces/srv/StartTrajectory_Request.msg\n'}
[1.465516] (crazyflie_interfaces) StdoutLine: {'line': b'-- Up-to-date symlink: /home/raghav/crazyflie_mapping_demo/ros2_ws/install/crazyflie_interfaces/share/crazyflie_interfaces/srv/StartTrajectory_Response.msg\n'}
[1.465726] (crazyflie_interfaces) StdoutLine: {'line': b'-- Up-to-date symlink: /home/raghav/crazyflie_mapping_demo/ros2_ws/install/crazyflie_interfaces/share/crazyflie_interfaces/srv/Stop.srv\n'}
[1.465858] (crazyflie_interfaces) StdoutLine: {'line': b'-- Up-to-date symlink: /home/raghav/crazyflie_mapping_demo/ros2_ws/install/crazyflie_interfaces/share/crazyflie_interfaces/srv/Stop_Request.msg\n'}
[1.465946] (crazyflie_interfaces) StdoutLine: {'line': b'-- Up-to-date symlink: /home/raghav/crazyflie_mapping_demo/ros2_ws/install/crazyflie_interfaces/share/crazyflie_interfaces/srv/Stop_Response.msg\n'}
[1.466012] (crazyflie_interfaces) StdoutLine: {'line': b'-- Up-to-date symlink: /home/raghav/crazyflie_mapping_demo/ros2_ws/install/crazyflie_interfaces/share/crazyflie_interfaces/srv/Takeoff.srv\n'}
[1.466101] (crazyflie_interfaces) StdoutLine: {'line': b'-- Up-to-date symlink: /home/raghav/crazyflie_mapping_demo/ros2_ws/install/crazyflie_interfaces/share/crazyflie_interfaces/srv/Takeoff_Request.msg\n'}
[1.466178] (crazyflie_interfaces) StdoutLine: {'line': b'-- Up-to-date symlink: /home/raghav/crazyflie_mapping_demo/ros2_ws/install/crazyflie_interfaces/share/crazyflie_interfaces/srv/Takeoff_Response.msg\n'}
[1.466252] (crazyflie_interfaces) StdoutLine: {'line': b'-- Up-to-date symlink: /home/raghav/crazyflie_mapping_demo/ros2_ws/install/crazyflie_interfaces/share/crazyflie_interfaces/srv/UpdateParams.srv\n'}
[1.466383] (crazyflie_interfaces) StdoutLine: {'line': b'-- Up-to-date symlink: /home/raghav/crazyflie_mapping_demo/ros2_ws/install/crazyflie_interfaces/share/crazyflie_interfaces/srv/UpdateParams_Request.msg\n'}
[1.466449] (crazyflie_interfaces) StdoutLine: {'line': b'-- Up-to-date symlink: /home/raghav/crazyflie_mapping_demo/ros2_ws/install/crazyflie_interfaces/share/crazyflie_interfaces/srv/UpdateParams_Response.msg\n'}
[1.466493] (crazyflie_interfaces) StdoutLine: {'line': b'-- Up-to-date symlink: /home/raghav/crazyflie_mapping_demo/ros2_ws/install/crazyflie_interfaces/share/crazyflie_interfaces/srv/UploadTrajectory.srv\n'}
[1.466538] (crazyflie_interfaces) StdoutLine: {'line': b'-- Up-to-date symlink: /home/raghav/crazyflie_mapping_demo/ros2_ws/install/crazyflie_interfaces/share/crazyflie_interfaces/srv/UploadTrajectory_Request.msg\n'}
[1.466612] (crazyflie_interfaces) StdoutLine: {'line': b'-- Up-to-date symlink: /home/raghav/crazyflie_mapping_demo/ros2_ws/install/crazyflie_interfaces/share/crazyflie_interfaces/srv/UploadTrajectory_Response.msg\n'}
[1.466677] (crazyflie_interfaces) StdoutLine: {'line': b'-- Up-to-date symlink: /home/raghav/crazyflie_mapping_demo/ros2_ws/install/crazyflie_interfaces/share/crazyflie_interfaces/srv/RemoveLogging.srv\n'}
[1.466721] (crazyflie_interfaces) StdoutLine: {'line': b'-- Up-to-date symlink: /home/raghav/crazyflie_mapping_demo/ros2_ws/install/crazyflie_interfaces/share/crazyflie_interfaces/srv/RemoveLogging_Request.msg\n'}
[1.466764] (crazyflie_interfaces) StdoutLine: {'line': b'-- Up-to-date symlink: /home/raghav/crazyflie_mapping_demo/ros2_ws/install/crazyflie_interfaces/share/crazyflie_interfaces/srv/RemoveLogging_Response.msg\n'}
[1.466818] (ros_gz_crazyflie_bringup) JobProgress: {'identifier': 'ros_gz_crazyflie_bringup', 'progress': 'cmake'}
[1.466839] (crazyflie_interfaces) StdoutLine: {'line': b'-- Up-to-date symlink: /home/raghav/crazyflie_mapping_demo/ros2_ws/install/crazyflie_interfaces/share/crazyflie_interfaces/srv/AddLogging.srv\n'}
[1.466888] (crazyflie_interfaces) StdoutLine: {'line': b'-- Up-to-date symlink: /home/raghav/crazyflie_mapping_demo/ros2_ws/install/crazyflie_interfaces/share/crazyflie_interfaces/srv/AddLogging_Request.msg\n'}
[1.466956] (crazyflie_interfaces) StdoutLine: {'line': b'-- Up-to-date symlink: /home/raghav/crazyflie_mapping_demo/ros2_ws/install/crazyflie_interfaces/share/crazyflie_interfaces/srv/AddLogging_Response.msg\n'}
[1.467003] (crazyflie_interfaces) StdoutLine: {'line': b'-- Up-to-date symlink: /home/raghav/crazyflie_mapping_demo/ros2_ws/install/crazyflie_interfaces/share/crazyflie_interfaces/srv/Arm.srv\n'}
[1.467046] (crazyflie_interfaces) StdoutLine: {'line': b'-- Up-to-date symlink: /home/raghav/crazyflie_mapping_demo/ros2_ws/install/crazyflie_interfaces/share/crazyflie_interfaces/srv/Arm_Request.msg\n'}
[1.467095] (crazyflie_interfaces) StdoutLine: {'line': b'-- Up-to-date symlink: /home/raghav/crazyflie_mapping_demo/ros2_ws/install/crazyflie_interfaces/share/crazyflie_interfaces/srv/Arm_Response.msg\n'}
[1.467137] (crazyflie_interfaces) StdoutLine: {'line': b'-- Up-to-date symlink: /home/raghav/crazyflie_mapping_demo/ros2_ws/install/crazyflie_interfaces/share/ament_index/resource_index/package_run_dependencies/crazyflie_interfaces\n'}
[1.467185] (crazyflie_interfaces) StdoutLine: {'line': b'-- Up-to-date symlink: /home/raghav/crazyflie_mapping_demo/ros2_ws/install/crazyflie_interfaces/share/ament_index/resource_index/parent_prefix_path/crazyflie_interfaces\n'}
[1.467228] (ros_gz_crazyflie_bringup) JobProgress: {'identifier': 'ros_gz_crazyflie_bringup', 'progress': 'build'}
[1.467243] (crazyflie_interfaces) StdoutLine: {'line': b'-- Up-to-date symlink: /home/raghav/crazyflie_mapping_demo/ros2_ws/install/crazyflie_interfaces/share/crazyflie_interfaces/environment/ament_prefix_path.sh\n'}
[1.467285] (crazyflie_interfaces) StdoutLine: {'line': b'-- Up-to-date symlink: /home/raghav/crazyflie_mapping_demo/ros2_ws/install/crazyflie_interfaces/share/crazyflie_interfaces/environment/ament_prefix_path.dsv\n'}
[1.467355] (crazyflie_interfaces) StdoutLine: {'line': b'-- Up-to-date symlink: /home/raghav/crazyflie_mapping_demo/ros2_ws/install/crazyflie_interfaces/share/crazyflie_interfaces/environment/path.sh\n'}
[1.467415] (crazyflie_interfaces) StdoutLine: {'line': b'-- Up-to-date symlink: /home/raghav/crazyflie_mapping_demo/ros2_ws/install/crazyflie_interfaces/share/crazyflie_interfaces/environment/path.dsv\n'}
[1.467477] (ros_gz_crazyflie_bringup) Command: {'cmd': ['/usr/bin/cmake', '--build', '/home/raghav/crazyflie_mapping_demo/ros2_ws/build/ros_gz_crazyflie_bringup', '--', '-j20', '-l20'], 'cwd': '/home/raghav/crazyflie_mapping_demo/ros2_ws/build/ros_gz_crazyflie_bringup', 'env': OrderedDict([('LESSOPEN', '| /usr/bin/lesspipe %s'), ('LANGUAGE', 'en_IN:en'), ('USER', 'raghav'), ('XDG_SESSION_TYPE', 'x11'), ('SHLVL', '1'), ('LD_LIBRARY_PATH', '/opt/ros/humble/opt/rviz_ogre_vendor/lib:/opt/ros/humble/lib/x86_64-linux-gnu:/opt/ros/humble/lib'), ('HOME', '/home/raghav'), ('OLDPWD', '/home/raghav/crazyflie_mapping_demo/ros2_ws'), ('DESKTOP_SESSION', 'ubuntu'), ('ROS_PYTHON_VERSION', '3'), ('GNOME_SHELL_SESSION_MODE', 'ubuntu'), ('GTK_MODULES', 'gail:atk-bridge'), ('SYSTEMD_EXEC_PID', '18598'), ('DBUS_SESSION_BUS_ADDRESS', 'unix:path=/run/user/1000/bus'), ('COLORTERM', 'truecolor'), ('ROS_DISTRO', 'humble'), ('GTK_IM_MODULE', 'ibus'), ('LOGNAME', 'raghav'), ('_', '/usr/bin/colcon'), ('ROS_VERSION', '2'), ('XDG_SESSION_CLASS', 'user'), ('USERNAME', 'raghav'), ('TERM', 'xterm-256color'), ('GNOME_DESKTOP_SESSION_ID', 'this-is-deprecated'), ('ROS_LOCALHOST_ONLY', '0'), ('WINDOWPATH', '2'), ('PATH', '/opt/ros/humble/bin:/home/raghav/.local/bin:/usr/local/sbin:/usr/local/bin:/usr/sbin:/usr/bin:/sbin:/bin:/usr/games:/usr/local/games:/snap/bin:/snap/bin'), ('SESSION_MANAGER', 'local/raghav-Victus-by-HP-Gaming-Laptop-15-fa1xxx:@/tmp/.ICE-unix/2169,unix/raghav-Victus-by-HP-Gaming-Laptop-15-fa1xxx:/tmp/.ICE-unix/2169'), ('XDG_MENU_PREFIX', 'gnome-'), ('GNOME_TERMINAL_SCREEN', '/org/gnome/Terminal/screen/cbba6b8d_e531_489c_acc4_c73f9d1f136e'), ('XDG_RUNTIME_DIR', '/run/user/1000'), ('DISPLAY', ':1'), ('LANG', 'en_US.UTF-8'), ('XDG_CURRENT_DESKTOP', 'ubuntu:GNOME'), ('XMODIFIERS', '@im=ibus'), ('XDG_SESSION_DESKTOP', 'ubuntu'), ('XAUTHORITY', '/run/user/1000/gdm/Xauthority'), ('LS_COLORS', 'rs=0:di=01;34:ln=01;36:mh=00:pi=40;33:so=01;35:do=01;35:bd=40;33;01:cd=40;33;01:or=40;31;01:mi=00:su=37;41:sg=30;43:ca=30;41:tw=30;42:ow=34;42:st=37;44:ex=01;32:*.tar=01;31:*.tgz=01;31:*.arc=01;31:*.arj=01;31:*.taz=01;31:*.lha=01;31:*.lz4=01;31:*.lzh=01;31:*.lzma=01;31:*.tlz=01;31:*.txz=01;31:*.tzo=01;31:*.t7z=01;31:*.zip=01;31:*.z=01;31:*.dz=01;31:*.gz=01;31:*.lrz=01;31:*.lz=01;31:*.lzo=01;31:*.xz=01;31:*.zst=01;31:*.tzst=01;31:*.bz2=01;31:*.bz=01;31:*.tbz=01;31:*.tbz2=01;31:*.tz=01;31:*.deb=01;31:*.rpm=01;31:*.jar=01;31:*.war=01;31:*.ear=01;31:*.sar=01;31:*.rar=01;31:*.alz=01;31:*.ace=01;31:*.zoo=01;31:*.cpio=01;31:*.7z=01;31:*.rz=01;31:*.cab=01;31:*.wim=01;31:*.swm=01;31:*.dwm=01;31:*.esd=01;31:*.jpg=01;35:*.jpeg=01;35:*.mjpg=01;35:*.mjpeg=01;35:*.gif=01;35:*.bmp=01;35:*.pbm=01;35:*.pgm=01;35:*.ppm=01;35:*.tga=01;35:*.xbm=01;35:*.xpm=01;35:*.tif=01;35:*.tiff=01;35:*.png=01;35:*.svg=01;35:*.svgz=01;35:*.mng=01;35:*.pcx=01;35:*.mov=01;35:*.mpg=01;35:*.mpeg=01;35:*.m2v=01;35:*.mkv=01;35:*.webm=01;35:*.webp=01;35:*.ogm=01;35:*.mp4=01;35:*.m4v=01;35:*.mp4v=01;35:*.vob=01;35:*.qt=01;35:*.nuv=01;35:*.wmv=01;35:*.asf=01;35:*.rm=01;35:*.rmvb=01;35:*.flc=01;35:*.avi=01;35:*.fli=01;35:*.flv=01;35:*.gl=01;35:*.dl=01;35:*.xcf=01;35:*.xwd=01;35:*.yuv=01;35:*.cgm=01;35:*.emf=01;35:*.ogv=01;35:*.ogx=01;35:*.aac=00;36:*.au=00;36:*.flac=00;36:*.m4a=00;36:*.mid=00;36:*.midi=00;36:*.mka=00;36:*.mp3=00;36:*.mpc=00;36:*.ogg=00;36:*.ra=00;36:*.wav=00;36:*.oga=00;36:*.opus=00;36:*.spx=00;36:*.xspf=00;36:'), ('GNOME_TERMINAL_SERVICE', ':1.185'), ('SSH_AGENT_LAUNCHER', 'gnome-keyring'), ('SSH_AUTH_SOCK', '/run/user/1000/keyring/ssh'), ('AMENT_PREFIX_PATH', '/home/raghav/crazyflie_mapping_demo/ros2_ws/install/ros_gz_crazyflie_gazebo:/opt/ros/humble'), ('SHELL', '/bin/bash'), ('QT_ACCESSIBILITY', '1'), ('GDMSESSION', 'ubuntu'), ('LESSCLOSE', '/usr/bin/lesspipe %s %s'), ('GPG_AGENT_INFO', '/run/user/1000/gnupg/S.gpg-agent:0:1'), ('QT_IM_MODULE', 'ibus'), ('PWD', '/home/raghav/crazyflie_mapping_demo/ros2_ws/build/ros_gz_crazyflie_bringup'), ('LC_ALL', 'en_US.UTF-8'), ('XDG_CONFIG_DIRS', '/etc/xdg/xdg-ubuntu:/etc/xdg'), ('XDG_DATA_DIRS', '/usr/share/ubuntu:/usr/share/gnome:/usr/local/share/:/usr/share/:/var/lib/snapd/desktop'), ('PYTHONPATH', '/opt/ros/humble/lib/python3.10/site-packages:/opt/ros/humble/local/lib/python3.10/dist-packages'), ('COLCON', '1'), ('VTE_VERSION', '6800'), ('CMAKE_PREFIX_PATH', '/home/raghav/crazyflie_mapping_demo/ros2_ws/install/ros_gz_crazyflie_gazebo:/opt/ros/humble')]), 'shell': False}
[1.468097] (crazyflie_interfaces) StdoutLine: {'line': b'-- Up-to-date symlink: /home/raghav/crazyflie_mapping_demo/ros2_ws/install/crazyflie_interfaces/share/crazyflie_interfaces/local_setup.bash\n'}
[1.468155] (crazyflie_interfaces) StdoutLine: {'line': b'-- Up-to-date symlink: /home/raghav/crazyflie_mapping_demo/ros2_ws/install/crazyflie_interfaces/share/crazyflie_interfaces/local_setup.sh\n'}
[1.468194] (crazyflie_interfaces) StdoutLine: {'line': b'-- Up-to-date symlink: /home/raghav/crazyflie_mapping_demo/ros2_ws/install/crazyflie_interfaces/share/crazyflie_interfaces/local_setup.zsh\n'}
[1.468232] (crazyflie_interfaces) StdoutLine: {'line': b'-- Up-to-date symlink: /home/raghav/crazyflie_mapping_demo/ros2_ws/install/crazyflie_interfaces/share/crazyflie_interfaces/local_setup.dsv\n'}
[1.468271] (crazyflie_interfaces) StdoutLine: {'line': b'-- Symlinking: /home/raghav/crazyflie_mapping_demo/ros2_ws/install/crazyflie_interfaces/share/crazyflie_interfaces/package.dsv\n'}
[1.468341] (crazyflie_interfaces) StdoutLine: {'line': b'-- Up-to-date symlink: /home/raghav/crazyflie_mapping_demo/ros2_ws/install/crazyflie_interfaces/share/ament_index/resource_index/packages/crazyflie_interfaces\n'}
[1.468383] (crazyflie_interfaces) StdoutLine: {'line': b'-- Up-to-date symlink: /home/raghav/crazyflie_mapping_demo/ros2_ws/install/crazyflie_interfaces/share/crazyflie_interfaces/cmake/rosidl_cmake-extras.cmake\n'}
[1.468423] (crazyflie_interfaces) StdoutLine: {'line': b'-- Up-to-date symlink: /home/raghav/crazyflie_mapping_demo/ros2_ws/install/crazyflie_interfaces/share/crazyflie_interfaces/cmake/ament_cmake_export_dependencies-extras.cmake\n'}
[1.468469] (crazyflie_interfaces) StdoutLine: {'line': b'-- Up-to-date symlink: /home/raghav/crazyflie_mapping_demo/ros2_ws/install/crazyflie_interfaces/share/crazyflie_interfaces/cmake/ament_cmake_export_include_directories-extras.cmake\n'}
[1.468516] (crazyflie_interfaces) StdoutLine: {'line': b'-- Up-to-date symlink: /home/raghav/crazyflie_mapping_demo/ros2_ws/install/crazyflie_interfaces/share/crazyflie_interfaces/cmake/ament_cmake_export_libraries-extras.cmake\n'}
[1.468568] (crazyflie_interfaces) StdoutLine: {'line': b'-- Up-to-date symlink: /home/raghav/crazyflie_mapping_demo/ros2_ws/install/crazyflie_interfaces/share/crazyflie_interfaces/cmake/ament_cmake_export_targets-extras.cmake\n'}
[1.468642] (crazyflie_interfaces) StdoutLine: {'line': b'-- Up-to-date symlink: /home/raghav/crazyflie_mapping_demo/ros2_ws/install/crazyflie_interfaces/share/crazyflie_interfaces/cmake/rosidl_cmake_export_typesupport_targets-extras.cmake\n'}
[1.468686] (crazyflie_interfaces) StdoutLine: {'line': b'-- Up-to-date symlink: /home/raghav/crazyflie_mapping_demo/ros2_ws/install/crazyflie_interfaces/share/crazyflie_interfaces/cmake/rosidl_cmake_export_typesupport_libraries-extras.cmake\n'}
[1.468735] (crazyflie_interfaces) StdoutLine: {'line': b'-- Up-to-date symlink: /home/raghav/crazyflie_mapping_demo/ros2_ws/install/crazyflie_interfaces/share/crazyflie_interfaces/cmake/crazyflie_interfacesConfig.cmake\n'}
[1.468769] (crazyflie_interfaces) StdoutLine: {'line': b'-- Up-to-date symlink: /home/raghav/crazyflie_mapping_demo/ros2_ws/install/crazyflie_interfaces/share/crazyflie_interfaces/cmake/crazyflie_interfacesConfig-version.cmake\n'}
[1.468802] (crazyflie_interfaces) StdoutLine: {'line': b'-- Up-to-date symlink: /home/raghav/crazyflie_mapping_demo/ros2_ws/install/crazyflie_interfaces/share/crazyflie_interfaces/package.xml\n'}
[1.468839] (crazyflie_interfaces) StdoutLine: {'line': b'-- Up-to-date: /home/raghav/crazyflie_mapping_demo/ros2_ws/install/crazyflie_interfaces/lib/libcrazyflie_interfaces__rosidl_generator_c.so\n'}
[1.468877] (crazyflie_interfaces) StdoutLine: {'line': b'-- Up-to-date: /home/raghav/crazyflie_mapping_demo/ros2_ws/install/crazyflie_interfaces/lib/libcrazyflie_interfaces__rosidl_typesupport_fastrtps_c.so\n'}
[1.468947] (crazyflie_interfaces) StdoutLine: {'line': b'-- Up-to-date: /home/raghav/crazyflie_mapping_demo/ros2_ws/install/crazyflie_interfaces/lib/libcrazyflie_interfaces__rosidl_typesupport_fastrtps_cpp.so\n'}
[1.469190] (crazyflie_interfaces) StdoutLine: {'line': b'-- Up-to-date: /home/raghav/crazyflie_mapping_demo/ros2_ws/install/crazyflie_interfaces/lib/libcrazyflie_interfaces__rosidl_typesupport_introspection_c.so\n'}
[1.469511] (crazyflie_interfaces) StdoutLine: {'line': b'-- Up-to-date: /home/raghav/crazyflie_mapping_demo/ros2_ws/install/crazyflie_interfaces/lib/libcrazyflie_interfaces__rosidl_typesupport_c.so\n'}
[1.469858] (crazyflie_interfaces) StdoutLine: {'line': b'-- Up-to-date: /home/raghav/crazyflie_mapping_demo/ros2_ws/install/crazyflie_interfaces/lib/libcrazyflie_interfaces__rosidl_typesupport_introspection_cpp.so\n'}
[1.470255] (crazyflie_interfaces) StdoutLine: {'line': b'-- Up-to-date: /home/raghav/crazyflie_mapping_demo/ros2_ws/install/crazyflie_interfaces/lib/libcrazyflie_interfaces__rosidl_typesupport_cpp.so\n'}
[1.504910] (ros_gz_crazyflie_bringup) CommandEnded: {'returncode': 0}
[1.505930] (-) TimerEvent: {}
[1.506619] (ros_gz_crazyflie_bringup) JobProgress: {'identifier': 'ros_gz_crazyflie_bringup', 'progress': 'install'}
[1.506881] (ros_gz_crazyflie_bringup) Command: {'cmd': ['/usr/bin/cmake', '--install', '/home/raghav/crazyflie_mapping_demo/ros2_ws/build/ros_gz_crazyflie_bringup'], 'cwd': '/home/raghav/crazyflie_mapping_demo/ros2_ws/build/ros_gz_crazyflie_bringup', 'env': OrderedDict([('LESSOPEN', '| /usr/bin/lesspipe %s'), ('LANGUAGE', 'en_IN:en'), ('USER', 'raghav'), ('XDG_SESSION_TYPE', 'x11'), ('SHLVL', '1'), ('LD_LIBRARY_PATH', '/opt/ros/humble/opt/rviz_ogre_vendor/lib:/opt/ros/humble/lib/x86_64-linux-gnu:/opt/ros/humble/lib'), ('HOME', '/home/raghav'), ('OLDPWD', '/home/raghav/crazyflie_mapping_demo/ros2_ws'), ('DESKTOP_SESSION', 'ubuntu'), ('ROS_PYTHON_VERSION', '3'), ('GNOME_SHELL_SESSION_MODE', 'ubuntu'), ('GTK_MODULES', 'gail:atk-bridge'), ('SYSTEMD_EXEC_PID', '18598'), ('DBUS_SESSION_BUS_ADDRESS', 'unix:path=/run/user/1000/bus'), ('COLORTERM', 'truecolor'), ('ROS_DISTRO', 'humble'), ('GTK_IM_MODULE', 'ibus'), ('LOGNAME', 'raghav'), ('_', '/usr/bin/colcon'), ('ROS_VERSION', '2'), ('XDG_SESSION_CLASS', 'user'), ('USERNAME', 'raghav'), ('TERM', 'xterm-256color'), ('GNOME_DESKTOP_SESSION_ID', 'this-is-deprecated'), ('ROS_LOCALHOST_ONLY', '0'), ('WINDOWPATH', '2'), ('PATH', '/opt/ros/humble/bin:/home/raghav/.local/bin:/usr/local/sbin:/usr/local/bin:/usr/sbin:/usr/bin:/sbin:/bin:/usr/games:/usr/local/games:/snap/bin:/snap/bin'), ('SESSION_MANAGER', 'local/raghav-Victus-by-HP-Gaming-Laptop-15-fa1xxx:@/tmp/.ICE-unix/2169,unix/raghav-Victus-by-HP-Gaming-Laptop-15-fa1xxx:/tmp/.ICE-unix/2169'), ('XDG_MENU_PREFIX', 'gnome-'), ('GNOME_TERMINAL_SCREEN', '/org/gnome/Terminal/screen/cbba6b8d_e531_489c_acc4_c73f9d1f136e'), ('XDG_RUNTIME_DIR', '/run/user/1000'), ('DISPLAY', ':1'), ('LANG', 'en_US.UTF-8'), ('XDG_CURRENT_DESKTOP', 'ubuntu:GNOME'), ('XMODIFIERS', '@im=ibus'), ('XDG_SESSION_DESKTOP', 'ubuntu'), ('XAUTHORITY', '/run/user/1000/gdm/Xauthority'), ('LS_COLORS', 'rs=0:di=01;34:ln=01;36:mh=00:pi=40;33:so=01;35:do=01;35:bd=40;33;01:cd=40;33;01:or=40;31;01:mi=00:su=37;41:sg=30;43:ca=30;41:tw=30;42:ow=34;42:st=37;44:ex=01;32:*.tar=01;31:*.tgz=01;31:*.arc=01;31:*.arj=01;31:*.taz=01;31:*.lha=01;31:*.lz4=01;31:*.lzh=01;31:*.lzma=01;31:*.tlz=01;31:*.txz=01;31:*.tzo=01;31:*.t7z=01;31:*.zip=01;31:*.z=01;31:*.dz=01;31:*.gz=01;31:*.lrz=01;31:*.lz=01;31:*.lzo=01;31:*.xz=01;31:*.zst=01;31:*.tzst=01;31:*.bz2=01;31:*.bz=01;31:*.tbz=01;31:*.tbz2=01;31:*.tz=01;31:*.deb=01;31:*.rpm=01;31:*.jar=01;31:*.war=01;31:*.ear=01;31:*.sar=01;31:*.rar=01;31:*.alz=01;31:*.ace=01;31:*.zoo=01;31:*.cpio=01;31:*.7z=01;31:*.rz=01;31:*.cab=01;31:*.wim=01;31:*.swm=01;31:*.dwm=01;31:*.esd=01;31:*.jpg=01;35:*.jpeg=01;35:*.mjpg=01;35:*.mjpeg=01;35:*.gif=01;35:*.bmp=01;35:*.pbm=01;35:*.pgm=01;35:*.ppm=01;35:*.tga=01;35:*.xbm=01;35:*.xpm=01;35:*.tif=01;35:*.tiff=01;35:*.png=01;35:*.svg=01;35:*.svgz=01;35:*.mng=01;35:*.pcx=01;35:*.mov=01;35:*.mpg=01;35:*.mpeg=01;35:*.m2v=01;35:*.mkv=01;35:*.webm=01;35:*.webp=01;35:*.ogm=01;35:*.mp4=01;35:*.m4v=01;35:*.mp4v=01;35:*.vob=01;35:*.qt=01;35:*.nuv=01;35:*.wmv=01;35:*.asf=01;35:*.rm=01;35:*.rmvb=01;35:*.flc=01;35:*.avi=01;35:*.fli=01;35:*.flv=01;35:*.gl=01;35:*.dl=01;35:*.xcf=01;35:*.xwd=01;35:*.yuv=01;35:*.cgm=01;35:*.emf=01;35:*.ogv=01;35:*.ogx=01;35:*.aac=00;36:*.au=00;36:*.flac=00;36:*.m4a=00;36:*.mid=00;36:*.midi=00;36:*.mka=00;36:*.mp3=00;36:*.mpc=00;36:*.ogg=00;36:*.ra=00;36:*.wav=00;36:*.oga=00;36:*.opus=00;36:*.spx=00;36:*.xspf=00;36:'), ('GNOME_TERMINAL_SERVICE', ':1.185'), ('SSH_AGENT_LAUNCHER', 'gnome-keyring'), ('SSH_AUTH_SOCK', '/run/user/1000/keyring/ssh'), ('AMENT_PREFIX_PATH', '/home/raghav/crazyflie_mapping_demo/ros2_ws/install/ros_gz_crazyflie_gazebo:/opt/ros/humble'), ('SHELL', '/bin/bash'), ('QT_ACCESSIBILITY', '1'), ('GDMSESSION', 'ubuntu'), ('LESSCLOSE', '/usr/bin/lesspipe %s %s'), ('GPG_AGENT_INFO', '/run/user/1000/gnupg/S.gpg-agent:0:1'), ('QT_IM_MODULE', 'ibus'), ('PWD', '/home/raghav/crazyflie_mapping_demo/ros2_ws/build/ros_gz_crazyflie_bringup'), ('LC_ALL', 'en_US.UTF-8'), ('XDG_CONFIG_DIRS', '/etc/xdg/xdg-ubuntu:/etc/xdg'), ('XDG_DATA_DIRS', '/usr/share/ubuntu:/usr/share/gnome:/usr/local/share/:/usr/share/:/var/lib/snapd/desktop'), ('PYTHONPATH', '/opt/ros/humble/lib/python3.10/site-packages:/opt/ros/humble/local/lib/python3.10/dist-packages'), ('COLCON', '1'), ('VTE_VERSION', '6800'), ('CMAKE_PREFIX_PATH', '/home/raghav/crazyflie_mapping_demo/ros2_ws/install/ros_gz_crazyflie_gazebo:/opt/ros/humble')]), 'shell': False}
[1.509743] (crazyflie_interfaces) StdoutLine: {'line': b"Listing '/home/raghav/crazyflie_mapping_demo/ros2_ws/install/crazyflie_interfaces/local/lib/python3.10/dist-packages/crazyflie_interfaces'...\n"}
[1.509897] (crazyflie_interfaces) StdoutLine: {'line': b"Listing '/home/raghav/crazyflie_mapping_demo/ros2_ws/install/crazyflie_interfaces/local/lib/python3.10/dist-packages/crazyflie_interfaces/msg'...\n"}
[1.509972] (crazyflie_interfaces) StdoutLine: {'line': b"Listing '/home/raghav/crazyflie_mapping_demo/ros2_ws/install/crazyflie_interfaces/local/lib/python3.10/dist-packages/crazyflie_interfaces/srv'...\n"}
[1.516164] (ros_gz_crazyflie_bringup) StdoutLine: {'line': b'-- Install configuration: ""\n'}
[1.516632] (ros_gz_crazyflie_bringup) StdoutLine: {'line': b'-- Execute custom install script\n'}
[1.516777] (crazyflie_interfaces) StdoutLine: {'line': b'-- Up-to-date: /home/raghav/crazyflie_mapping_demo/ros2_ws/install/crazyflie_interfaces/lib/libcrazyflie_interfaces__rosidl_generator_py.so\n'}
[1.517008] (ros_gz_crazyflie_bringup) StdoutLine: {'line': b'-- Up-to-date symlink: /home/raghav/crazyflie_mapping_demo/ros2_ws/install/ros_gz_crazyflie_bringup/share/ros_gz_crazyflie_bringup/launch/crazyflie_real.launch.py\n'}
[1.517124] (crazyflie_interfaces) StdoutLine: {'line': b'-- Up-to-date: /home/raghav/crazyflie_mapping_demo/ros2_ws/install/crazyflie_interfaces/share/crazyflie_interfaces/cmake/export_crazyflie_interfaces__rosidl_generator_cExport.cmake\n'}
[1.517189] (ros_gz_crazyflie_bringup) StdoutLine: {'line': b'-- Up-to-date symlink: /home/raghav/crazyflie_mapping_demo/ros2_ws/install/ros_gz_crazyflie_bringup/share/ros_gz_crazyflie_bringup/launch/crazyflie_simulation.launch.py\n'}
[1.517245] (crazyflie_interfaces) StdoutLine: {'line': b'-- Up-to-date: /home/raghav/crazyflie_mapping_demo/ros2_ws/install/crazyflie_interfaces/share/crazyflie_interfaces/cmake/export_crazyflie_interfaces__rosidl_generator_cExport-noconfig.cmake\n'}
[1.517439] (ros_gz_crazyflie_bringup) StdoutLine: {'line': b'-- Up-to-date symlink: /home/raghav/crazyflie_mapping_demo/ros2_ws/install/ros_gz_crazyflie_bringup/share/ros_gz_crazyflie_bringup/config/ros_gz_crazyflie_bridge.yaml\n'}
[1.517544] (crazyflie_interfaces) StdoutLine: {'line': b'-- Up-to-date: /home/raghav/crazyflie_mapping_demo/ros2_ws/install/crazyflie_interfaces/share/crazyflie_interfaces/cmake/export_crazyflie_interfaces__rosidl_typesupport_fastrtps_cExport.cmake\n'}
[1.517635] (crazyflie_interfaces) StdoutLine: {'line': b'-- Up-to-date: /home/raghav/crazyflie_mapping_demo/ros2_ws/install/crazyflie_interfaces/share/crazyflie_interfaces/cmake/export_crazyflie_interfaces__rosidl_typesupport_fastrtps_cExport-noconfig.cmake\n'}
[1.517678] (crazyflie_interfaces) StdoutLine: {'line': b'-- Up-to-date: /home/raghav/crazyflie_mapping_demo/ros2_ws/install/crazyflie_interfaces/share/crazyflie_interfaces/cmake/export_crazyflie_interfaces__rosidl_generator_cppExport.cmake\n'}
[1.517718] (ros_gz_crazyflie_bringup) StdoutLine: {'line': b'-- Up-to-date symlink: /home/raghav/crazyflie_mapping_demo/ros2_ws/install/ros_gz_crazyflie_bringup/share/ament_index/resource_index/package_run_dependencies/ros_gz_crazyflie_bringup\n'}
[1.517762] (crazyflie_interfaces) StdoutLine: {'line': b'-- Up-to-date: /home/raghav/crazyflie_mapping_demo/ros2_ws/install/crazyflie_interfaces/share/crazyflie_interfaces/cmake/export_crazyflie_interfaces__rosidl_typesupport_fastrtps_cppExport.cmake\n'}
[1.517798] (crazyflie_interfaces) StdoutLine: {'line': b'-- Up-to-date: /home/raghav/crazyflie_mapping_demo/ros2_ws/install/crazyflie_interfaces/share/crazyflie_interfaces/cmake/export_crazyflie_interfaces__rosidl_typesupport_fastrtps_cppExport-noconfig.cmake\n'}
[1.518159] (ros_gz_crazyflie_bringup) StdoutLine: {'line': b'-- Up-to-date symlink: /home/raghav/crazyflie_mapping_demo/ros2_ws/install/ros_gz_crazyflie_bringup/share/ament_index/resource_index/parent_prefix_path/ros_gz_crazyflie_bringup\n'}
[1.518200] (crazyflie_interfaces) StdoutLine: {'line': b'-- Up-to-date: /home/raghav/crazyflie_mapping_demo/ros2_ws/install/crazyflie_interfaces/share/crazyflie_interfaces/cmake/crazyflie_interfaces__rosidl_typesupport_introspection_cExport.cmake\n'}
[1.518313] (crazyflie_interfaces) StdoutLine: {'line': b'-- Up-to-date: /home/raghav/crazyflie_mapping_demo/ros2_ws/install/crazyflie_interfaces/share/crazyflie_interfaces/cmake/crazyflie_interfaces__rosidl_typesupport_introspection_cExport-noconfig.cmake\n'}
[1.518363] (crazyflie_interfaces) StdoutLine: {'line': b'-- Up-to-date: /home/raghav/crazyflie_mapping_demo/ros2_ws/install/crazyflie_interfaces/share/crazyflie_interfaces/cmake/crazyflie_interfaces__rosidl_typesupport_cExport.cmake\n'}
[1.518420] (crazyflie_interfaces) StdoutLine: {'line': b'-- Up-to-date: /home/raghav/crazyflie_mapping_demo/ros2_ws/install/crazyflie_interfaces/share/crazyflie_interfaces/cmake/crazyflie_interfaces__rosidl_typesupport_cExport-noconfig.cmake\n'}
[1.518474] (ros_gz_crazyflie_bringup) StdoutLine: {'line': b'-- Up-to-date symlink: /home/raghav/crazyflie_mapping_demo/ros2_ws/install/ros_gz_crazyflie_bringup/share/ros_gz_crazyflie_bringup/environment/ament_prefix_path.sh\n'}
[1.518535] (ros_gz_crazyflie_bringup) StdoutLine: {'line': b'-- Up-to-date symlink: /home/raghav/crazyflie_mapping_demo/ros2_ws/install/ros_gz_crazyflie_bringup/share/ros_gz_crazyflie_bringup/environment/ament_prefix_path.dsv\n'}
[1.518589] (ros_gz_crazyflie_bringup) StdoutLine: {'line': b'-- Up-to-date symlink: /home/raghav/crazyflie_mapping_demo/ros2_ws/install/ros_gz_crazyflie_bringup/share/ros_gz_crazyflie_bringup/environment/path.sh\n'}
[1.518644] (ros_gz_crazyflie_bringup) StdoutLine: {'line': b'-- Up-to-date symlink: /home/raghav/crazyflie_mapping_demo/ros2_ws/install/ros_gz_crazyflie_bringup/share/ros_gz_crazyflie_bringup/environment/path.dsv\n'}
[1.518697] (crazyflie_interfaces) StdoutLine: {'line': b'-- Up-to-date: /home/raghav/crazyflie_mapping_demo/ros2_ws/install/crazyflie_interfaces/share/crazyflie_interfaces/cmake/crazyflie_interfaces__rosidl_typesupport_introspection_cppExport.cmake\n'}
[1.518752] (ros_gz_crazyflie_bringup) StdoutLine: {'line': b'-- Up-to-date symlink: /home/raghav/crazyflie_mapping_demo/ros2_ws/install/ros_gz_crazyflie_bringup/share/ros_gz_crazyflie_bringup/local_setup.bash\n'}
[1.518803] (crazyflie_interfaces) StdoutLine: {'line': b'-- Up-to-date: /home/raghav/crazyflie_mapping_demo/ros2_ws/install/crazyflie_interfaces/share/crazyflie_interfaces/cmake/crazyflie_interfaces__rosidl_typesupport_introspection_cppExport-noconfig.cmake\n'}
[1.518859] (crazyflie_interfaces) StdoutLine: {'line': b'-- Up-to-date: /home/raghav/crazyflie_mapping_demo/ros2_ws/install/crazyflie_interfaces/share/crazyflie_interfaces/cmake/crazyflie_interfaces__rosidl_typesupport_cppExport.cmake\n'}
[1.519410] (crazyflie_interfaces) StdoutLine: {'line': b'-- Up-to-date: /home/raghav/crazyflie_mapping_demo/ros2_ws/install/crazyflie_interfaces/share/crazyflie_interfaces/cmake/crazyflie_interfaces__rosidl_typesupport_cppExport-noconfig.cmake\n'}
[1.519478] (crazyflie_interfaces) StdoutLine: {'line': b'-- Up-to-date: /home/raghav/crazyflie_mapping_demo/ros2_ws/install/crazyflie_interfaces/share/crazyflie_interfaces/cmake/export_crazyflie_interfaces__rosidl_generator_pyExport.cmake\n'}
[1.519514] (crazyflie_interfaces) StdoutLine: {'line': b'-- Up-to-date: /home/raghav/crazyflie_mapping_demo/ros2_ws/install/crazyflie_interfaces/share/crazyflie_interfaces/cmake/export_crazyflie_interfaces__rosidl_generator_pyExport-noconfig.cmake\n'}
[1.519553] (ros_gz_crazyflie_bringup) StdoutLine: {'line': b'-- Up-to-date symlink: /home/raghav/crazyflie_mapping_demo/ros2_ws/install/ros_gz_crazyflie_bringup/share/ros_gz_crazyflie_bringup/local_setup.sh\n'}
[1.519597] (ros_gz_crazyflie_bringup) StdoutLine: {'line': b'-- Up-to-date symlink: /home/raghav/crazyflie_mapping_demo/ros2_ws/install/ros_gz_crazyflie_bringup/share/ros_gz_crazyflie_bringup/local_setup.zsh\n'}
[1.519652] (ros_gz_crazyflie_bringup) StdoutLine: {'line': b'-- Up-to-date symlink: /home/raghav/crazyflie_mapping_demo/ros2_ws/install/ros_gz_crazyflie_bringup/share/ros_gz_crazyflie_bringup/local_setup.dsv\n'}
[1.519692] (ros_gz_crazyflie_bringup) StdoutLine: {'line': b'-- Symlinking: /home/raghav/crazyflie_mapping_demo/ros2_ws/install/ros_gz_crazyflie_bringup/share/ros_gz_crazyflie_bringup/package.dsv\n'}
[1.521856] (crazyflie_interfaces) CommandEnded: {'returncode': 0}
[1.531143] (ros_gz_crazyflie_bringup) StdoutLine: {'line': b'-- Up-to-date symlink: /home/raghav/crazyflie_mapping_demo/ros2_ws/install/ros_gz_crazyflie_bringup/share/ament_index/resource_index/packages/ros_gz_crazyflie_bringup\n'}
[1.532495] (ros_gz_crazyflie_bringup) StdoutLine: {'line': b'-- Up-to-date symlink: /home/raghav/crazyflie_mapping_demo/ros2_ws/install/ros_gz_crazyflie_bringup/share/ros_gz_crazyflie_bringup/cmake/ros_gz_crazyflie_bringupConfig.cmake\n'}
[1.534879] (ros_gz_crazyflie_bringup) StdoutLine: {'line': b'-- Up-to-date symlink: /home/raghav/crazyflie_mapping_demo/ros2_ws/install/ros_gz_crazyflie_bringup/share/ros_gz_crazyflie_bringup/cmake/ros_gz_crazyflie_bringupConfig-version.cmake\n'}
[1.535327] (ros_gz_crazyflie_bringup) StdoutLine: {'line': b'-- Up-to-date symlink: /home/raghav/crazyflie_mapping_demo/ros2_ws/install/ros_gz_crazyflie_bringup/share/ros_gz_crazyflie_bringup/package.xml\n'}
[1.549048] (crazyflie_interfaces) JobEnded: {'identifier': 'crazyflie_interfaces', 'rc': 0}
[1.550389] (crazyflie_py) JobStarted: {'identifier': 'crazyflie_py'}
[1.556263] (crazyflie) JobStarted: {'identifier': 'crazyflie'}
[1.558914] (crazyflie_sim) JobStarted: {'identifier': 'crazyflie_sim'}
[1.564134] (ros_gz_crazyflie_bringup) CommandEnded: {'returncode': 0}
[1.587824] (ros_gz_crazyflie_bringup) JobEnded: {'identifier': 'ros_gz_crazyflie_bringup', 'rc': 0}
[1.590302] (crazyflie_ros2_multiranger_bringup) JobStarted: {'identifier': 'crazyflie_ros2_multiranger_bringup'}
[1.606044] (-) TimerEvent: {}
[1.706524] (-) TimerEvent: {}
[1.807001] (-) TimerEvent: {}
[1.872277] (crazyflie) JobProgress: {'identifier': 'crazyflie', 'progress': 'cmake'}
[1.873051] (crazyflie) JobProgress: {'identifier': 'crazyflie', 'progress': 'build'}
[1.873286] (crazyflie) Command: {'cmd': ['/usr/bin/cmake', '--build', '/home/raghav/crazyflie_mapping_demo/ros2_ws/build/crazyflie', '--', '-j20', '-l20'], 'cwd': '/home/raghav/crazyflie_mapping_demo/ros2_ws/build/crazyflie', 'env': OrderedDict([('LESSOPEN', '| /usr/bin/lesspipe %s'), ('LANGUAGE', 'en_IN:en'), ('USER', 'raghav'), ('XDG_SESSION_TYPE', 'x11'), ('SHLVL', '1'), ('LD_LIBRARY_PATH', '/home/raghav/crazyflie_mapping_demo/ros2_ws/install/crazyflie_interfaces/lib:/opt/ros/humble/opt/rviz_ogre_vendor/lib:/opt/ros/humble/lib/x86_64-linux-gnu:/opt/ros/humble/lib'), ('HOME', '/home/raghav'), ('OLDPWD', '/home/raghav/crazyflie_mapping_demo/ros2_ws'), ('DESKTOP_SESSION', 'ubuntu'), ('ROS_PYTHON_VERSION', '3'), ('GNOME_SHELL_SESSION_MODE', 'ubuntu'), ('GTK_MODULES', 'gail:atk-bridge'), ('SYSTEMD_EXEC_PID', '18598'), ('DBUS_SESSION_BUS_ADDRESS', 'unix:path=/run/user/1000/bus'), ('COLORTERM', 'truecolor'), ('ROS_DISTRO', 'humble'), ('GTK_IM_MODULE', 'ibus'), ('LOGNAME', 'raghav'), ('_', '/usr/bin/colcon'), ('ROS_VERSION', '2'), ('XDG_SESSION_CLASS', 'user'), ('USERNAME', 'raghav'), ('TERM', 'xterm-256color'), ('GNOME_DESKTOP_SESSION_ID', 'this-is-deprecated'), ('ROS_LOCALHOST_ONLY', '0'), ('WINDOWPATH', '2'), ('PATH', '/opt/ros/humble/bin:/home/raghav/.local/bin:/usr/local/sbin:/usr/local/bin:/usr/sbin:/usr/bin:/sbin:/bin:/usr/games:/usr/local/games:/snap/bin:/snap/bin'), ('SESSION_MANAGER', 'local/raghav-Victus-by-HP-Gaming-Laptop-15-fa1xxx:@/tmp/.ICE-unix/2169,unix/raghav-Victus-by-HP-Gaming-Laptop-15-fa1xxx:/tmp/.ICE-unix/2169'), ('XDG_MENU_PREFIX', 'gnome-'), ('GNOME_TERMINAL_SCREEN', '/org/gnome/Terminal/screen/cbba6b8d_e531_489c_acc4_c73f9d1f136e'), ('XDG_RUNTIME_DIR', '/run/user/1000'), ('DISPLAY', ':1'), ('LANG', 'en_US.UTF-8'), ('XDG_CURRENT_DESKTOP', 'ubuntu:GNOME'), ('XMODIFIERS', '@im=ibus'), ('XDG_SESSION_DESKTOP', 'ubuntu'), ('XAUTHORITY', '/run/user/1000/gdm/Xauthority'), ('LS_COLORS', 'rs=0:di=01;34:ln=01;36:mh=00:pi=40;33:so=01;35:do=01;35:bd=40;33;01:cd=40;33;01:or=40;31;01:mi=00:su=37;41:sg=30;43:ca=30;41:tw=30;42:ow=34;42:st=37;44:ex=01;32:*.tar=01;31:*.tgz=01;31:*.arc=01;31:*.arj=01;31:*.taz=01;31:*.lha=01;31:*.lz4=01;31:*.lzh=01;31:*.lzma=01;31:*.tlz=01;31:*.txz=01;31:*.tzo=01;31:*.t7z=01;31:*.zip=01;31:*.z=01;31:*.dz=01;31:*.gz=01;31:*.lrz=01;31:*.lz=01;31:*.lzo=01;31:*.xz=01;31:*.zst=01;31:*.tzst=01;31:*.bz2=01;31:*.bz=01;31:*.tbz=01;31:*.tbz2=01;31:*.tz=01;31:*.deb=01;31:*.rpm=01;31:*.jar=01;31:*.war=01;31:*.ear=01;31:*.sar=01;31:*.rar=01;31:*.alz=01;31:*.ace=01;31:*.zoo=01;31:*.cpio=01;31:*.7z=01;31:*.rz=01;31:*.cab=01;31:*.wim=01;31:*.swm=01;31:*.dwm=01;31:*.esd=01;31:*.jpg=01;35:*.jpeg=01;35:*.mjpg=01;35:*.mjpeg=01;35:*.gif=01;35:*.bmp=01;35:*.pbm=01;35:*.pgm=01;35:*.ppm=01;35:*.tga=01;35:*.xbm=01;35:*.xpm=01;35:*.tif=01;35:*.tiff=01;35:*.png=01;35:*.svg=01;35:*.svgz=01;35:*.mng=01;35:*.pcx=01;35:*.mov=01;35:*.mpg=01;35:*.mpeg=01;35:*.m2v=01;35:*.mkv=01;35:*.webm=01;35:*.webp=01;35:*.ogm=01;35:*.mp4=01;35:*.m4v=01;35:*.mp4v=01;35:*.vob=01;35:*.qt=01;35:*.nuv=01;35:*.wmv=01;35:*.asf=01;35:*.rm=01;35:*.rmvb=01;35:*.flc=01;35:*.avi=01;35:*.fli=01;35:*.flv=01;35:*.gl=01;35:*.dl=01;35:*.xcf=01;35:*.xwd=01;35:*.yuv=01;35:*.cgm=01;35:*.emf=01;35:*.ogv=01;35:*.ogx=01;35:*.aac=00;36:*.au=00;36:*.flac=00;36:*.m4a=00;36:*.mid=00;36:*.midi=00;36:*.mka=00;36:*.mp3=00;36:*.mpc=00;36:*.ogg=00;36:*.ra=00;36:*.wav=00;36:*.oga=00;36:*.opus=00;36:*.spx=00;36:*.xspf=00;36:'), ('GNOME_TERMINAL_SERVICE', ':1.185'), ('SSH_AGENT_LAUNCHER', 'gnome-keyring'), ('SSH_AUTH_SOCK', '/run/user/1000/keyring/ssh'), ('AMENT_PREFIX_PATH', '/home/raghav/crazyflie_mapping_demo/ros2_ws/install/crazyflie_interfaces:/opt/ros/humble'), ('SHELL', '/bin/bash'), ('QT_ACCESSIBILITY', '1'), ('GDMSESSION', 'ubuntu'), ('LESSCLOSE', '/usr/bin/lesspipe %s %s'), ('GPG_AGENT_INFO', '/run/user/1000/gnupg/S.gpg-agent:0:1'), ('QT_IM_MODULE', 'ibus'), ('PWD', '/home/raghav/crazyflie_mapping_demo/ros2_ws/build/crazyflie'), ('LC_ALL', 'en_US.UTF-8'), ('XDG_CONFIG_DIRS', '/etc/xdg/xdg-ubuntu:/etc/xdg'), ('XDG_DATA_DIRS', '/usr/share/ubuntu:/usr/share/gnome:/usr/local/share/:/usr/share/:/var/lib/snapd/desktop'), ('PYTHONPATH', '/home/raghav/crazyflie_mapping_demo/ros2_ws/install/crazyflie_interfaces/local/lib/python3.10/dist-packages:/opt/ros/humble/lib/python3.10/site-packages:/opt/ros/humble/local/lib/python3.10/dist-packages'), ('COLCON', '1'), ('VTE_VERSION', '6800'), ('CMAKE_PREFIX_PATH', '/home/raghav/crazyflie_mapping_demo/ros2_ws/install/crazyflie_interfaces:/opt/ros/humble')]), 'shell': False}
[1.879531] (crazyflie_sim) JobProgress: {'identifier': 'crazyflie_sim', 'progress': 'cmake'}
[1.880750] (crazyflie_sim) JobProgress: {'identifier': 'crazyflie_sim', 'progress': 'build'}
[1.881107] (crazyflie_sim) Command: {'cmd': ['/usr/bin/cmake', '--build', '/home/raghav/crazyflie_mapping_demo/ros2_ws/build/crazyflie_sim', '--', '-j20', '-l20'], 'cwd': '/home/raghav/crazyflie_mapping_demo/ros2_ws/build/crazyflie_sim', 'env': OrderedDict([('LESSOPEN', '| /usr/bin/lesspipe %s'), ('LANGUAGE', 'en_IN:en'), ('USER', 'raghav'), ('XDG_SESSION_TYPE', 'x11'), ('SHLVL', '1'), ('LD_LIBRARY_PATH', '/home/raghav/crazyflie_mapping_demo/ros2_ws/install/crazyflie_interfaces/lib:/opt/ros/humble/opt/rviz_ogre_vendor/lib:/opt/ros/humble/lib/x86_64-linux-gnu:/opt/ros/humble/lib'), ('HOME', '/home/raghav'), ('OLDPWD', '/home/raghav/crazyflie_mapping_demo/ros2_ws'), ('DESKTOP_SESSION', 'ubuntu'), ('ROS_PYTHON_VERSION', '3'), ('GNOME_SHELL_SESSION_MODE', 'ubuntu'), ('GTK_MODULES', 'gail:atk-bridge'), ('SYSTEMD_EXEC_PID', '18598'), ('DBUS_SESSION_BUS_ADDRESS', 'unix:path=/run/user/1000/bus'), ('COLORTERM', 'truecolor'), ('ROS_DISTRO', 'humble'), ('GTK_IM_MODULE', 'ibus'), ('LOGNAME', 'raghav'), ('_', '/usr/bin/colcon'), ('ROS_VERSION', '2'), ('XDG_SESSION_CLASS', 'user'), ('USERNAME', 'raghav'), ('TERM', 'xterm-256color'), ('GNOME_DESKTOP_SESSION_ID', 'this-is-deprecated'), ('ROS_LOCALHOST_ONLY', '0'), ('WINDOWPATH', '2'), ('PATH', '/opt/ros/humble/bin:/home/raghav/.local/bin:/usr/local/sbin:/usr/local/bin:/usr/sbin:/usr/bin:/sbin:/bin:/usr/games:/usr/local/games:/snap/bin:/snap/bin'), ('SESSION_MANAGER', 'local/raghav-Victus-by-HP-Gaming-Laptop-15-fa1xxx:@/tmp/.ICE-unix/2169,unix/raghav-Victus-by-HP-Gaming-Laptop-15-fa1xxx:/tmp/.ICE-unix/2169'), ('XDG_MENU_PREFIX', 'gnome-'), ('GNOME_TERMINAL_SCREEN', '/org/gnome/Terminal/screen/cbba6b8d_e531_489c_acc4_c73f9d1f136e'), ('XDG_RUNTIME_DIR', '/run/user/1000'), ('DISPLAY', ':1'), ('LANG', 'en_US.UTF-8'), ('XDG_CURRENT_DESKTOP', 'ubuntu:GNOME'), ('XMODIFIERS', '@im=ibus'), ('XDG_SESSION_DESKTOP', 'ubuntu'), ('XAUTHORITY', '/run/user/1000/gdm/Xauthority'), ('LS_COLORS', 'rs=0:di=01;34:ln=01;36:mh=00:pi=40;33:so=01;35:do=01;35:bd=40;33;01:cd=40;33;01:or=40;31;01:mi=00:su=37;41:sg=30;43:ca=30;41:tw=30;42:ow=34;42:st=37;44:ex=01;32:*.tar=01;31:*.tgz=01;31:*.arc=01;31:*.arj=01;31:*.taz=01;31:*.lha=01;31:*.lz4=01;31:*.lzh=01;31:*.lzma=01;31:*.tlz=01;31:*.txz=01;31:*.tzo=01;31:*.t7z=01;31:*.zip=01;31:*.z=01;31:*.dz=01;31:*.gz=01;31:*.lrz=01;31:*.lz=01;31:*.lzo=01;31:*.xz=01;31:*.zst=01;31:*.tzst=01;31:*.bz2=01;31:*.bz=01;31:*.tbz=01;31:*.tbz2=01;31:*.tz=01;31:*.deb=01;31:*.rpm=01;31:*.jar=01;31:*.war=01;31:*.ear=01;31:*.sar=01;31:*.rar=01;31:*.alz=01;31:*.ace=01;31:*.zoo=01;31:*.cpio=01;31:*.7z=01;31:*.rz=01;31:*.cab=01;31:*.wim=01;31:*.swm=01;31:*.dwm=01;31:*.esd=01;31:*.jpg=01;35:*.jpeg=01;35:*.mjpg=01;35:*.mjpeg=01;35:*.gif=01;35:*.bmp=01;35:*.pbm=01;35:*.pgm=01;35:*.ppm=01;35:*.tga=01;35:*.xbm=01;35:*.xpm=01;35:*.tif=01;35:*.tiff=01;35:*.png=01;35:*.svg=01;35:*.svgz=01;35:*.mng=01;35:*.pcx=01;35:*.mov=01;35:*.mpg=01;35:*.mpeg=01;35:*.m2v=01;35:*.mkv=01;35:*.webm=01;35:*.webp=01;35:*.ogm=01;35:*.mp4=01;35:*.m4v=01;35:*.mp4v=01;35:*.vob=01;35:*.qt=01;35:*.nuv=01;35:*.wmv=01;35:*.asf=01;35:*.rm=01;35:*.rmvb=01;35:*.flc=01;35:*.avi=01;35:*.fli=01;35:*.flv=01;35:*.gl=01;35:*.dl=01;35:*.xcf=01;35:*.xwd=01;35:*.yuv=01;35:*.cgm=01;35:*.emf=01;35:*.ogv=01;35:*.ogx=01;35:*.aac=00;36:*.au=00;36:*.flac=00;36:*.m4a=00;36:*.mid=00;36:*.midi=00;36:*.mka=00;36:*.mp3=00;36:*.mpc=00;36:*.ogg=00;36:*.ra=00;36:*.wav=00;36:*.oga=00;36:*.opus=00;36:*.spx=00;36:*.xspf=00;36:'), ('GNOME_TERMINAL_SERVICE', ':1.185'), ('SSH_AGENT_LAUNCHER', 'gnome-keyring'), ('SSH_AUTH_SOCK', '/run/user/1000/keyring/ssh'), ('AMENT_PREFIX_PATH', '/home/raghav/crazyflie_mapping_demo/ros2_ws/install/crazyflie_interfaces:/opt/ros/humble'), ('SHELL', '/bin/bash'), ('QT_ACCESSIBILITY', '1'), ('GDMSESSION', 'ubuntu'), ('LESSCLOSE', '/usr/bin/lesspipe %s %s'), ('GPG_AGENT_INFO', '/run/user/1000/gnupg/S.gpg-agent:0:1'), ('QT_IM_MODULE', 'ibus'), ('PWD', '/home/raghav/crazyflie_mapping_demo/ros2_ws/build/crazyflie_sim'), ('LC_ALL', 'en_US.UTF-8'), ('XDG_CONFIG_DIRS', '/etc/xdg/xdg-ubuntu:/etc/xdg'), ('XDG_DATA_DIRS', '/usr/share/ubuntu:/usr/share/gnome:/usr/local/share/:/usr/share/:/var/lib/snapd/desktop'), ('PYTHONPATH', '/home/raghav/crazyflie_mapping_demo/ros2_ws/install/crazyflie_interfaces/local/lib/python3.10/dist-packages:/opt/ros/humble/lib/python3.10/site-packages:/opt/ros/humble/local/lib/python3.10/dist-packages'), ('COLCON', '1'), ('VTE_VERSION', '6800'), ('CMAKE_PREFIX_PATH', '/home/raghav/crazyflie_mapping_demo/ros2_ws/install/crazyflie_interfaces:/opt/ros/humble')]), 'shell': False}
[1.888259] (crazyflie_ros2_multiranger_bringup) JobProgress: {'identifier': 'crazyflie_ros2_multiranger_bringup', 'progress': 'cmake'}
[1.889384] (crazyflie_ros2_multiranger_bringup) JobProgress: {'identifier': 'crazyflie_ros2_multiranger_bringup', 'progress': 'build'}
[1.889843] (crazyflie_ros2_multiranger_bringup) Command: {'cmd': ['/usr/bin/cmake', '--build', '/home/raghav/crazyflie_mapping_demo/ros2_ws/build/crazyflie_ros2_multiranger_bringup', '--', '-j20', '-l20'], 'cwd': '/home/raghav/crazyflie_mapping_demo/ros2_ws/build/crazyflie_ros2_multiranger_bringup', 'env': OrderedDict([('LESSOPEN', '| /usr/bin/lesspipe %s'), ('LANGUAGE', 'en_IN:en'), ('USER', 'raghav'), ('XDG_SESSION_TYPE', 'x11'), ('SHLVL', '1'), ('LD_LIBRARY_PATH', '/opt/ros/humble/opt/rviz_ogre_vendor/lib:/opt/ros/humble/lib/x86_64-linux-gnu:/opt/ros/humble/lib'), ('HOME', '/home/raghav'), ('OLDPWD', '/home/raghav/crazyflie_mapping_demo/ros2_ws'), ('DESKTOP_SESSION', 'ubuntu'), ('ROS_PYTHON_VERSION', '3'), ('GNOME_SHELL_SESSION_MODE', 'ubuntu'), ('GTK_MODULES', 'gail:atk-bridge'), ('SYSTEMD_EXEC_PID', '18598'), ('DBUS_SESSION_BUS_ADDRESS', 'unix:path=/run/user/1000/bus'), ('COLORTERM', 'truecolor'), ('ROS_DISTRO', 'humble'), ('GTK_IM_MODULE', 'ibus'), ('LOGNAME', 'raghav'), ('_', '/usr/bin/colcon'), ('ROS_VERSION', '2'), ('XDG_SESSION_CLASS', 'user'), ('USERNAME', 'raghav'), ('TERM', 'xterm-256color'), ('GNOME_DESKTOP_SESSION_ID', 'this-is-deprecated'), ('ROS_LOCALHOST_ONLY', '0'), ('WINDOWPATH', '2'), ('PATH', '/opt/ros/humble/bin:/home/raghav/.local/bin:/usr/local/sbin:/usr/local/bin:/usr/sbin:/usr/bin:/sbin:/bin:/usr/games:/usr/local/games:/snap/bin:/snap/bin'), ('SESSION_MANAGER', 'local/raghav-Victus-by-HP-Gaming-Laptop-15-fa1xxx:@/tmp/.ICE-unix/2169,unix/raghav-Victus-by-HP-Gaming-Laptop-15-fa1xxx:/tmp/.ICE-unix/2169'), ('XDG_MENU_PREFIX', 'gnome-'), ('GNOME_TERMINAL_SCREEN', '/org/gnome/Terminal/screen/cbba6b8d_e531_489c_acc4_c73f9d1f136e'), ('XDG_RUNTIME_DIR', '/run/user/1000'), ('DISPLAY', ':1'), ('LANG', 'en_US.UTF-8'), ('XDG_CURRENT_DESKTOP', 'ubuntu:GNOME'), ('XMODIFIERS', '@im=ibus'), ('XDG_SESSION_DESKTOP', 'ubuntu'), ('XAUTHORITY', '/run/user/1000/gdm/Xauthority'), ('LS_COLORS', 'rs=0:di=01;34:ln=01;36:mh=00:pi=40;33:so=01;35:do=01;35:bd=40;33;01:cd=40;33;01:or=40;31;01:mi=00:su=37;41:sg=30;43:ca=30;41:tw=30;42:ow=34;42:st=37;44:ex=01;32:*.tar=01;31:*.tgz=01;31:*.arc=01;31:*.arj=01;31:*.taz=01;31:*.lha=01;31:*.lz4=01;31:*.lzh=01;31:*.lzma=01;31:*.tlz=01;31:*.txz=01;31:*.tzo=01;31:*.t7z=01;31:*.zip=01;31:*.z=01;31:*.dz=01;31:*.gz=01;31:*.lrz=01;31:*.lz=01;31:*.lzo=01;31:*.xz=01;31:*.zst=01;31:*.tzst=01;31:*.bz2=01;31:*.bz=01;31:*.tbz=01;31:*.tbz2=01;31:*.tz=01;31:*.deb=01;31:*.rpm=01;31:*.jar=01;31:*.war=01;31:*.ear=01;31:*.sar=01;31:*.rar=01;31:*.alz=01;31:*.ace=01;31:*.zoo=01;31:*.cpio=01;31:*.7z=01;31:*.rz=01;31:*.cab=01;31:*.wim=01;31:*.swm=01;31:*.dwm=01;31:*.esd=01;31:*.jpg=01;35:*.jpeg=01;35:*.mjpg=01;35:*.mjpeg=01;35:*.gif=01;35:*.bmp=01;35:*.pbm=01;35:*.pgm=01;35:*.ppm=01;35:*.tga=01;35:*.xbm=01;35:*.xpm=01;35:*.tif=01;35:*.tiff=01;35:*.png=01;35:*.svg=01;35:*.svgz=01;35:*.mng=01;35:*.pcx=01;35:*.mov=01;35:*.mpg=01;35:*.mpeg=01;35:*.m2v=01;35:*.mkv=01;35:*.webm=01;35:*.webp=01;35:*.ogm=01;35:*.mp4=01;35:*.m4v=01;35:*.mp4v=01;35:*.vob=01;35:*.qt=01;35:*.nuv=01;35:*.wmv=01;35:*.asf=01;35:*.rm=01;35:*.rmvb=01;35:*.flc=01;35:*.avi=01;35:*.fli=01;35:*.flv=01;35:*.gl=01;35:*.dl=01;35:*.xcf=01;35:*.xwd=01;35:*.yuv=01;35:*.cgm=01;35:*.emf=01;35:*.ogv=01;35:*.ogx=01;35:*.aac=00;36:*.au=00;36:*.flac=00;36:*.m4a=00;36:*.mid=00;36:*.midi=00;36:*.mka=00;36:*.mp3=00;36:*.mpc=00;36:*.ogg=00;36:*.ra=00;36:*.wav=00;36:*.oga=00;36:*.opus=00;36:*.spx=00;36:*.xspf=00;36:'), ('GNOME_TERMINAL_SERVICE', ':1.185'), ('SSH_AGENT_LAUNCHER', 'gnome-keyring'), ('SSH_AUTH_SOCK', '/run/user/1000/keyring/ssh'), ('AMENT_PREFIX_PATH', '/home/raghav/crazyflie_mapping_demo/ros2_ws/install/ros_gz_crazyflie_bringup:/home/raghav/crazyflie_mapping_demo/ros2_ws/install/ros_gz_crazyflie_gazebo:/opt/ros/humble'), ('SHELL', '/bin/bash'), ('QT_ACCESSIBILITY', '1'), ('GDMSESSION', 'ubuntu'), ('LESSCLOSE', '/usr/bin/lesspipe %s %s'), ('GPG_AGENT_INFO', '/run/user/1000/gnupg/S.gpg-agent:0:1'), ('QT_IM_MODULE', 'ibus'), ('PWD', '/home/raghav/crazyflie_mapping_demo/ros2_ws/build/crazyflie_ros2_multiranger_bringup'), ('LC_ALL', 'en_US.UTF-8'), ('XDG_CONFIG_DIRS', '/etc/xdg/xdg-ubuntu:/etc/xdg'), ('XDG_DATA_DIRS', '/usr/share/ubuntu:/usr/share/gnome:/usr/local/share/:/usr/share/:/var/lib/snapd/desktop'), ('PYTHONPATH', '/opt/ros/humble/lib/python3.10/site-packages:/opt/ros/humble/local/lib/python3.10/dist-packages'), ('COLCON', '1'), ('VTE_VERSION', '6800'), ('CMAKE_PREFIX_PATH', '/home/raghav/crazyflie_mapping_demo/ros2_ws/install/ros_gz_crazyflie_bringup:/home/raghav/crazyflie_mapping_demo/ros2_ws/install/ros_gz_crazyflie_gazebo:/opt/ros/humble')]), 'shell': False}
[1.902100] (crazyflie_ros2_multiranger_wall_following) Command: {'cmd': ['/usr/bin/python3', '-W', 'ignore:setup.py install is deprecated', '-W', 'ignore:easy_install command is deprecated', 'setup.py', 'egg_info', '--egg-base', '../../../build/crazyflie_ros2_multiranger_wall_following', 'build', '--build-base', '/home/raghav/crazyflie_mapping_demo/ros2_ws/build/crazyflie_ros2_multiranger_wall_following/build', 'install', '--record', '/home/raghav/crazyflie_mapping_demo/ros2_ws/build/crazyflie_ros2_multiranger_wall_following/install.log', '--single-version-externally-managed', 'install_data'], 'cwd': '/home/raghav/crazyflie_mapping_demo/ros2_ws/src/crazyflie_ros2_multiranger/crazyflie_ros2_multiranger_wall_following', 'env': {'LESSOPEN': '| /usr/bin/lesspipe %s', 'LANGUAGE': 'en_IN:en', 'USER': 'raghav', 'XDG_SESSION_TYPE': 'x11', 'SHLVL': '1', 'LD_LIBRARY_PATH': '/opt/ros/humble/opt/rviz_ogre_vendor/lib:/opt/ros/humble/lib/x86_64-linux-gnu:/opt/ros/humble/lib', 'HOME': '/home/raghav', 'OLDPWD': '/home/raghav/crazyflie_mapping_demo/ros2_ws', 'DESKTOP_SESSION': 'ubuntu', 'ROS_PYTHON_VERSION': '3', 'GNOME_SHELL_SESSION_MODE': 'ubuntu', 'GTK_MODULES': 'gail:atk-bridge', 'SYSTEMD_EXEC_PID': '18598', 'DBUS_SESSION_BUS_ADDRESS': 'unix:path=/run/user/1000/bus', 'COLORTERM': 'truecolor', 'ROS_DISTRO': 'humble', 'GTK_IM_MODULE': 'ibus', 'LOGNAME': 'raghav', '_': '/usr/bin/colcon', 'ROS_VERSION': '2', 'XDG_SESSION_CLASS': 'user', 'USERNAME': 'raghav', 'TERM': 'xterm-256color', 'GNOME_DESKTOP_SESSION_ID': 'this-is-deprecated', 'ROS_LOCALHOST_ONLY': '0', 'WINDOWPATH': '2', 'PATH': '/opt/ros/humble/bin:/home/raghav/.local/bin:/usr/local/sbin:/usr/local/bin:/usr/sbin:/usr/bin:/sbin:/bin:/usr/games:/usr/local/games:/snap/bin:/snap/bin', 'SESSION_MANAGER': 'local/raghav-Victus-by-HP-Gaming-Laptop-15-fa1xxx:@/tmp/.ICE-unix/2169,unix/raghav-Victus-by-HP-Gaming-Laptop-15-fa1xxx:/tmp/.ICE-unix/2169', 'XDG_MENU_PREFIX': 'gnome-', 'GNOME_TERMINAL_SCREEN': '/org/gnome/Terminal/screen/cbba6b8d_e531_489c_acc4_c73f9d1f136e', 'XDG_RUNTIME_DIR': '/run/user/1000', 'DISPLAY': ':1', 'LANG': 'en_US.UTF-8', 'XDG_CURRENT_DESKTOP': 'ubuntu:GNOME', 'XMODIFIERS': '@im=ibus', 'XDG_SESSION_DESKTOP': 'ubuntu', 'XAUTHORITY': '/run/user/1000/gdm/Xauthority', 'LS_COLORS': 'rs=0:di=01;34:ln=01;36:mh=00:pi=40;33:so=01;35:do=01;35:bd=40;33;01:cd=40;33;01:or=40;31;01:mi=00:su=37;41:sg=30;43:ca=30;41:tw=30;42:ow=34;42:st=37;44:ex=01;32:*.tar=01;31:*.tgz=01;31:*.arc=01;31:*.arj=01;31:*.taz=01;31:*.lha=01;31:*.lz4=01;31:*.lzh=01;31:*.lzma=01;31:*.tlz=01;31:*.txz=01;31:*.tzo=01;31:*.t7z=01;31:*.zip=01;31:*.z=01;31:*.dz=01;31:*.gz=01;31:*.lrz=01;31:*.lz=01;31:*.lzo=01;31:*.xz=01;31:*.zst=01;31:*.tzst=01;31:*.bz2=01;31:*.bz=01;31:*.tbz=01;31:*.tbz2=01;31:*.tz=01;31:*.deb=01;31:*.rpm=01;31:*.jar=01;31:*.war=01;31:*.ear=01;31:*.sar=01;31:*.rar=01;31:*.alz=01;31:*.ace=01;31:*.zoo=01;31:*.cpio=01;31:*.7z=01;31:*.rz=01;31:*.cab=01;31:*.wim=01;31:*.swm=01;31:*.dwm=01;31:*.esd=01;31:*.jpg=01;35:*.jpeg=01;35:*.mjpg=01;35:*.mjpeg=01;35:*.gif=01;35:*.bmp=01;35:*.pbm=01;35:*.pgm=01;35:*.ppm=01;35:*.tga=01;35:*.xbm=01;35:*.xpm=01;35:*.tif=01;35:*.tiff=01;35:*.png=01;35:*.svg=01;35:*.svgz=01;35:*.mng=01;35:*.pcx=01;35:*.mov=01;35:*.mpg=01;35:*.mpeg=01;35:*.m2v=01;35:*.mkv=01;35:*.webm=01;35:*.webp=01;35:*.ogm=01;35:*.mp4=01;35:*.m4v=01;35:*.mp4v=01;35:*.vob=01;35:*.qt=01;35:*.nuv=01;35:*.wmv=01;35:*.asf=01;35:*.rm=01;35:*.rmvb=01;35:*.flc=01;35:*.avi=01;35:*.fli=01;35:*.flv=01;35:*.gl=01;35:*.dl=01;35:*.xcf=01;35:*.xwd=01;35:*.yuv=01;35:*.cgm=01;35:*.emf=01;35:*.ogv=01;35:*.ogx=01;35:*.aac=00;36:*.au=00;36:*.flac=00;36:*.m4a=00;36:*.mid=00;36:*.midi=00;36:*.mka=00;36:*.mp3=00;36:*.mpc=00;36:*.ogg=00;36:*.ra=00;36:*.wav=00;36:*.oga=00;36:*.opus=00;36:*.spx=00;36:*.xspf=00;36:', 'GNOME_TERMINAL_SERVICE': ':1.185', 'SSH_AGENT_LAUNCHER': 'gnome-keyring', 'SSH_AUTH_SOCK': '/run/user/1000/keyring/ssh', 'AMENT_PREFIX_PATH': '/opt/ros/humble', 'SHELL': '/bin/bash', 'QT_ACCESSIBILITY': '1', 'GDMSESSION': 'ubuntu', 'LESSCLOSE': '/usr/bin/lesspipe %s %s', 'GPG_AGENT_INFO': '/run/user/1000/gnupg/S.gpg-agent:0:1', 'QT_IM_MODULE': 'ibus', 'PWD': '/home/raghav/crazyflie_mapping_demo/ros2_ws/build/crazyflie_ros2_multiranger_wall_following', 'LC_ALL': 'en_US.UTF-8', 'XDG_CONFIG_DIRS': '/etc/xdg/xdg-ubuntu:/etc/xdg', 'XDG_DATA_DIRS': '/usr/share/ubuntu:/usr/share/gnome:/usr/local/share/:/usr/share/:/var/lib/snapd/desktop', 'PYTHONPATH': '/home/raghav/crazyflie_mapping_demo/ros2_ws/build/crazyflie_ros2_multiranger_wall_following/prefix_override:/usr/lib/python3/dist-packages/colcon_core/task/python/colcon_distutils_commands:/home/raghav/crazyflie_mapping_demo/ros2_ws/install/crazyflie_ros2_multiranger_wall_following/lib/python3.10/site-packages:/opt/ros/humble/lib/python3.10/site-packages:/opt/ros/humble/local/lib/python3.10/dist-packages', 'COLCON': '1', 'VTE_VERSION': '6800'}, 'shell': False}
[1.907968] (-) TimerEvent: {}
[1.908336] (ros_gz_crazyflie_control) Command: {'cmd': ['/usr/bin/python3', '-W', 'ignore:setup.py install is deprecated', '-W', 'ignore:easy_install command is deprecated', 'setup.py', 'egg_info', '--egg-base', '../../../build/ros_gz_crazyflie_control', 'build', '--build-base', '/home/raghav/crazyflie_mapping_demo/ros2_ws/build/ros_gz_crazyflie_control/build', 'install', '--record', '/home/raghav/crazyflie_mapping_demo/ros2_ws/build/ros_gz_crazyflie_control/install.log', '--single-version-externally-managed', 'install_data'], 'cwd': '/home/raghav/crazyflie_mapping_demo/ros2_ws/src/ros_gz_crazyflie/ros_gz_crazyflie_control', 'env': {'LESSOPEN': '| /usr/bin/lesspipe %s', 'LANGUAGE': 'en_IN:en', 'USER': 'raghav', 'XDG_SESSION_TYPE': 'x11', 'SHLVL': '1', 'LD_LIBRARY_PATH': '/opt/ros/humble/opt/rviz_ogre_vendor/lib:/opt/ros/humble/lib/x86_64-linux-gnu:/opt/ros/humble/lib', 'HOME': '/home/raghav', 'OLDPWD': '/home/raghav/crazyflie_mapping_demo/ros2_ws', 'DESKTOP_SESSION': 'ubuntu', 'ROS_PYTHON_VERSION': '3', 'GNOME_SHELL_SESSION_MODE': 'ubuntu', 'GTK_MODULES': 'gail:atk-bridge', 'SYSTEMD_EXEC_PID': '18598', 'DBUS_SESSION_BUS_ADDRESS': 'unix:path=/run/user/1000/bus', 'COLORTERM': 'truecolor', 'ROS_DISTRO': 'humble', 'GTK_IM_MODULE': 'ibus', 'LOGNAME': 'raghav', '_': '/usr/bin/colcon', 'ROS_VERSION': '2', 'XDG_SESSION_CLASS': 'user', 'USERNAME': 'raghav', 'TERM': 'xterm-256color', 'GNOME_DESKTOP_SESSION_ID': 'this-is-deprecated', 'ROS_LOCALHOST_ONLY': '0', 'WINDOWPATH': '2', 'PATH': '/opt/ros/humble/bin:/home/raghav/.local/bin:/usr/local/sbin:/usr/local/bin:/usr/sbin:/usr/bin:/sbin:/bin:/usr/games:/usr/local/games:/snap/bin:/snap/bin', 'SESSION_MANAGER': 'local/raghav-Victus-by-HP-Gaming-Laptop-15-fa1xxx:@/tmp/.ICE-unix/2169,unix/raghav-Victus-by-HP-Gaming-Laptop-15-fa1xxx:/tmp/.ICE-unix/2169', 'XDG_MENU_PREFIX': 'gnome-', 'GNOME_TERMINAL_SCREEN': '/org/gnome/Terminal/screen/cbba6b8d_e531_489c_acc4_c73f9d1f136e', 'XDG_RUNTIME_DIR': '/run/user/1000', 'DISPLAY': ':1', 'LANG': 'en_US.UTF-8', 'XDG_CURRENT_DESKTOP': 'ubuntu:GNOME', 'XMODIFIERS': '@im=ibus', 'XDG_SESSION_DESKTOP': 'ubuntu', 'XAUTHORITY': '/run/user/1000/gdm/Xauthority', 'LS_COLORS': 'rs=0:di=01;34:ln=01;36:mh=00:pi=40;33:so=01;35:do=01;35:bd=40;33;01:cd=40;33;01:or=40;31;01:mi=00:su=37;41:sg=30;43:ca=30;41:tw=30;42:ow=34;42:st=37;44:ex=01;32:*.tar=01;31:*.tgz=01;31:*.arc=01;31:*.arj=01;31:*.taz=01;31:*.lha=01;31:*.lz4=01;31:*.lzh=01;31:*.lzma=01;31:*.tlz=01;31:*.txz=01;31:*.tzo=01;31:*.t7z=01;31:*.zip=01;31:*.z=01;31:*.dz=01;31:*.gz=01;31:*.lrz=01;31:*.lz=01;31:*.lzo=01;31:*.xz=01;31:*.zst=01;31:*.tzst=01;31:*.bz2=01;31:*.bz=01;31:*.tbz=01;31:*.tbz2=01;31:*.tz=01;31:*.deb=01;31:*.rpm=01;31:*.jar=01;31:*.war=01;31:*.ear=01;31:*.sar=01;31:*.rar=01;31:*.alz=01;31:*.ace=01;31:*.zoo=01;31:*.cpio=01;31:*.7z=01;31:*.rz=01;31:*.cab=01;31:*.wim=01;31:*.swm=01;31:*.dwm=01;31:*.esd=01;31:*.jpg=01;35:*.jpeg=01;35:*.mjpg=01;35:*.mjpeg=01;35:*.gif=01;35:*.bmp=01;35:*.pbm=01;35:*.pgm=01;35:*.ppm=01;35:*.tga=01;35:*.xbm=01;35:*.xpm=01;35:*.tif=01;35:*.tiff=01;35:*.png=01;35:*.svg=01;35:*.svgz=01;35:*.mng=01;35:*.pcx=01;35:*.mov=01;35:*.mpg=01;35:*.mpeg=01;35:*.m2v=01;35:*.mkv=01;35:*.webm=01;35:*.webp=01;35:*.ogm=01;35:*.mp4=01;35:*.m4v=01;35:*.mp4v=01;35:*.vob=01;35:*.qt=01;35:*.nuv=01;35:*.wmv=01;35:*.asf=01;35:*.rm=01;35:*.rmvb=01;35:*.flc=01;35:*.avi=01;35:*.fli=01;35:*.flv=01;35:*.gl=01;35:*.dl=01;35:*.xcf=01;35:*.xwd=01;35:*.yuv=01;35:*.cgm=01;35:*.emf=01;35:*.ogv=01;35:*.ogx=01;35:*.aac=00;36:*.au=00;36:*.flac=00;36:*.m4a=00;36:*.mid=00;36:*.midi=00;36:*.mka=00;36:*.mp3=00;36:*.mpc=00;36:*.ogg=00;36:*.ra=00;36:*.wav=00;36:*.oga=00;36:*.opus=00;36:*.spx=00;36:*.xspf=00;36:', 'GNOME_TERMINAL_SERVICE': ':1.185', 'SSH_AGENT_LAUNCHER': 'gnome-keyring', 'SSH_AUTH_SOCK': '/run/user/1000/keyring/ssh', 'AMENT_PREFIX_PATH': '/opt/ros/humble', 'SHELL': '/bin/bash', 'QT_ACCESSIBILITY': '1', 'GDMSESSION': 'ubuntu', 'LESSCLOSE': '/usr/bin/lesspipe %s %s', 'GPG_AGENT_INFO': '/run/user/1000/gnupg/S.gpg-agent:0:1', 'QT_IM_MODULE': 'ibus', 'PWD': '/home/raghav/crazyflie_mapping_demo/ros2_ws/build/ros_gz_crazyflie_control', 'LC_ALL': 'en_US.UTF-8', 'XDG_CONFIG_DIRS': '/etc/xdg/xdg-ubuntu:/etc/xdg', 'XDG_DATA_DIRS': '/usr/share/ubuntu:/usr/share/gnome:/usr/local/share/:/usr/share/:/var/lib/snapd/desktop', 'PYTHONPATH': '/home/raghav/crazyflie_mapping_demo/ros2_ws/build/ros_gz_crazyflie_control/prefix_override:/usr/lib/python3/dist-packages/colcon_core/task/python/colcon_distutils_commands:/home/raghav/crazyflie_mapping_demo/ros2_ws/install/ros_gz_crazyflie_control/lib/python3.10/site-packages:/opt/ros/humble/lib/python3.10/site-packages:/opt/ros/humble/local/lib/python3.10/dist-packages', 'COLCON': '1', 'VTE_VERSION': '6800'}, 'shell': False}
[1.916520] (crazyflie_ros2_multiranger_simple_mapper) Command: {'cmd': ['/usr/bin/python3', '-W', 'ignore:setup.py install is deprecated', '-W', 'ignore:easy_install command is deprecated', 'setup.py', 'egg_info', '--egg-base', '../../../build/crazyflie_ros2_multiranger_simple_mapper', 'build', '--build-base', '/home/raghav/crazyflie_mapping_demo/ros2_ws/build/crazyflie_ros2_multiranger_simple_mapper/build', 'install', '--record', '/home/raghav/crazyflie_mapping_demo/ros2_ws/build/crazyflie_ros2_multiranger_simple_mapper/install.log', '--single-version-externally-managed', 'install_data'], 'cwd': '/home/raghav/crazyflie_mapping_demo/ros2_ws/src/crazyflie_ros2_multiranger/crazyflie_ros2_multiranger_simple_mapper', 'env': {'LESSOPEN': '| /usr/bin/lesspipe %s', 'LANGUAGE': 'en_IN:en', 'USER': 'raghav', 'XDG_SESSION_TYPE': 'x11', 'SHLVL': '1', 'LD_LIBRARY_PATH': '/opt/ros/humble/opt/rviz_ogre_vendor/lib:/opt/ros/humble/lib/x86_64-linux-gnu:/opt/ros/humble/lib', 'HOME': '/home/raghav', 'OLDPWD': '/home/raghav/crazyflie_mapping_demo/ros2_ws', 'DESKTOP_SESSION': 'ubuntu', 'ROS_PYTHON_VERSION': '3', 'GNOME_SHELL_SESSION_MODE': 'ubuntu', 'GTK_MODULES': 'gail:atk-bridge', 'SYSTEMD_EXEC_PID': '18598', 'DBUS_SESSION_BUS_ADDRESS': 'unix:path=/run/user/1000/bus', 'COLORTERM': 'truecolor', 'ROS_DISTRO': 'humble', 'GTK_IM_MODULE': 'ibus', 'LOGNAME': 'raghav', '_': '/usr/bin/colcon', 'ROS_VERSION': '2', 'XDG_SESSION_CLASS': 'user', 'USERNAME': 'raghav', 'TERM': 'xterm-256color', 'GNOME_DESKTOP_SESSION_ID': 'this-is-deprecated', 'ROS_LOCALHOST_ONLY': '0', 'WINDOWPATH': '2', 'PATH': '/opt/ros/humble/bin:/home/raghav/.local/bin:/usr/local/sbin:/usr/local/bin:/usr/sbin:/usr/bin:/sbin:/bin:/usr/games:/usr/local/games:/snap/bin:/snap/bin', 'SESSION_MANAGER': 'local/raghav-Victus-by-HP-Gaming-Laptop-15-fa1xxx:@/tmp/.ICE-unix/2169,unix/raghav-Victus-by-HP-Gaming-Laptop-15-fa1xxx:/tmp/.ICE-unix/2169', 'XDG_MENU_PREFIX': 'gnome-', 'GNOME_TERMINAL_SCREEN': '/org/gnome/Terminal/screen/cbba6b8d_e531_489c_acc4_c73f9d1f136e', 'XDG_RUNTIME_DIR': '/run/user/1000', 'DISPLAY': ':1', 'LANG': 'en_US.UTF-8', 'XDG_CURRENT_DESKTOP': 'ubuntu:GNOME', 'XMODIFIERS': '@im=ibus', 'XDG_SESSION_DESKTOP': 'ubuntu', 'XAUTHORITY': '/run/user/1000/gdm/Xauthority', 'LS_COLORS': 'rs=0:di=01;34:ln=01;36:mh=00:pi=40;33:so=01;35:do=01;35:bd=40;33;01:cd=40;33;01:or=40;31;01:mi=00:su=37;41:sg=30;43:ca=30;41:tw=30;42:ow=34;42:st=37;44:ex=01;32:*.tar=01;31:*.tgz=01;31:*.arc=01;31:*.arj=01;31:*.taz=01;31:*.lha=01;31:*.lz4=01;31:*.lzh=01;31:*.lzma=01;31:*.tlz=01;31:*.txz=01;31:*.tzo=01;31:*.t7z=01;31:*.zip=01;31:*.z=01;31:*.dz=01;31:*.gz=01;31:*.lrz=01;31:*.lz=01;31:*.lzo=01;31:*.xz=01;31:*.zst=01;31:*.tzst=01;31:*.bz2=01;31:*.bz=01;31:*.tbz=01;31:*.tbz2=01;31:*.tz=01;31:*.deb=01;31:*.rpm=01;31:*.jar=01;31:*.war=01;31:*.ear=01;31:*.sar=01;31:*.rar=01;31:*.alz=01;31:*.ace=01;31:*.zoo=01;31:*.cpio=01;31:*.7z=01;31:*.rz=01;31:*.cab=01;31:*.wim=01;31:*.swm=01;31:*.dwm=01;31:*.esd=01;31:*.jpg=01;35:*.jpeg=01;35:*.mjpg=01;35:*.mjpeg=01;35:*.gif=01;35:*.bmp=01;35:*.pbm=01;35:*.pgm=01;35:*.ppm=01;35:*.tga=01;35:*.xbm=01;35:*.xpm=01;35:*.tif=01;35:*.tiff=01;35:*.png=01;35:*.svg=01;35:*.svgz=01;35:*.mng=01;35:*.pcx=01;35:*.mov=01;35:*.mpg=01;35:*.mpeg=01;35:*.m2v=01;35:*.mkv=01;35:*.webm=01;35:*.webp=01;35:*.ogm=01;35:*.mp4=01;35:*.m4v=01;35:*.mp4v=01;35:*.vob=01;35:*.qt=01;35:*.nuv=01;35:*.wmv=01;35:*.asf=01;35:*.rm=01;35:*.rmvb=01;35:*.flc=01;35:*.avi=01;35:*.fli=01;35:*.flv=01;35:*.gl=01;35:*.dl=01;35:*.xcf=01;35:*.xwd=01;35:*.yuv=01;35:*.cgm=01;35:*.emf=01;35:*.ogv=01;35:*.ogx=01;35:*.aac=00;36:*.au=00;36:*.flac=00;36:*.m4a=00;36:*.mid=00;36:*.midi=00;36:*.mka=00;36:*.mp3=00;36:*.mpc=00;36:*.ogg=00;36:*.ra=00;36:*.wav=00;36:*.oga=00;36:*.opus=00;36:*.spx=00;36:*.xspf=00;36:', 'GNOME_TERMINAL_SERVICE': ':1.185', 'SSH_AGENT_LAUNCHER': 'gnome-keyring', 'SSH_AUTH_SOCK': '/run/user/1000/keyring/ssh', 'AMENT_PREFIX_PATH': '/opt/ros/humble', 'SHELL': '/bin/bash', 'QT_ACCESSIBILITY': '1', 'GDMSESSION': 'ubuntu', 'LESSCLOSE': '/usr/bin/lesspipe %s %s', 'GPG_AGENT_INFO': '/run/user/1000/gnupg/S.gpg-agent:0:1', 'QT_IM_MODULE': 'ibus', 'PWD': '/home/raghav/crazyflie_mapping_demo/ros2_ws/build/crazyflie_ros2_multiranger_simple_mapper', 'LC_ALL': 'en_US.UTF-8', 'XDG_CONFIG_DIRS': '/etc/xdg/xdg-ubuntu:/etc/xdg', 'XDG_DATA_DIRS': '/usr/share/ubuntu:/usr/share/gnome:/usr/local/share/:/usr/share/:/var/lib/snapd/desktop', 'PYTHONPATH': '/home/raghav/crazyflie_mapping_demo/ros2_ws/build/crazyflie_ros2_multiranger_simple_mapper/prefix_override:/usr/lib/python3/dist-packages/colcon_core/task/python/colcon_distutils_commands:/home/raghav/crazyflie_mapping_demo/ros2_ws/install/crazyflie_ros2_multiranger_simple_mapper/lib/python3.10/site-packages:/opt/ros/humble/lib/python3.10/site-packages:/opt/ros/humble/local/lib/python3.10/dist-packages', 'COLCON': '1', 'VTE_VERSION': '6800'}, 'shell': False}
[1.962064] (crazyflie_ros2_multiranger_bringup) CommandEnded: {'returncode': 0}
[1.965106] (crazyflie_ros2_multiranger_bringup) JobProgress: {'identifier': 'crazyflie_ros2_multiranger_bringup', 'progress': 'install'}
[1.965417] (crazyflie_ros2_multiranger_bringup) Command: {'cmd': ['/usr/bin/cmake', '--install', '/home/raghav/crazyflie_mapping_demo/ros2_ws/build/crazyflie_ros2_multiranger_bringup'], 'cwd': '/home/raghav/crazyflie_mapping_demo/ros2_ws/build/crazyflie_ros2_multiranger_bringup', 'env': OrderedDict([('LESSOPEN', '| /usr/bin/lesspipe %s'), ('LANGUAGE', 'en_IN:en'), ('USER', 'raghav'), ('XDG_SESSION_TYPE', 'x11'), ('SHLVL', '1'), ('LD_LIBRARY_PATH', '/opt/ros/humble/opt/rviz_ogre_vendor/lib:/opt/ros/humble/lib/x86_64-linux-gnu:/opt/ros/humble/lib'), ('HOME', '/home/raghav'), ('OLDPWD', '/home/raghav/crazyflie_mapping_demo/ros2_ws'), ('DESKTOP_SESSION', 'ubuntu'), ('ROS_PYTHON_VERSION', '3'), ('GNOME_SHELL_SESSION_MODE', 'ubuntu'), ('GTK_MODULES', 'gail:atk-bridge'), ('SYSTEMD_EXEC_PID', '18598'), ('DBUS_SESSION_BUS_ADDRESS', 'unix:path=/run/user/1000/bus'), ('COLORTERM', 'truecolor'), ('ROS_DISTRO', 'humble'), ('GTK_IM_MODULE', 'ibus'), ('LOGNAME', 'raghav'), ('_', '/usr/bin/colcon'), ('ROS_VERSION', '2'), ('XDG_SESSION_CLASS', 'user'), ('USERNAME', 'raghav'), ('TERM', 'xterm-256color'), ('GNOME_DESKTOP_SESSION_ID', 'this-is-deprecated'), ('ROS_LOCALHOST_ONLY', '0'), ('WINDOWPATH', '2'), ('PATH', '/opt/ros/humble/bin:/home/raghav/.local/bin:/usr/local/sbin:/usr/local/bin:/usr/sbin:/usr/bin:/sbin:/bin:/usr/games:/usr/local/games:/snap/bin:/snap/bin'), ('SESSION_MANAGER', 'local/raghav-Victus-by-HP-Gaming-Laptop-15-fa1xxx:@/tmp/.ICE-unix/2169,unix/raghav-Victus-by-HP-Gaming-Laptop-15-fa1xxx:/tmp/.ICE-unix/2169'), ('XDG_MENU_PREFIX', 'gnome-'), ('GNOME_TERMINAL_SCREEN', '/org/gnome/Terminal/screen/cbba6b8d_e531_489c_acc4_c73f9d1f136e'), ('XDG_RUNTIME_DIR', '/run/user/1000'), ('DISPLAY', ':1'), ('LANG', 'en_US.UTF-8'), ('XDG_CURRENT_DESKTOP', 'ubuntu:GNOME'), ('XMODIFIERS', '@im=ibus'), ('XDG_SESSION_DESKTOP', 'ubuntu'), ('XAUTHORITY', '/run/user/1000/gdm/Xauthority'), ('LS_COLORS', 'rs=0:di=01;34:ln=01;36:mh=00:pi=40;33:so=01;35:do=01;35:bd=40;33;01:cd=40;33;01:or=40;31;01:mi=00:su=37;41:sg=30;43:ca=30;41:tw=30;42:ow=34;42:st=37;44:ex=01;32:*.tar=01;31:*.tgz=01;31:*.arc=01;31:*.arj=01;31:*.taz=01;31:*.lha=01;31:*.lz4=01;31:*.lzh=01;31:*.lzma=01;31:*.tlz=01;31:*.txz=01;31:*.tzo=01;31:*.t7z=01;31:*.zip=01;31:*.z=01;31:*.dz=01;31:*.gz=01;31:*.lrz=01;31:*.lz=01;31:*.lzo=01;31:*.xz=01;31:*.zst=01;31:*.tzst=01;31:*.bz2=01;31:*.bz=01;31:*.tbz=01;31:*.tbz2=01;31:*.tz=01;31:*.deb=01;31:*.rpm=01;31:*.jar=01;31:*.war=01;31:*.ear=01;31:*.sar=01;31:*.rar=01;31:*.alz=01;31:*.ace=01;31:*.zoo=01;31:*.cpio=01;31:*.7z=01;31:*.rz=01;31:*.cab=01;31:*.wim=01;31:*.swm=01;31:*.dwm=01;31:*.esd=01;31:*.jpg=01;35:*.jpeg=01;35:*.mjpg=01;35:*.mjpeg=01;35:*.gif=01;35:*.bmp=01;35:*.pbm=01;35:*.pgm=01;35:*.ppm=01;35:*.tga=01;35:*.xbm=01;35:*.xpm=01;35:*.tif=01;35:*.tiff=01;35:*.png=01;35:*.svg=01;35:*.svgz=01;35:*.mng=01;35:*.pcx=01;35:*.mov=01;35:*.mpg=01;35:*.mpeg=01;35:*.m2v=01;35:*.mkv=01;35:*.webm=01;35:*.webp=01;35:*.ogm=01;35:*.mp4=01;35:*.m4v=01;35:*.mp4v=01;35:*.vob=01;35:*.qt=01;35:*.nuv=01;35:*.wmv=01;35:*.asf=01;35:*.rm=01;35:*.rmvb=01;35:*.flc=01;35:*.avi=01;35:*.fli=01;35:*.flv=01;35:*.gl=01;35:*.dl=01;35:*.xcf=01;35:*.xwd=01;35:*.yuv=01;35:*.cgm=01;35:*.emf=01;35:*.ogv=01;35:*.ogx=01;35:*.aac=00;36:*.au=00;36:*.flac=00;36:*.m4a=00;36:*.mid=00;36:*.midi=00;36:*.mka=00;36:*.mp3=00;36:*.mpc=00;36:*.ogg=00;36:*.ra=00;36:*.wav=00;36:*.oga=00;36:*.opus=00;36:*.spx=00;36:*.xspf=00;36:'), ('GNOME_TERMINAL_SERVICE', ':1.185'), ('SSH_AGENT_LAUNCHER', 'gnome-keyring'), ('SSH_AUTH_SOCK', '/run/user/1000/keyring/ssh'), ('AMENT_PREFIX_PATH', '/home/raghav/crazyflie_mapping_demo/ros2_ws/install/ros_gz_crazyflie_bringup:/home/raghav/crazyflie_mapping_demo/ros2_ws/install/ros_gz_crazyflie_gazebo:/opt/ros/humble'), ('SHELL', '/bin/bash'), ('QT_ACCESSIBILITY', '1'), ('GDMSESSION', 'ubuntu'), ('LESSCLOSE', '/usr/bin/lesspipe %s %s'), ('GPG_AGENT_INFO', '/run/user/1000/gnupg/S.gpg-agent:0:1'), ('QT_IM_MODULE', 'ibus'), ('PWD', '/home/raghav/crazyflie_mapping_demo/ros2_ws/build/crazyflie_ros2_multiranger_bringup'), ('LC_ALL', 'en_US.UTF-8'), ('XDG_CONFIG_DIRS', '/etc/xdg/xdg-ubuntu:/etc/xdg'), ('XDG_DATA_DIRS', '/usr/share/ubuntu:/usr/share/gnome:/usr/local/share/:/usr/share/:/var/lib/snapd/desktop'), ('PYTHONPATH', '/opt/ros/humble/lib/python3.10/site-packages:/opt/ros/humble/local/lib/python3.10/dist-packages'), ('COLCON', '1'), ('VTE_VERSION', '6800'), ('CMAKE_PREFIX_PATH', '/home/raghav/crazyflie_mapping_demo/ros2_ws/install/ros_gz_crazyflie_bringup:/home/raghav/crazyflie_mapping_demo/ros2_ws/install/ros_gz_crazyflie_gazebo:/opt/ros/humble')]), 'shell': False}
[1.970164] (crazyflie) StdoutLine: {'line': b'[ 22%] Built target crazyflieLinkCpp\n'}
[1.973010] (crazyflie_ros2_multiranger_bringup) StdoutLine: {'line': b'-- Install configuration: ""\n'}
[1.973673] (crazyflie_ros2_multiranger_bringup) StdoutLine: {'line': b'-- Execute custom install script\n'}
[1.973944] (crazyflie) StdoutLine: {'line': b'[ 27%] Built target teleop\n'}
[1.974176] (crazyflie_sim) StdoutLine: {'line': b'Built target ament_cmake_python_copy_crazyflie_sim_setup\n'}
[1.974451] (crazyflie_ros2_multiranger_bringup) StdoutLine: {'line': b'-- Up-to-date symlink: /home/raghav/crazyflie_mapping_demo/ros2_ws/install/crazyflie_ros2_multiranger_bringup/share/crazyflie_ros2_multiranger_bringup//launch/simple_mapper_real.launch.py\n'}
[1.974771] (crazyflie_ros2_multiranger_bringup) StdoutLine: {'line': b'-- Up-to-date symlink: /home/raghav/crazyflie_mapping_demo/ros2_ws/install/crazyflie_ros2_multiranger_bringup/share/crazyflie_ros2_multiranger_bringup//launch/simple_mapper_simulation.launch.py\n'}
[1.974958] (crazyflie_ros2_multiranger_bringup) StdoutLine: {'line': b'-- Up-to-date symlink: /home/raghav/crazyflie_mapping_demo/ros2_ws/install/crazyflie_ros2_multiranger_bringup/share/crazyflie_ros2_multiranger_bringup//launch/two_drones_mapper_simulation.launch.py\n'}
[1.975072] (crazyflie_ros2_multiranger_bringup) StdoutLine: {'line': b'-- Up-to-date symlink: /home/raghav/crazyflie_mapping_demo/ros2_ws/install/crazyflie_ros2_multiranger_bringup/share/crazyflie_ros2_multiranger_bringup//launch/wall_follower_mapper_real.launch.py\n'}
[1.975179] (crazyflie_ros2_multiranger_bringup) StdoutLine: {'line': b'-- Up-to-date symlink: /home/raghav/crazyflie_mapping_demo/ros2_ws/install/crazyflie_ros2_multiranger_bringup/share/crazyflie_ros2_multiranger_bringup//launch/wall_follower_mapper_simulation.launch.py\n'}
[1.975364] (crazyflie_ros2_multiranger_bringup) StdoutLine: {'line': b'-- Up-to-date symlink: /home/raghav/crazyflie_mapping_demo/ros2_ws/install/crazyflie_ros2_multiranger_bringup/share/crazyflie_ros2_multiranger_bringup//config/crazyflie_real_crazyswarm2.yaml\n'}
[1.975517] (crazyflie_ros2_multiranger_bringup) StdoutLine: {'line': b'-- Up-to-date symlink: /home/raghav/crazyflie_mapping_demo/ros2_ws/install/crazyflie_ros2_multiranger_bringup/share/crazyflie_ros2_multiranger_bringup//config/real_mapping.rviz\n'}
[1.975629] (crazyflie_ros2_multiranger_bringup) StdoutLine: {'line': b'-- Up-to-date symlink: /home/raghav/crazyflie_mapping_demo/ros2_ws/install/crazyflie_ros2_multiranger_bringup/share/crazyflie_ros2_multiranger_bringup//config/ros_gz_two_cf_bridge.yaml\n'}
[1.975725] (crazyflie_ros2_multiranger_bringup) StdoutLine: {'line': b'-- Up-to-date symlink: /home/raghav/crazyflie_mapping_demo/ros2_ws/install/crazyflie_ros2_multiranger_bringup/share/crazyflie_ros2_multiranger_bringup//config/sim_mapping.rviz\n'}
[1.975831] (crazyflie_ros2_multiranger_bringup) StdoutLine: {'line': b'-- Up-to-date symlink: /home/raghav/crazyflie_mapping_demo/ros2_ws/install/crazyflie_ros2_multiranger_bringup/share/crazyflie_ros2_multiranger_bringup//config/two_cf_crazyswarm2.yaml\n'}
[1.976002] (crazyflie_ros2_multiranger_bringup) StdoutLine: {'line': b'-- Up-to-date symlink: /home/raghav/crazyflie_mapping_demo/ros2_ws/install/crazyflie_ros2_multiranger_bringup/share/crazyflie_ros2_multiranger_bringup//worlds/two_cf_world.sdf\n'}
[1.976276] (crazyflie_ros2_multiranger_bringup) StdoutLine: {'line': b'-- Up-to-date symlink: /home/raghav/crazyflie_mapping_demo/ros2_ws/install/crazyflie_ros2_multiranger_bringup/share/ament_index/resource_index/package_run_dependencies/crazyflie_ros2_multiranger_bringup\n'}
[1.976626] (crazyflie_ros2_multiranger_bringup) StdoutLine: {'line': b'-- Up-to-date symlink: /home/raghav/crazyflie_mapping_demo/ros2_ws/install/crazyflie_ros2_multiranger_bringup/share/ament_index/resource_index/parent_prefix_path/crazyflie_ros2_multiranger_bringup\n'}
[1.976955] (crazyflie_ros2_multiranger_bringup) StdoutLine: {'line': b'-- Up-to-date symlink: /home/raghav/crazyflie_mapping_demo/ros2_ws/install/crazyflie_ros2_multiranger_bringup/share/crazyflie_ros2_multiranger_bringup/environment/ament_prefix_path.sh\n'}
[1.977218] (crazyflie_ros2_multiranger_bringup) StdoutLine: {'line': b'-- Up-to-date symlink: /home/raghav/crazyflie_mapping_demo/ros2_ws/install/crazyflie_ros2_multiranger_bringup/share/crazyflie_ros2_multiranger_bringup/environment/ament_prefix_path.dsv\n'}
[1.977561] (crazyflie_ros2_multiranger_bringup) StdoutLine: {'line': b'-- Up-to-date symlink: /home/raghav/crazyflie_mapping_demo/ros2_ws/install/crazyflie_ros2_multiranger_bringup/share/crazyflie_ros2_multiranger_bringup/environment/path.sh\n'}
[1.977862] (crazyflie_ros2_multiranger_bringup) StdoutLine: {'line': b'-- Up-to-date symlink: /home/raghav/crazyflie_mapping_demo/ros2_ws/install/crazyflie_ros2_multiranger_bringup/share/crazyflie_ros2_multiranger_bringup/environment/path.dsv\n'}
[1.978266] (crazyflie_ros2_multiranger_bringup) StdoutLine: {'line': b'-- Up-to-date symlink: /home/raghav/crazyflie_mapping_demo/ros2_ws/install/crazyflie_ros2_multiranger_bringup/share/crazyflie_ros2_multiranger_bringup/local_setup.bash\n'}
[1.979455] (crazyflie_ros2_multiranger_bringup) StdoutLine: {'line': b'-- Up-to-date symlink: /home/raghav/crazyflie_mapping_demo/ros2_ws/install/crazyflie_ros2_multiranger_bringup/share/crazyflie_ros2_multiranger_bringup/local_setup.sh\n'}
[1.979724] (crazyflie_ros2_multiranger_bringup) StdoutLine: {'line': b'-- Up-to-date symlink: /home/raghav/crazyflie_mapping_demo/ros2_ws/install/crazyflie_ros2_multiranger_bringup/share/crazyflie_ros2_multiranger_bringup/local_setup.zsh\n'}
[1.979794] (crazyflie_ros2_multiranger_bringup) StdoutLine: {'line': b'-- Up-to-date symlink: /home/raghav/crazyflie_mapping_demo/ros2_ws/install/crazyflie_ros2_multiranger_bringup/share/crazyflie_ros2_multiranger_bringup/local_setup.dsv\n'}
[1.980028] (crazyflie_ros2_multiranger_bringup) StdoutLine: {'line': b'-- Symlinking: /home/raghav/crazyflie_mapping_demo/ros2_ws/install/crazyflie_ros2_multiranger_bringup/share/crazyflie_ros2_multiranger_bringup/package.dsv\n'}
[1.995686] (crazyflie_ros2_multiranger_bringup) StdoutLine: {'line': b'-- Up-to-date symlink: /home/raghav/crazyflie_mapping_demo/ros2_ws/install/crazyflie_ros2_multiranger_bringup/share/ament_index/resource_index/packages/crazyflie_ros2_multiranger_bringup\n'}
[1.997002] (crazyflie_ros2_multiranger_bringup) StdoutLine: {'line': b'-- Up-to-date symlink: /home/raghav/crazyflie_mapping_demo/ros2_ws/install/crazyflie_ros2_multiranger_bringup/share/crazyflie_ros2_multiranger_bringup/cmake/crazyflie_ros2_multiranger_bringupConfig.cmake\n'}
[1.997151] (crazyflie_ros2_multiranger_bringup) StdoutLine: {'line': b'-- Up-to-date symlink: /home/raghav/crazyflie_mapping_demo/ros2_ws/install/crazyflie_ros2_multiranger_bringup/share/crazyflie_ros2_multiranger_bringup/cmake/crazyflie_ros2_multiranger_bringupConfig-version.cmake\n'}
[1.997228] (crazyflie_ros2_multiranger_bringup) StdoutLine: {'line': b'-- Up-to-date symlink: /home/raghav/crazyflie_mapping_demo/ros2_ws/install/crazyflie_ros2_multiranger_bringup/share/crazyflie_ros2_multiranger_bringup/package.xml\n'}
[1.998996] (crazyflie_sim) StdoutLine: {'line': b'Built target ament_cmake_python_copy_crazyflie_sim\n'}
[2.001764] (crazyflie_ros2_multiranger_bringup) CommandEnded: {'returncode': 0}
[2.003294] (crazyflie) StdoutLine: {'line': b'[ 35%] Built target crazyflie_cpp\n'}
[2.010873] (-) TimerEvent: {}
[2.028062] (crazyflie_ros2_multiranger_bringup) JobEnded: {'identifier': 'crazyflie_ros2_multiranger_bringup', 'rc': 0}
[2.046485] (crazyflie) StdoutLine: {'line': b'[ 42%] Built target listMemories\n'}
[2.046793] (crazyflie) StdoutLine: {'line': b'[ 47%] Built target listLogVariables\n'}
[2.046916] (crazyflie) StdoutLine: {'line': b'[ 50%] Built target scan\n'}
[2.047026] (crazyflie) StdoutLine: {'line': b'[ 55%] Built target battery\n'}
[2.047127] (crazyflie) StdoutLine: {'line': b'[ 60%] Built target listParams\n'}
[2.048535] (crazyflie) StdoutLine: {'line': b'[ 65%] Built target setParam\n'}
[2.050468] (crazyflie) StdoutLine: {'line': b'[ 70%] Built target version\n'}
[2.050908] (crazyflie) StdoutLine: {'line': b'[ 77%] Built target downloadUSDLogfile\n'}
[2.051005] (crazyflie) StdoutLine: {'line': b'[ 80%] Built target console\n'}
[2.051063] (crazyflie) StdoutLine: {'line': b'[ 85%] Built target crazyflie_server\n'}
[2.051121] (crazyflie) StdoutLine: {'line': b'[ 90%] Built target reboot\n'}
[2.053237] (crazyflie) StdoutLine: {'line': b'[ 95%] Built target comCheck\n'}
[2.060213] (crazyflie) StdoutLine: {'line': b'[100%] Built target log\n'}
[2.078797] (crazyflie) CommandEnded: {'returncode': 0}
[2.081006] (crazyflie) JobProgress: {'identifier': 'crazyflie', 'progress': 'install'}
[2.083011] (crazyflie) Command: {'cmd': ['/usr/bin/cmake', '--install', '/home/raghav/crazyflie_mapping_demo/ros2_ws/build/crazyflie'], 'cwd': '/home/raghav/crazyflie_mapping_demo/ros2_ws/build/crazyflie', 'env': OrderedDict([('LESSOPEN', '| /usr/bin/lesspipe %s'), ('LANGUAGE', 'en_IN:en'), ('USER', 'raghav'), ('XDG_SESSION_TYPE', 'x11'), ('SHLVL', '1'), ('LD_LIBRARY_PATH', '/home/raghav/crazyflie_mapping_demo/ros2_ws/install/crazyflie_interfaces/lib:/opt/ros/humble/opt/rviz_ogre_vendor/lib:/opt/ros/humble/lib/x86_64-linux-gnu:/opt/ros/humble/lib'), ('HOME', '/home/raghav'), ('OLDPWD', '/home/raghav/crazyflie_mapping_demo/ros2_ws'), ('DESKTOP_SESSION', 'ubuntu'), ('ROS_PYTHON_VERSION', '3'), ('GNOME_SHELL_SESSION_MODE', 'ubuntu'), ('GTK_MODULES', 'gail:atk-bridge'), ('SYSTEMD_EXEC_PID', '18598'), ('DBUS_SESSION_BUS_ADDRESS', 'unix:path=/run/user/1000/bus'), ('COLORTERM', 'truecolor'), ('ROS_DISTRO', 'humble'), ('GTK_IM_MODULE', 'ibus'), ('LOGNAME', 'raghav'), ('_', '/usr/bin/colcon'), ('ROS_VERSION', '2'), ('XDG_SESSION_CLASS', 'user'), ('USERNAME', 'raghav'), ('TERM', 'xterm-256color'), ('GNOME_DESKTOP_SESSION_ID', 'this-is-deprecated'), ('ROS_LOCALHOST_ONLY', '0'), ('WINDOWPATH', '2'), ('PATH', '/opt/ros/humble/bin:/home/raghav/.local/bin:/usr/local/sbin:/usr/local/bin:/usr/sbin:/usr/bin:/sbin:/bin:/usr/games:/usr/local/games:/snap/bin:/snap/bin'), ('SESSION_MANAGER', 'local/raghav-Victus-by-HP-Gaming-Laptop-15-fa1xxx:@/tmp/.ICE-unix/2169,unix/raghav-Victus-by-HP-Gaming-Laptop-15-fa1xxx:/tmp/.ICE-unix/2169'), ('XDG_MENU_PREFIX', 'gnome-'), ('GNOME_TERMINAL_SCREEN', '/org/gnome/Terminal/screen/cbba6b8d_e531_489c_acc4_c73f9d1f136e'), ('XDG_RUNTIME_DIR', '/run/user/1000'), ('DISPLAY', ':1'), ('LANG', 'en_US.UTF-8'), ('XDG_CURRENT_DESKTOP', 'ubuntu:GNOME'), ('XMODIFIERS', '@im=ibus'), ('XDG_SESSION_DESKTOP', 'ubuntu'), ('XAUTHORITY', '/run/user/1000/gdm/Xauthority'), ('LS_COLORS', 'rs=0:di=01;34:ln=01;36:mh=00:pi=40;33:so=01;35:do=01;35:bd=40;33;01:cd=40;33;01:or=40;31;01:mi=00:su=37;41:sg=30;43:ca=30;41:tw=30;42:ow=34;42:st=37;44:ex=01;32:*.tar=01;31:*.tgz=01;31:*.arc=01;31:*.arj=01;31:*.taz=01;31:*.lha=01;31:*.lz4=01;31:*.lzh=01;31:*.lzma=01;31:*.tlz=01;31:*.txz=01;31:*.tzo=01;31:*.t7z=01;31:*.zip=01;31:*.z=01;31:*.dz=01;31:*.gz=01;31:*.lrz=01;31:*.lz=01;31:*.lzo=01;31:*.xz=01;31:*.zst=01;31:*.tzst=01;31:*.bz2=01;31:*.bz=01;31:*.tbz=01;31:*.tbz2=01;31:*.tz=01;31:*.deb=01;31:*.rpm=01;31:*.jar=01;31:*.war=01;31:*.ear=01;31:*.sar=01;31:*.rar=01;31:*.alz=01;31:*.ace=01;31:*.zoo=01;31:*.cpio=01;31:*.7z=01;31:*.rz=01;31:*.cab=01;31:*.wim=01;31:*.swm=01;31:*.dwm=01;31:*.esd=01;31:*.jpg=01;35:*.jpeg=01;35:*.mjpg=01;35:*.mjpeg=01;35:*.gif=01;35:*.bmp=01;35:*.pbm=01;35:*.pgm=01;35:*.ppm=01;35:*.tga=01;35:*.xbm=01;35:*.xpm=01;35:*.tif=01;35:*.tiff=01;35:*.png=01;35:*.svg=01;35:*.svgz=01;35:*.mng=01;35:*.pcx=01;35:*.mov=01;35:*.mpg=01;35:*.mpeg=01;35:*.m2v=01;35:*.mkv=01;35:*.webm=01;35:*.webp=01;35:*.ogm=01;35:*.mp4=01;35:*.m4v=01;35:*.mp4v=01;35:*.vob=01;35:*.qt=01;35:*.nuv=01;35:*.wmv=01;35:*.asf=01;35:*.rm=01;35:*.rmvb=01;35:*.flc=01;35:*.avi=01;35:*.fli=01;35:*.flv=01;35:*.gl=01;35:*.dl=01;35:*.xcf=01;35:*.xwd=01;35:*.yuv=01;35:*.cgm=01;35:*.emf=01;35:*.ogv=01;35:*.ogx=01;35:*.aac=00;36:*.au=00;36:*.flac=00;36:*.m4a=00;36:*.mid=00;36:*.midi=00;36:*.mka=00;36:*.mp3=00;36:*.mpc=00;36:*.ogg=00;36:*.ra=00;36:*.wav=00;36:*.oga=00;36:*.opus=00;36:*.spx=00;36:*.xspf=00;36:'), ('GNOME_TERMINAL_SERVICE', ':1.185'), ('SSH_AGENT_LAUNCHER', 'gnome-keyring'), ('SSH_AUTH_SOCK', '/run/user/1000/keyring/ssh'), ('AMENT_PREFIX_PATH', '/home/raghav/crazyflie_mapping_demo/ros2_ws/install/crazyflie_interfaces:/opt/ros/humble'), ('SHELL', '/bin/bash'), ('QT_ACCESSIBILITY', '1'), ('GDMSESSION', 'ubuntu'), ('LESSCLOSE', '/usr/bin/lesspipe %s %s'), ('GPG_AGENT_INFO', '/run/user/1000/gnupg/S.gpg-agent:0:1'), ('QT_IM_MODULE', 'ibus'), ('PWD', '/home/raghav/crazyflie_mapping_demo/ros2_ws/build/crazyflie'), ('LC_ALL', 'en_US.UTF-8'), ('XDG_CONFIG_DIRS', '/etc/xdg/xdg-ubuntu:/etc/xdg'), ('XDG_DATA_DIRS', '/usr/share/ubuntu:/usr/share/gnome:/usr/local/share/:/usr/share/:/var/lib/snapd/desktop'), ('PYTHONPATH', '/home/raghav/crazyflie_mapping_demo/ros2_ws/install/crazyflie_interfaces/local/lib/python3.10/dist-packages:/opt/ros/humble/lib/python3.10/site-packages:/opt/ros/humble/local/lib/python3.10/dist-packages'), ('COLCON', '1'), ('VTE_VERSION', '6800'), ('CMAKE_PREFIX_PATH', '/home/raghav/crazyflie_mapping_demo/ros2_ws/install/crazyflie_interfaces:/opt/ros/humble')]), 'shell': False}
[2.093565] (crazyflie) StdoutLine: {'line': b'-- Install configuration: ""\n'}
[2.093805] (crazyflie) StdoutLine: {'line': b'-- Up-to-date: /home/raghav/crazyflie_mapping_demo/ros2_ws/install/crazyflie/lib/crazyflie/comCheck\n'}
[2.093972] (crazyflie) StdoutLine: {'line': b'-- Up-to-date: /home/raghav/crazyflie_mapping_demo/ros2_ws/install/crazyflie/lib/crazyflie/scan\n'}
[2.094064] (crazyflie) StdoutLine: {'line': b'-- Up-to-date: /home/raghav/crazyflie_mapping_demo/ros2_ws/install/crazyflie/lib/crazyflie/listParams\n'}
[2.094140] (crazyflie) StdoutLine: {'line': b'-- Up-to-date: /home/raghav/crazyflie_mapping_demo/ros2_ws/install/crazyflie/lib/crazyflie/listLogVariables\n'}
[2.094221] (crazyflie) StdoutLine: {'line': b'-- Up-to-date: /home/raghav/crazyflie_mapping_demo/ros2_ws/install/crazyflie/lib/crazyflie/listMemories\n'}
[2.094286] (crazyflie) StdoutLine: {'line': b'-- Up-to-date: /home/raghav/crazyflie_mapping_demo/ros2_ws/install/crazyflie/lib/crazyflie/reboot\n'}
[2.094382] (crazyflie) StdoutLine: {'line': b'-- Up-to-date: /home/raghav/crazyflie_mapping_demo/ros2_ws/install/crazyflie/lib/crazyflie/battery\n'}
[2.094461] (crazyflie) StdoutLine: {'line': b'-- Up-to-date: /home/raghav/crazyflie_mapping_demo/ros2_ws/install/crazyflie/lib/crazyflie/version\n'}
[2.094527] (crazyflie) StdoutLine: {'line': b'-- Up-to-date: /home/raghav/crazyflie_mapping_demo/ros2_ws/install/crazyflie/lib/crazyflie/console\n'}
[2.094630] (crazyflie) StdoutLine: {'line': b'-- Up-to-date: /home/raghav/crazyflie_mapping_demo/ros2_ws/install/crazyflie/lib/crazyflie/log\n'}
[2.094719] (crazyflie) StdoutLine: {'line': b'-- Up-to-date: /home/raghav/crazyflie_mapping_demo/ros2_ws/install/crazyflie/lib/crazyflie/setParam\n'}
[2.094806] (crazyflie) StdoutLine: {'line': b'-- Up-to-date: /home/raghav/crazyflie_mapping_demo/ros2_ws/install/crazyflie/lib/crazyflie/downloadUSDLogfile\n'}
[2.094911] (crazyflie) StdoutLine: {'line': b'-- Up-to-date: /home/raghav/crazyflie_mapping_demo/ros2_ws/install/crazyflie/lib/crazyflie/teleop\n'}
[2.095102] (crazyflie) StdoutLine: {'line': b'-- Up-to-date: /home/raghav/crazyflie_mapping_demo/ros2_ws/install/crazyflie/lib/crazyflie/crazyflie_server\n'}
[2.095224] (crazyflie) StdoutLine: {'line': b'-- Up-to-date: /home/raghav/crazyflie_mapping_demo/ros2_ws/install/crazyflie/lib/crazyflie/crazyflie_server.py\n'}
[2.095300] (crazyflie) StdoutLine: {'line': b'-- Up-to-date: /home/raghav/crazyflie_mapping_demo/ros2_ws/install/crazyflie/lib/crazyflie/chooser.py\n'}
[2.095423] (crazyflie) StdoutLine: {'line': b'-- Up-to-date: /home/raghav/crazyflie_mapping_demo/ros2_ws/install/crazyflie/lib/crazyflie/vel_mux.py\n'}
[2.095479] (crazyflie) StdoutLine: {'line': b'-- Up-to-date: /home/raghav/crazyflie_mapping_demo/ros2_ws/install/crazyflie/lib/crazyflie/cfmult.py\n'}
[2.095556] (crazyflie) StdoutLine: {'line': b'-- Up-to-date: /home/raghav/crazyflie_mapping_demo/ros2_ws/install/crazyflie/lib/crazyflie/simple_mapper_multiranger.py\n'}
[2.095636] (crazyflie) StdoutLine: {'line': b'-- Up-to-date: /home/raghav/crazyflie_mapping_demo/ros2_ws/install/crazyflie/lib/crazyflie/aideck_streamer.py\n'}
[2.095721] (crazyflie) StdoutLine: {'line': b'-- Up-to-date: /home/raghav/crazyflie_mapping_demo/ros2_ws/install/crazyflie/lib/crazyflie/gui.py\n'}
[2.095799] (crazyflie) StdoutLine: {'line': b'-- Up-to-date: /home/raghav/crazyflie_mapping_demo/ros2_ws/install/crazyflie/lib/crazyflie/flash.py\n'}
[2.095943] (crazyflie) StdoutLine: {'line': b'-- Up-to-date: /home/raghav/crazyflie_mapping_demo/ros2_ws/install/crazyflie/share/crazyflie//launch\n'}
[2.096275] (crazyflie) StdoutLine: {'line': b'-- Up-to-date: /home/raghav/crazyflie_mapping_demo/ros2_ws/install/crazyflie/share/crazyflie//launch/launch_teleop2.py\n'}
[2.096544] (crazyflie) StdoutLine: {'line': b'-- Up-to-date: /home/raghav/crazyflie_mapping_demo/ros2_ws/install/crazyflie/share/crazyflie//launch/teleop_launch.py\n'}
[2.096858] (crazyflie) StdoutLine: {'line': b'-- Up-to-date: /home/raghav/crazyflie_mapping_demo/ros2_ws/install/crazyflie/share/crazyflie//launch/launch.py\n'}
[2.097082] (crazyflie) StdoutLine: {'line': b'-- Up-to-date: /home/raghav/crazyflie_mapping_demo/ros2_ws/install/crazyflie/share/crazyflie//config\n'}
[2.097275] (crazyflie) StdoutLine: {'line': b'-- Up-to-date: /home/raghav/crazyflie_mapping_demo/ros2_ws/install/crazyflie/share/crazyflie//config/config.rviz\n'}
[2.097515] (crazyflie) StdoutLine: {'line': b'-- Up-to-date: /home/raghav/crazyflie_mapping_demo/ros2_ws/install/crazyflie/share/crazyflie//config/crazyflies.yaml\n'}
[2.097758] (crazyflie) StdoutLine: {'line': b'-- Up-to-date: /home/raghav/crazyflie_mapping_demo/ros2_ws/install/crazyflie/share/crazyflie//config/aideck_streamer.yaml\n'}
[2.097944] (crazyflie) StdoutLine: {'line': b'-- Up-to-date: /home/raghav/crazyflie_mapping_demo/ros2_ws/install/crazyflie/share/crazyflie//config/motion_capture.yaml\n'}
[2.098088] (crazyflie) StdoutLine: {'line': b'-- Up-to-date: /home/raghav/crazyflie_mapping_demo/ros2_ws/install/crazyflie/share/crazyflie//config/server.yaml\n'}
[2.098203] (crazyflie) StdoutLine: {'line': b'-- Up-to-date: /home/raghav/crazyflie_mapping_demo/ros2_ws/install/crazyflie/share/crazyflie//config/teleop.yaml\n'}
[2.098339] (crazyflie) StdoutLine: {'line': b'-- Up-to-date: /home/raghav/crazyflie_mapping_demo/ros2_ws/install/crazyflie/share/crazyflie//urdf\n'}
[2.098504] (crazyflie) StdoutLine: {'line': b'-- Up-to-date: /home/raghav/crazyflie_mapping_demo/ros2_ws/install/crazyflie/share/crazyflie//urdf/crazyflie_description.urdf\n'}
[2.098626] (crazyflie) StdoutLine: {'line': b'-- Up-to-date: /home/raghav/crazyflie_mapping_demo/ros2_ws/install/crazyflie/share/crazyflie//urdf/cf2_assembly_with_props.dae\n'}
[2.098745] (crazyflie) StdoutLine: {'line': b'-- Up-to-date: /home/raghav/crazyflie_mapping_demo/ros2_ws/install/crazyflie/share/crazyflie//urdf/cf2_assembly.stl\n'}
[2.098866] (crazyflie) StdoutLine: {'line': b'-- Up-to-date: /home/raghav/crazyflie_mapping_demo/ros2_ws/install/crazyflie/share/ament_index/resource_index/package_run_dependencies/crazyflie\n'}
[2.098983] (crazyflie) StdoutLine: {'line': b'-- Up-to-date: /home/raghav/crazyflie_mapping_demo/ros2_ws/install/crazyflie/share/ament_index/resource_index/parent_prefix_path/crazyflie\n'}
[2.099309] (crazyflie) StdoutLine: {'line': b'-- Up-to-date: /home/raghav/crazyflie_mapping_demo/ros2_ws/install/crazyflie/share/crazyflie/environment/ament_prefix_path.sh\n'}
[2.099699] (crazyflie) StdoutLine: {'line': b'-- Up-to-date: /home/raghav/crazyflie_mapping_demo/ros2_ws/install/crazyflie/share/crazyflie/environment/ament_prefix_path.dsv\n'}
[2.100452] (crazyflie) StdoutLine: {'line': b'-- Up-to-date: /home/raghav/crazyflie_mapping_demo/ros2_ws/install/crazyflie/share/crazyflie/environment/path.sh\n'}
[2.101100] (crazyflie) StdoutLine: {'line': b'-- Up-to-date: /home/raghav/crazyflie_mapping_demo/ros2_ws/install/crazyflie/share/crazyflie/environment/path.dsv\n'}
[2.101887] (crazyflie) StdoutLine: {'line': b'-- Up-to-date: /home/raghav/crazyflie_mapping_demo/ros2_ws/install/crazyflie/share/crazyflie/local_setup.bash\n'}
[2.102215] (crazyflie) StdoutLine: {'line': b'-- Up-to-date: /home/raghav/crazyflie_mapping_demo/ros2_ws/install/crazyflie/share/crazyflie/local_setup.sh\n'}
[2.102300] (crazyflie) StdoutLine: {'line': b'-- Up-to-date: /home/raghav/crazyflie_mapping_demo/ros2_ws/install/crazyflie/share/crazyflie/local_setup.zsh\n'}
[2.102364] (crazyflie) StdoutLine: {'line': b'-- Up-to-date: /home/raghav/crazyflie_mapping_demo/ros2_ws/install/crazyflie/share/crazyflie/local_setup.dsv\n'}
[2.102437] (crazyflie) StdoutLine: {'line': b'-- Installing: /home/raghav/crazyflie_mapping_demo/ros2_ws/install/crazyflie/share/crazyflie/package.dsv\n'}
[2.102505] (crazyflie) StdoutLine: {'line': b'-- Up-to-date: /home/raghav/crazyflie_mapping_demo/ros2_ws/install/crazyflie/share/ament_index/resource_index/packages/crazyflie\n'}
[2.102579] (crazyflie) StdoutLine: {'line': b'-- Up-to-date: /home/raghav/crazyflie_mapping_demo/ros2_ws/install/crazyflie/share/crazyflie/cmake/crazyflieConfig.cmake\n'}
[2.102647] (crazyflie) StdoutLine: {'line': b'-- Up-to-date: /home/raghav/crazyflie_mapping_demo/ros2_ws/install/crazyflie/share/crazyflie/cmake/crazyflieConfig-version.cmake\n'}
[2.102698] (crazyflie) StdoutLine: {'line': b'-- Up-to-date: /home/raghav/crazyflie_mapping_demo/ros2_ws/install/crazyflie/share/crazyflie/package.xml\n'}
[2.102739] (crazyflie) CommandEnded: {'returncode': 0}
[2.110945] (-) TimerEvent: {}
[2.119695] (crazyflie) JobEnded: {'identifier': 'crazyflie', 'rc': 0}
[2.186597] (crazyflie_ros2_multiranger_simple_mapper) StdoutLine: {'line': b'running egg_info\n'}
[2.187631] (crazyflie_ros2_multiranger_simple_mapper) StdoutLine: {'line': b'writing ../../../build/crazyflie_ros2_multiranger_simple_mapper/crazyflie_ros2_multiranger_simple_mapper.egg-info/PKG-INFO\n'}
[2.187876] (crazyflie_ros2_multiranger_simple_mapper) StdoutLine: {'line': b'writing dependency_links to ../../../build/crazyflie_ros2_multiranger_simple_mapper/crazyflie_ros2_multiranger_simple_mapper.egg-info/dependency_links.txt\n'}
[2.188016] (crazyflie_ros2_multiranger_simple_mapper) StdoutLine: {'line': b'writing entry points to ../../../build/crazyflie_ros2_multiranger_simple_mapper/crazyflie_ros2_multiranger_simple_mapper.egg-info/entry_points.txt\n'}
[2.188116] (crazyflie_ros2_multiranger_simple_mapper) StdoutLine: {'line': b'writing requirements to ../../../build/crazyflie_ros2_multiranger_simple_mapper/crazyflie_ros2_multiranger_simple_mapper.egg-info/requires.txt\n'}
[2.188309] (crazyflie_ros2_multiranger_simple_mapper) StdoutLine: {'line': b'writing top-level names to ../../../build/crazyflie_ros2_multiranger_simple_mapper/crazyflie_ros2_multiranger_simple_mapper.egg-info/top_level.txt\n'}
[2.189711] (crazyflie_ros2_multiranger_simple_mapper) StdoutLine: {'line': b"reading manifest file '../../../build/crazyflie_ros2_multiranger_simple_mapper/crazyflie_ros2_multiranger_simple_mapper.egg-info/SOURCES.txt'\n"}
[2.190492] (crazyflie_ros2_multiranger_simple_mapper) StdoutLine: {'line': b"writing manifest file '../../../build/crazyflie_ros2_multiranger_simple_mapper/crazyflie_ros2_multiranger_simple_mapper.egg-info/SOURCES.txt'\n"}
[2.190641] (crazyflie_ros2_multiranger_simple_mapper) StdoutLine: {'line': b'running build\n'}
[2.190695] (crazyflie_ros2_multiranger_simple_mapper) StdoutLine: {'line': b'running build_py\n'}
[2.190913] (crazyflie_ros2_multiranger_simple_mapper) StdoutLine: {'line': b'running install\n'}
[2.191457] (crazyflie_ros2_multiranger_simple_mapper) StdoutLine: {'line': b'running install_lib\n'}
[2.193965] (crazyflie_ros2_multiranger_simple_mapper) StdoutLine: {'line': b'running install_data\n'}
[2.194241] (crazyflie_ros2_multiranger_simple_mapper) StdoutLine: {'line': b'running install_egg_info\n'}
[2.196425] (crazyflie_ros2_multiranger_simple_mapper) StdoutLine: {'line': b"removing '/home/raghav/crazyflie_mapping_demo/ros2_ws/install/crazyflie_ros2_multiranger_simple_mapper/lib/python3.10/site-packages/crazyflie_ros2_multiranger_simple_mapper-0.0.0-py3.10.egg-info' (and everything under it)\n"}
[2.196754] (crazyflie_ros2_multiranger_simple_mapper) StdoutLine: {'line': b'Copying ../../../build/crazyflie_ros2_multiranger_simple_mapper/crazyflie_ros2_multiranger_simple_mapper.egg-info to /home/raghav/crazyflie_mapping_demo/ros2_ws/install/crazyflie_ros2_multiranger_simple_mapper/lib/python3.10/site-packages/crazyflie_ros2_multiranger_simple_mapper-0.0.0-py3.10.egg-info\n'}
[2.197393] (crazyflie_ros2_multiranger_simple_mapper) StdoutLine: {'line': b'running install_scripts\n'}
[2.211200] (-) TimerEvent: {}
[2.224257] (crazyflie_ros2_multiranger_simple_mapper) StdoutLine: {'line': b'Installing simple_mapper_multiranger script to /home/raghav/crazyflie_mapping_demo/ros2_ws/install/crazyflie_ros2_multiranger_simple_mapper/lib/crazyflie_ros2_multiranger_simple_mapper\n'}
[2.224661] (crazyflie_ros2_multiranger_simple_mapper) StdoutLine: {'line': b"writing list of installed files to '/home/raghav/crazyflie_mapping_demo/ros2_ws/build/crazyflie_ros2_multiranger_simple_mapper/install.log'\n"}
[2.263437] (crazyflie_ros2_multiranger_wall_following) StdoutLine: {'line': b'running egg_info\n'}
[2.265710] (ros_gz_crazyflie_control) StdoutLine: {'line': b'running egg_info\n'}
[2.266017] (crazyflie_ros2_multiranger_wall_following) StdoutLine: {'line': b'writing ../../../build/crazyflie_ros2_multiranger_wall_following/crazyflie_ros2_multiranger_wall_following.egg-info/PKG-INFO\n'}
[2.266403] (crazyflie_ros2_multiranger_wall_following) StdoutLine: {'line': b'writing dependency_links to ../../../build/crazyflie_ros2_multiranger_wall_following/crazyflie_ros2_multiranger_wall_following.egg-info/dependency_links.txt\n'}
[2.266689] (crazyflie_ros2_multiranger_wall_following) StdoutLine: {'line': b'writing entry points to ../../../build/crazyflie_ros2_multiranger_wall_following/crazyflie_ros2_multiranger_wall_following.egg-info/entry_points.txt\n'}
[2.266874] (crazyflie_ros2_multiranger_wall_following) StdoutLine: {'line': b'writing requirements to ../../../build/crazyflie_ros2_multiranger_wall_following/crazyflie_ros2_multiranger_wall_following.egg-info/requires.txt\n'}
[2.266966] (ros_gz_crazyflie_control) StdoutLine: {'line': b'writing ../../../build/ros_gz_crazyflie_control/ros_gz_crazyflie_control.egg-info/PKG-INFO\n'}
[2.267046] (crazyflie_ros2_multiranger_wall_following) StdoutLine: {'line': b'writing top-level names to ../../../build/crazyflie_ros2_multiranger_wall_following/crazyflie_ros2_multiranger_wall_following.egg-info/top_level.txt\n'}
[2.267238] (ros_gz_crazyflie_control) StdoutLine: {'line': b'writing dependency_links to ../../../build/ros_gz_crazyflie_control/ros_gz_crazyflie_control.egg-info/dependency_links.txt\n'}
[2.267400] (ros_gz_crazyflie_control) StdoutLine: {'line': b'writing entry points to ../../../build/ros_gz_crazyflie_control/ros_gz_crazyflie_control.egg-info/entry_points.txt\n'}
[2.267508] (ros_gz_crazyflie_control) StdoutLine: {'line': b'writing requirements to ../../../build/ros_gz_crazyflie_control/ros_gz_crazyflie_control.egg-info/requires.txt\n'}
[2.267625] (ros_gz_crazyflie_control) StdoutLine: {'line': b'writing top-level names to ../../../build/ros_gz_crazyflie_control/ros_gz_crazyflie_control.egg-info/top_level.txt\n'}
[2.270046] (ros_gz_crazyflie_control) StdoutLine: {'line': b"reading manifest file '../../../build/ros_gz_crazyflie_control/ros_gz_crazyflie_control.egg-info/SOURCES.txt'\n"}
[2.270526] (crazyflie_ros2_multiranger_wall_following) StdoutLine: {'line': b"reading manifest file '../../../build/crazyflie_ros2_multiranger_wall_following/crazyflie_ros2_multiranger_wall_following.egg-info/SOURCES.txt'\n"}
[2.270811] (ros_gz_crazyflie_control) StdoutLine: {'line': b"writing manifest file '../../../build/ros_gz_crazyflie_control/ros_gz_crazyflie_control.egg-info/SOURCES.txt'\n"}
[2.271105] (ros_gz_crazyflie_control) StdoutLine: {'line': b'running build\n'}
[2.271305] (ros_gz_crazyflie_control) StdoutLine: {'line': b'running build_py\n'}
[2.271425] (ros_gz_crazyflie_control) StdoutLine: {'line': b'running install\n'}
[2.271589] (ros_gz_crazyflie_control) StdoutLine: {'line': b'running install_lib\n'}
[2.271728] (crazyflie_ros2_multiranger_wall_following) StdoutLine: {'line': b"writing manifest file '../../../build/crazyflie_ros2_multiranger_wall_following/crazyflie_ros2_multiranger_wall_following.egg-info/SOURCES.txt'\n"}
[2.272043] (crazyflie_ros2_multiranger_wall_following) StdoutLine: {'line': b'running build\n'}
[2.272175] (crazyflie_ros2_multiranger_wall_following) StdoutLine: {'line': b'running build_py\n'}
[2.272568] (crazyflie_ros2_multiranger_wall_following) StdoutLine: {'line': b'running install\n'}
[2.272690] (ros_gz_crazyflie_control) StdoutLine: {'line': b'running install_data\n'}
[2.272771] (ros_gz_crazyflie_control) StdoutLine: {'line': b'running install_egg_info\n'}
[2.272958] (crazyflie_ros2_multiranger_wall_following) StdoutLine: {'line': b'running install_lib\n'}
[2.275004] (crazyflie_ros2_multiranger_simple_mapper) CommandEnded: {'returncode': 0}
[2.276142] (ros_gz_crazyflie_control) StdoutLine: {'line': b"removing '/home/raghav/crazyflie_mapping_demo/ros2_ws/install/ros_gz_crazyflie_control/lib/python3.10/site-packages/ros_gz_crazyflie_control-0.0.0-py3.10.egg-info' (and everything under it)\n"}
[2.276552] (ros_gz_crazyflie_control) StdoutLine: {'line': b'Copying ../../../build/ros_gz_crazyflie_control/ros_gz_crazyflie_control.egg-info to /home/raghav/crazyflie_mapping_demo/ros2_ws/install/ros_gz_crazyflie_control/lib/python3.10/site-packages/ros_gz_crazyflie_control-0.0.0-py3.10.egg-info\n'}
[2.276792] (crazyflie_ros2_multiranger_wall_following) StdoutLine: {'line': b'running install_data\n'}
[2.276899] (crazyflie_ros2_multiranger_wall_following) StdoutLine: {'line': b'running install_egg_info\n'}
[2.277789] (ros_gz_crazyflie_control) StdoutLine: {'line': b'running install_scripts\n'}
[2.279273] (crazyflie_ros2_multiranger_wall_following) StdoutLine: {'line': b"removing '/home/raghav/crazyflie_mapping_demo/ros2_ws/install/crazyflie_ros2_multiranger_wall_following/lib/python3.10/site-packages/crazyflie_ros2_multiranger_wall_following-0.0.0-py3.10.egg-info' (and everything under it)\n"}
[2.279813] (crazyflie_ros2_multiranger_wall_following) StdoutLine: {'line': b'Copying ../../../build/crazyflie_ros2_multiranger_wall_following/crazyflie_ros2_multiranger_wall_following.egg-info to /home/raghav/crazyflie_mapping_demo/ros2_ws/install/crazyflie_ros2_multiranger_wall_following/lib/python3.10/site-packages/crazyflie_ros2_multiranger_wall_following-0.0.0-py3.10.egg-info\n'}
[2.280148] (crazyflie_ros2_multiranger_wall_following) StdoutLine: {'line': b'running install_scripts\n'}
[2.284039] (crazyflie_ros2_multiranger_simple_mapper) JobEnded: {'identifier': 'crazyflie_ros2_multiranger_simple_mapper', 'rc': 0}
[2.303582] (ros_gz_crazyflie_control) StdoutLine: {'line': b'Installing control_services script to /home/raghav/crazyflie_mapping_demo/ros2_ws/install/ros_gz_crazyflie_control/lib/ros_gz_crazyflie_control\n'}
[2.303968] (ros_gz_crazyflie_control) StdoutLine: {'line': b"writing list of installed files to '/home/raghav/crazyflie_mapping_demo/ros2_ws/build/ros_gz_crazyflie_control/install.log'\n"}
[2.306813] (crazyflie_ros2_multiranger_wall_following) StdoutLine: {'line': b'Installing wall_following_multiranger script to /home/raghav/crazyflie_mapping_demo/ros2_ws/install/crazyflie_ros2_multiranger_wall_following/lib/crazyflie_ros2_multiranger_wall_following\n'}
[2.307966] (crazyflie_ros2_multiranger_wall_following) StdoutLine: {'line': b"writing list of installed files to '/home/raghav/crazyflie_mapping_demo/ros2_ws/build/crazyflie_ros2_multiranger_wall_following/install.log'\n"}
[2.311329] (-) TimerEvent: {}
[2.369879] (ros_gz_crazyflie_control) CommandEnded: {'returncode': 0}
[2.377363] (ros_gz_crazyflie_control) JobEnded: {'identifier': 'ros_gz_crazyflie_control', 'rc': 0}
[2.379646] (crazyflie_ros2_multiranger_wall_following) CommandEnded: {'returncode': 0}
[2.385274] (crazyflie_ros2_multiranger_wall_following) JobEnded: {'identifier': 'crazyflie_ros2_multiranger_wall_following', 'rc': 0}
[2.389941] (crazyflie_py) Command: {'cmd': ['/usr/bin/python3', '-W', 'ignore:setup.py install is deprecated', '-W', 'ignore:easy_install command is deprecated', 'setup.py', 'egg_info', '--egg-base', '../../../build/crazyflie_py', 'build', '--build-base', '/home/raghav/crazyflie_mapping_demo/ros2_ws/build/crazyflie_py/build', 'install', '--record', '/home/raghav/crazyflie_mapping_demo/ros2_ws/build/crazyflie_py/install.log', '--single-version-externally-managed', 'install_data'], 'cwd': '/home/raghav/crazyflie_mapping_demo/ros2_ws/src/crazyswarm2/crazyflie_py', 'env': {'LESSOPEN': '| /usr/bin/lesspipe %s', 'LANGUAGE': 'en_IN:en', 'USER': 'raghav', 'XDG_SESSION_TYPE': 'x11', 'SHLVL': '1', 'LD_LIBRARY_PATH': '/home/raghav/crazyflie_mapping_demo/ros2_ws/install/crazyflie_interfaces/lib:/opt/ros/humble/opt/rviz_ogre_vendor/lib:/opt/ros/humble/lib/x86_64-linux-gnu:/opt/ros/humble/lib', 'HOME': '/home/raghav', 'OLDPWD': '/home/raghav/crazyflie_mapping_demo/ros2_ws', 'DESKTOP_SESSION': 'ubuntu', 'ROS_PYTHON_VERSION': '3', 'GNOME_SHELL_SESSION_MODE': 'ubuntu', 'GTK_MODULES': 'gail:atk-bridge', 'SYSTEMD_EXEC_PID': '18598', 'DBUS_SESSION_BUS_ADDRESS': 'unix:path=/run/user/1000/bus', 'COLORTERM': 'truecolor', 'ROS_DISTRO': 'humble', 'GTK_IM_MODULE': 'ibus', 'LOGNAME': 'raghav', '_': '/usr/bin/colcon', 'ROS_VERSION': '2', 'XDG_SESSION_CLASS': 'user', 'USERNAME': 'raghav', 'TERM': 'xterm-256color', 'GNOME_DESKTOP_SESSION_ID': 'this-is-deprecated', 'ROS_LOCALHOST_ONLY': '0', 'WINDOWPATH': '2', 'PATH': '/opt/ros/humble/bin:/home/raghav/.local/bin:/usr/local/sbin:/usr/local/bin:/usr/sbin:/usr/bin:/sbin:/bin:/usr/games:/usr/local/games:/snap/bin:/snap/bin', 'SESSION_MANAGER': 'local/raghav-Victus-by-HP-Gaming-Laptop-15-fa1xxx:@/tmp/.ICE-unix/2169,unix/raghav-Victus-by-HP-Gaming-Laptop-15-fa1xxx:/tmp/.ICE-unix/2169', 'XDG_MENU_PREFIX': 'gnome-', 'GNOME_TERMINAL_SCREEN': '/org/gnome/Terminal/screen/cbba6b8d_e531_489c_acc4_c73f9d1f136e', 'XDG_RUNTIME_DIR': '/run/user/1000', 'DISPLAY': ':1', 'LANG': 'en_US.UTF-8', 'XDG_CURRENT_DESKTOP': 'ubuntu:GNOME', 'XMODIFIERS': '@im=ibus', 'XDG_SESSION_DESKTOP': 'ubuntu', 'XAUTHORITY': '/run/user/1000/gdm/Xauthority', 'LS_COLORS': 'rs=0:di=01;34:ln=01;36:mh=00:pi=40;33:so=01;35:do=01;35:bd=40;33;01:cd=40;33;01:or=40;31;01:mi=00:su=37;41:sg=30;43:ca=30;41:tw=30;42:ow=34;42:st=37;44:ex=01;32:*.tar=01;31:*.tgz=01;31:*.arc=01;31:*.arj=01;31:*.taz=01;31:*.lha=01;31:*.lz4=01;31:*.lzh=01;31:*.lzma=01;31:*.tlz=01;31:*.txz=01;31:*.tzo=01;31:*.t7z=01;31:*.zip=01;31:*.z=01;31:*.dz=01;31:*.gz=01;31:*.lrz=01;31:*.lz=01;31:*.lzo=01;31:*.xz=01;31:*.zst=01;31:*.tzst=01;31:*.bz2=01;31:*.bz=01;31:*.tbz=01;31:*.tbz2=01;31:*.tz=01;31:*.deb=01;31:*.rpm=01;31:*.jar=01;31:*.war=01;31:*.ear=01;31:*.sar=01;31:*.rar=01;31:*.alz=01;31:*.ace=01;31:*.zoo=01;31:*.cpio=01;31:*.7z=01;31:*.rz=01;31:*.cab=01;31:*.wim=01;31:*.swm=01;31:*.dwm=01;31:*.esd=01;31:*.jpg=01;35:*.jpeg=01;35:*.mjpg=01;35:*.mjpeg=01;35:*.gif=01;35:*.bmp=01;35:*.pbm=01;35:*.pgm=01;35:*.ppm=01;35:*.tga=01;35:*.xbm=01;35:*.xpm=01;35:*.tif=01;35:*.tiff=01;35:*.png=01;35:*.svg=01;35:*.svgz=01;35:*.mng=01;35:*.pcx=01;35:*.mov=01;35:*.mpg=01;35:*.mpeg=01;35:*.m2v=01;35:*.mkv=01;35:*.webm=01;35:*.webp=01;35:*.ogm=01;35:*.mp4=01;35:*.m4v=01;35:*.mp4v=01;35:*.vob=01;35:*.qt=01;35:*.nuv=01;35:*.wmv=01;35:*.asf=01;35:*.rm=01;35:*.rmvb=01;35:*.flc=01;35:*.avi=01;35:*.fli=01;35:*.flv=01;35:*.gl=01;35:*.dl=01;35:*.xcf=01;35:*.xwd=01;35:*.yuv=01;35:*.cgm=01;35:*.emf=01;35:*.ogv=01;35:*.ogx=01;35:*.aac=00;36:*.au=00;36:*.flac=00;36:*.m4a=00;36:*.mid=00;36:*.midi=00;36:*.mka=00;36:*.mp3=00;36:*.mpc=00;36:*.ogg=00;36:*.ra=00;36:*.wav=00;36:*.oga=00;36:*.opus=00;36:*.spx=00;36:*.xspf=00;36:', 'GNOME_TERMINAL_SERVICE': ':1.185', 'SSH_AGENT_LAUNCHER': 'gnome-keyring', 'SSH_AUTH_SOCK': '/run/user/1000/keyring/ssh', 'AMENT_PREFIX_PATH': '/home/raghav/crazyflie_mapping_demo/ros2_ws/install/crazyflie_interfaces:/opt/ros/humble', 'SHELL': '/bin/bash', 'QT_ACCESSIBILITY': '1', 'GDMSESSION': 'ubuntu', 'LESSCLOSE': '/usr/bin/lesspipe %s %s', 'GPG_AGENT_INFO': '/run/user/1000/gnupg/S.gpg-agent:0:1', 'QT_IM_MODULE': 'ibus', 'PWD': '/home/raghav/crazyflie_mapping_demo/ros2_ws/build/crazyflie_py', 'LC_ALL': 'en_US.UTF-8', 'XDG_CONFIG_DIRS': '/etc/xdg/xdg-ubuntu:/etc/xdg', 'XDG_DATA_DIRS': '/usr/share/ubuntu:/usr/share/gnome:/usr/local/share/:/usr/share/:/var/lib/snapd/desktop', 'PYTHONPATH': '/home/raghav/crazyflie_mapping_demo/ros2_ws/build/crazyflie_py/prefix_override:/usr/lib/python3/dist-packages/colcon_core/task/python/colcon_distutils_commands:/home/raghav/crazyflie_mapping_demo/ros2_ws/install/crazyflie_py/lib/python3.10/site-packages:/home/raghav/crazyflie_mapping_demo/ros2_ws/install/crazyflie_interfaces/local/lib/python3.10/dist-packages:/opt/ros/humble/lib/python3.10/site-packages:/opt/ros/humble/local/lib/python3.10/dist-packages', 'COLCON': '1', 'VTE_VERSION': '6800', 'CMAKE_PREFIX_PATH': '/home/raghav/crazyflie_mapping_demo/ros2_ws/install/crazyflie_interfaces'}, 'shell': False}
[2.391121] (crazyflie_sim) StdoutLine: {'line': b'running egg_info\n'}
[2.391315] (crazyflie_sim) StdoutLine: {'line': b'writing crazyflie_sim.egg-info/PKG-INFO\n'}
[2.391500] (crazyflie_sim) StdoutLine: {'line': b'writing dependency_links to crazyflie_sim.egg-info/dependency_links.txt\n'}
[2.391626] (crazyflie_sim) StdoutLine: {'line': b'writing entry points to crazyflie_sim.egg-info/entry_points.txt\n'}
[2.391738] (crazyflie_sim) StdoutLine: {'line': b'writing top-level names to crazyflie_sim.egg-info/top_level.txt\n'}
[2.391876] (crazyflie_sim) StdoutLine: {'line': b"reading manifest file 'crazyflie_sim.egg-info/SOURCES.txt'\n"}
[2.391962] (crazyflie_sim) StdoutLine: {'line': b"writing manifest file 'crazyflie_sim.egg-info/SOURCES.txt'\n"}
[2.411487] (-) TimerEvent: {}
[2.412831] (crazyflie_sim) StdoutLine: {'line': b'running install_scripts\n'}
[2.417662] (crazyflie_sim) StderrLine: {'line': b'/usr/lib/python3/dist-packages/setuptools/command/install.py:34: SetuptoolsDeprecationWarning: setup.py install is deprecated. Use build and pip and other standards-based tools.\n'}
[2.418262] (crazyflie_sim) StderrLine: {'line': b'  warnings.warn(\n'}
[2.432409] (crazyflie_sim) StdoutLine: {'line': b'Built target ament_cmake_python_build_crazyflie_sim_egg\n'}
[2.457916] (crazyflie_sim) StdoutLine: {'line': b'running egg_info\n'}
[2.459409] (crazyflie_sim) StdoutLine: {'line': b'writing crazyflie_sim.egg-info/PKG-INFO\n'}
[2.459725] (crazyflie_sim) StdoutLine: {'line': b'writing dependency_links to crazyflie_sim.egg-info/dependency_links.txt\n'}
[2.459929] (crazyflie_sim) StdoutLine: {'line': b'writing entry points to crazyflie_sim.egg-info/entry_points.txt\n'}
[2.460136] (crazyflie_sim) StdoutLine: {'line': b'writing top-level names to crazyflie_sim.egg-info/top_level.txt\n'}
[2.462177] (crazyflie_sim) StdoutLine: {'line': b"reading manifest file 'crazyflie_sim.egg-info/SOURCES.txt'\n"}
[2.462684] (crazyflie_sim) StdoutLine: {'line': b"writing manifest file 'crazyflie_sim.egg-info/SOURCES.txt'\n"}
[2.465495] (crazyflie_sim) StdoutLine: {'line': b'Installing crazyflie_server script to scripts\n'}
[2.511585] (-) TimerEvent: {}
[2.511875] (crazyflie_sim) StdoutLine: {'line': b'Built target ament_cmake_python_build_crazyflie_sim_scripts\n'}
[2.523757] (crazyflie_sim) CommandEnded: {'returncode': 0}
[2.524492] (crazyflie_sim) JobProgress: {'identifier': 'crazyflie_sim', 'progress': 'install'}
[2.524718] (crazyflie_sim) Command: {'cmd': ['/usr/bin/cmake', '--install', '/home/raghav/crazyflie_mapping_demo/ros2_ws/build/crazyflie_sim'], 'cwd': '/home/raghav/crazyflie_mapping_demo/ros2_ws/build/crazyflie_sim', 'env': OrderedDict([('LESSOPEN', '| /usr/bin/lesspipe %s'), ('LANGUAGE', 'en_IN:en'), ('USER', 'raghav'), ('XDG_SESSION_TYPE', 'x11'), ('SHLVL', '1'), ('LD_LIBRARY_PATH', '/home/raghav/crazyflie_mapping_demo/ros2_ws/install/crazyflie_interfaces/lib:/opt/ros/humble/opt/rviz_ogre_vendor/lib:/opt/ros/humble/lib/x86_64-linux-gnu:/opt/ros/humble/lib'), ('HOME', '/home/raghav'), ('OLDPWD', '/home/raghav/crazyflie_mapping_demo/ros2_ws'), ('DESKTOP_SESSION', 'ubuntu'), ('ROS_PYTHON_VERSION', '3'), ('GNOME_SHELL_SESSION_MODE', 'ubuntu'), ('GTK_MODULES', 'gail:atk-bridge'), ('SYSTEMD_EXEC_PID', '18598'), ('DBUS_SESSION_BUS_ADDRESS', 'unix:path=/run/user/1000/bus'), ('COLORTERM', 'truecolor'), ('ROS_DISTRO', 'humble'), ('GTK_IM_MODULE', 'ibus'), ('LOGNAME', 'raghav'), ('_', '/usr/bin/colcon'), ('ROS_VERSION', '2'), ('XDG_SESSION_CLASS', 'user'), ('USERNAME', 'raghav'), ('TERM', 'xterm-256color'), ('GNOME_DESKTOP_SESSION_ID', 'this-is-deprecated'), ('ROS_LOCALHOST_ONLY', '0'), ('WINDOWPATH', '2'), ('PATH', '/opt/ros/humble/bin:/home/raghav/.local/bin:/usr/local/sbin:/usr/local/bin:/usr/sbin:/usr/bin:/sbin:/bin:/usr/games:/usr/local/games:/snap/bin:/snap/bin'), ('SESSION_MANAGER', 'local/raghav-Victus-by-HP-Gaming-Laptop-15-fa1xxx:@/tmp/.ICE-unix/2169,unix/raghav-Victus-by-HP-Gaming-Laptop-15-fa1xxx:/tmp/.ICE-unix/2169'), ('XDG_MENU_PREFIX', 'gnome-'), ('GNOME_TERMINAL_SCREEN', '/org/gnome/Terminal/screen/cbba6b8d_e531_489c_acc4_c73f9d1f136e'), ('XDG_RUNTIME_DIR', '/run/user/1000'), ('DISPLAY', ':1'), ('LANG', 'en_US.UTF-8'), ('XDG_CURRENT_DESKTOP', 'ubuntu:GNOME'), ('XMODIFIERS', '@im=ibus'), ('XDG_SESSION_DESKTOP', 'ubuntu'), ('XAUTHORITY', '/run/user/1000/gdm/Xauthority'), ('LS_COLORS', 'rs=0:di=01;34:ln=01;36:mh=00:pi=40;33:so=01;35:do=01;35:bd=40;33;01:cd=40;33;01:or=40;31;01:mi=00:su=37;41:sg=30;43:ca=30;41:tw=30;42:ow=34;42:st=37;44:ex=01;32:*.tar=01;31:*.tgz=01;31:*.arc=01;31:*.arj=01;31:*.taz=01;31:*.lha=01;31:*.lz4=01;31:*.lzh=01;31:*.lzma=01;31:*.tlz=01;31:*.txz=01;31:*.tzo=01;31:*.t7z=01;31:*.zip=01;31:*.z=01;31:*.dz=01;31:*.gz=01;31:*.lrz=01;31:*.lz=01;31:*.lzo=01;31:*.xz=01;31:*.zst=01;31:*.tzst=01;31:*.bz2=01;31:*.bz=01;31:*.tbz=01;31:*.tbz2=01;31:*.tz=01;31:*.deb=01;31:*.rpm=01;31:*.jar=01;31:*.war=01;31:*.ear=01;31:*.sar=01;31:*.rar=01;31:*.alz=01;31:*.ace=01;31:*.zoo=01;31:*.cpio=01;31:*.7z=01;31:*.rz=01;31:*.cab=01;31:*.wim=01;31:*.swm=01;31:*.dwm=01;31:*.esd=01;31:*.jpg=01;35:*.jpeg=01;35:*.mjpg=01;35:*.mjpeg=01;35:*.gif=01;35:*.bmp=01;35:*.pbm=01;35:*.pgm=01;35:*.ppm=01;35:*.tga=01;35:*.xbm=01;35:*.xpm=01;35:*.tif=01;35:*.tiff=01;35:*.png=01;35:*.svg=01;35:*.svgz=01;35:*.mng=01;35:*.pcx=01;35:*.mov=01;35:*.mpg=01;35:*.mpeg=01;35:*.m2v=01;35:*.mkv=01;35:*.webm=01;35:*.webp=01;35:*.ogm=01;35:*.mp4=01;35:*.m4v=01;35:*.mp4v=01;35:*.vob=01;35:*.qt=01;35:*.nuv=01;35:*.wmv=01;35:*.asf=01;35:*.rm=01;35:*.rmvb=01;35:*.flc=01;35:*.avi=01;35:*.fli=01;35:*.flv=01;35:*.gl=01;35:*.dl=01;35:*.xcf=01;35:*.xwd=01;35:*.yuv=01;35:*.cgm=01;35:*.emf=01;35:*.ogv=01;35:*.ogx=01;35:*.aac=00;36:*.au=00;36:*.flac=00;36:*.m4a=00;36:*.mid=00;36:*.midi=00;36:*.mka=00;36:*.mp3=00;36:*.mpc=00;36:*.ogg=00;36:*.ra=00;36:*.wav=00;36:*.oga=00;36:*.opus=00;36:*.spx=00;36:*.xspf=00;36:'), ('GNOME_TERMINAL_SERVICE', ':1.185'), ('SSH_AGENT_LAUNCHER', 'gnome-keyring'), ('SSH_AUTH_SOCK', '/run/user/1000/keyring/ssh'), ('AMENT_PREFIX_PATH', '/home/raghav/crazyflie_mapping_demo/ros2_ws/install/crazyflie_interfaces:/opt/ros/humble'), ('SHELL', '/bin/bash'), ('QT_ACCESSIBILITY', '1'), ('GDMSESSION', 'ubuntu'), ('LESSCLOSE', '/usr/bin/lesspipe %s %s'), ('GPG_AGENT_INFO', '/run/user/1000/gnupg/S.gpg-agent:0:1'), ('QT_IM_MODULE', 'ibus'), ('PWD', '/home/raghav/crazyflie_mapping_demo/ros2_ws/build/crazyflie_sim'), ('LC_ALL', 'en_US.UTF-8'), ('XDG_CONFIG_DIRS', '/etc/xdg/xdg-ubuntu:/etc/xdg'), ('XDG_DATA_DIRS', '/usr/share/ubuntu:/usr/share/gnome:/usr/local/share/:/usr/share/:/var/lib/snapd/desktop'), ('PYTHONPATH', '/home/raghav/crazyflie_mapping_demo/ros2_ws/install/crazyflie_interfaces/local/lib/python3.10/dist-packages:/opt/ros/humble/lib/python3.10/site-packages:/opt/ros/humble/local/lib/python3.10/dist-packages'), ('COLCON', '1'), ('VTE_VERSION', '6800'), ('CMAKE_PREFIX_PATH', '/home/raghav/crazyflie_mapping_demo/ros2_ws/install/crazyflie_interfaces:/opt/ros/humble')]), 'shell': False}
[2.536434] (crazyflie_sim) StdoutLine: {'line': b'-- Install configuration: ""\n'}
[2.536958] (crazyflie_sim) StdoutLine: {'line': b'-- Up-to-date: /home/raghav/crazyflie_mapping_demo/ros2_ws/install/crazyflie_sim/share/crazyflie_sim/environment/pythonpath.sh\n'}
[2.537181] (crazyflie_sim) StdoutLine: {'line': b'-- Up-to-date: /home/raghav/crazyflie_mapping_demo/ros2_ws/install/crazyflie_sim/share/crazyflie_sim/environment/pythonpath.dsv\n'}
[2.537580] (crazyflie_sim) StdoutLine: {'line': b'-- Up-to-date: /home/raghav/crazyflie_mapping_demo/ros2_ws/install/crazyflie_sim/local/lib/python3.10/dist-packages/crazyflie_sim-1.0.3-py3.10.egg-info\n'}
[2.537848] (crazyflie_sim) StdoutLine: {'line': b'-- Installing: /home/raghav/crazyflie_mapping_demo/ros2_ws/install/crazyflie_sim/local/lib/python3.10/dist-packages/crazyflie_sim-1.0.3-py3.10.egg-info/top_level.txt\n'}
[2.538012] (crazyflie_sim) StdoutLine: {'line': b'-- Installing: /home/raghav/crazyflie_mapping_demo/ros2_ws/install/crazyflie_sim/local/lib/python3.10/dist-packages/crazyflie_sim-1.0.3-py3.10.egg-info/SOURCES.txt\n'}
[2.538172] (crazyflie_sim) StdoutLine: {'line': b'-- Installing: /home/raghav/crazyflie_mapping_demo/ros2_ws/install/crazyflie_sim/local/lib/python3.10/dist-packages/crazyflie_sim-1.0.3-py3.10.egg-info/PKG-INFO\n'}
[2.538236] (crazyflie_sim) StdoutLine: {'line': b'-- Installing: /home/raghav/crazyflie_mapping_demo/ros2_ws/install/crazyflie_sim/local/lib/python3.10/dist-packages/crazyflie_sim-1.0.3-py3.10.egg-info/entry_points.txt\n'}
[2.538296] (crazyflie_sim) StdoutLine: {'line': b'-- Installing: /home/raghav/crazyflie_mapping_demo/ros2_ws/install/crazyflie_sim/local/lib/python3.10/dist-packages/crazyflie_sim-1.0.3-py3.10.egg-info/dependency_links.txt\n'}
[2.538346] (crazyflie_sim) StdoutLine: {'line': b'-- Up-to-date: /home/raghav/crazyflie_mapping_demo/ros2_ws/install/crazyflie_sim/lib/crazyflie_sim/\n'}
[2.538384] (crazyflie_sim) StdoutLine: {'line': b'-- Installing: /home/raghav/crazyflie_mapping_demo/ros2_ws/install/crazyflie_sim/lib/crazyflie_sim//crazyflie_server\n'}
[2.538418] (crazyflie_sim) StdoutLine: {'line': b'-- Up-to-date: /home/raghav/crazyflie_mapping_demo/ros2_ws/install/crazyflie_sim/local/lib/python3.10/dist-packages/crazyflie_sim\n'}
[2.538452] (crazyflie_sim) StdoutLine: {'line': b'-- Up-to-date: /home/raghav/crazyflie_mapping_demo/ros2_ws/install/crazyflie_sim/local/lib/python3.10/dist-packages/crazyflie_sim/crazyflie_server.py\n'}
[2.538486] (crazyflie_sim) StdoutLine: {'line': b'-- Up-to-date: /home/raghav/crazyflie_mapping_demo/ros2_ws/install/crazyflie_sim/local/lib/python3.10/dist-packages/crazyflie_sim/__init__.py\n'}
[2.538518] (crazyflie_sim) StdoutLine: {'line': b'-- Up-to-date: /home/raghav/crazyflie_mapping_demo/ros2_ws/install/crazyflie_sim/local/lib/python3.10/dist-packages/crazyflie_sim/crazyflie_sil.py\n'}
[2.538551] (crazyflie_sim) StdoutLine: {'line': b'-- Up-to-date: /home/raghav/crazyflie_mapping_demo/ros2_ws/install/crazyflie_sim/local/lib/python3.10/dist-packages/crazyflie_sim/backend\n'}
[2.538582] (crazyflie_sim) StdoutLine: {'line': b'-- Up-to-date: /home/raghav/crazyflie_mapping_demo/ros2_ws/install/crazyflie_sim/local/lib/python3.10/dist-packages/crazyflie_sim/backend/np.py\n'}
[2.538614] (crazyflie_sim) StdoutLine: {'line': b'-- Up-to-date: /home/raghav/crazyflie_mapping_demo/ros2_ws/install/crazyflie_sim/local/lib/python3.10/dist-packages/crazyflie_sim/backend/none.py\n'}
[2.538645] (crazyflie_sim) StdoutLine: {'line': b'-- Up-to-date: /home/raghav/crazyflie_mapping_demo/ros2_ws/install/crazyflie_sim/local/lib/python3.10/dist-packages/crazyflie_sim/backend/pinocchio.py\n'}
[2.538675] (crazyflie_sim) StdoutLine: {'line': b'-- Up-to-date: /home/raghav/crazyflie_mapping_demo/ros2_ws/install/crazyflie_sim/local/lib/python3.10/dist-packages/crazyflie_sim/backend/neuralswarm.py\n'}
[2.538708] (crazyflie_sim) StdoutLine: {'line': b'-- Up-to-date: /home/raghav/crazyflie_mapping_demo/ros2_ws/install/crazyflie_sim/local/lib/python3.10/dist-packages/crazyflie_sim/backend/dynobench.py\n'}
[2.538745] (crazyflie_sim) StdoutLine: {'line': b'-- Up-to-date: /home/raghav/crazyflie_mapping_demo/ros2_ws/install/crazyflie_sim/local/lib/python3.10/dist-packages/crazyflie_sim/backend/data\n'}
[2.538780] (crazyflie_sim) StdoutLine: {'line': b'-- Up-to-date: /home/raghav/crazyflie_mapping_demo/ros2_ws/install/crazyflie_sim/local/lib/python3.10/dist-packages/crazyflie_sim/backend/data/neuralswarm2\n'}
[2.538811] (crazyflie_sim) StdoutLine: {'line': b'-- Up-to-date: /home/raghav/crazyflie_mapping_demo/ros2_ws/install/crazyflie_sim/local/lib/python3.10/dist-packages/crazyflie_sim/backend/data/neuralswarm2/phi_S.pth\n'}
[2.538841] (crazyflie_sim) StdoutLine: {'line': b'-- Up-to-date: /home/raghav/crazyflie_mapping_demo/ros2_ws/install/crazyflie_sim/local/lib/python3.10/dist-packages/crazyflie_sim/backend/data/neuralswarm2/rho_S.pth\n'}
[2.538870] (crazyflie_sim) StdoutLine: {'line': b'-- Up-to-date: /home/raghav/crazyflie_mapping_demo/ros2_ws/install/crazyflie_sim/local/lib/python3.10/dist-packages/crazyflie_sim/backend/data/neuralswarm2/phi_L.pth\n'}
[2.538900] (crazyflie_sim) StdoutLine: {'line': b'-- Up-to-date: /home/raghav/crazyflie_mapping_demo/ros2_ws/install/crazyflie_sim/local/lib/python3.10/dist-packages/crazyflie_sim/backend/data/neuralswarm2/rho_L.pth\n'}
[2.538931] (crazyflie_sim) StdoutLine: {'line': b'-- Up-to-date: /home/raghav/crazyflie_mapping_demo/ros2_ws/install/crazyflie_sim/local/lib/python3.10/dist-packages/crazyflie_sim/backend/data/neuralswarm2/phi_G.pth\n'}
[2.538964] (crazyflie_sim) StdoutLine: {'line': b'-- Up-to-date: /home/raghav/crazyflie_mapping_demo/ros2_ws/install/crazyflie_sim/local/lib/python3.10/dist-packages/crazyflie_sim/backend/data/dynobench\n'}
[2.538997] (crazyflie_sim) StdoutLine: {'line': b'-- Up-to-date: /home/raghav/crazyflie_mapping_demo/ros2_ws/install/crazyflie_sim/local/lib/python3.10/dist-packages/crazyflie_sim/backend/data/dynobench/crazyflie2.yaml\n'}
[2.539028] (crazyflie_sim) StdoutLine: {'line': b'-- Up-to-date: /home/raghav/crazyflie_mapping_demo/ros2_ws/install/crazyflie_sim/local/lib/python3.10/dist-packages/crazyflie_sim/backend/data/pinocchio\n'}
[2.539063] (crazyflie_sim) StdoutLine: {'line': b'-- Up-to-date: /home/raghav/crazyflie_mapping_demo/ros2_ws/install/crazyflie_sim/local/lib/python3.10/dist-packages/crazyflie_sim/backend/data/pinocchio/crazyflie2.urdf\n'}
[2.539094] (crazyflie_sim) StdoutLine: {'line': b'-- Up-to-date: /home/raghav/crazyflie_mapping_demo/ros2_ws/install/crazyflie_sim/local/lib/python3.10/dist-packages/crazyflie_sim/visualization\n'}
[2.539126] (crazyflie_sim) StdoutLine: {'line': b'-- Up-to-date: /home/raghav/crazyflie_mapping_demo/ros2_ws/install/crazyflie_sim/local/lib/python3.10/dist-packages/crazyflie_sim/visualization/record_states.py\n'}
[2.539163] (crazyflie_sim) StdoutLine: {'line': b'-- Up-to-date: /home/raghav/crazyflie_mapping_demo/ros2_ws/install/crazyflie_sim/local/lib/python3.10/dist-packages/crazyflie_sim/visualization/rviz.py\n'}
[2.539200] (crazyflie_sim) StdoutLine: {'line': b'-- Up-to-date: /home/raghav/crazyflie_mapping_demo/ros2_ws/install/crazyflie_sim/local/lib/python3.10/dist-packages/crazyflie_sim/visualization/blender.py\n'}
[2.539234] (crazyflie_sim) StdoutLine: {'line': b'-- Up-to-date: /home/raghav/crazyflie_mapping_demo/ros2_ws/install/crazyflie_sim/local/lib/python3.10/dist-packages/crazyflie_sim/visualization/pdf.py\n'}
[2.539280] (crazyflie_sim) StdoutLine: {'line': b'-- Up-to-date: /home/raghav/crazyflie_mapping_demo/ros2_ws/install/crazyflie_sim/local/lib/python3.10/dist-packages/crazyflie_sim/visualization/data\n'}
[2.539322] (crazyflie_sim) StdoutLine: {'line': b'-- Up-to-date: /home/raghav/crazyflie_mapping_demo/ros2_ws/install/crazyflie_sim/local/lib/python3.10/dist-packages/crazyflie_sim/visualization/data/env\n'}
[2.539355] (crazyflie_sim) StdoutLine: {'line': b'-- Up-to-date: /home/raghav/crazyflie_mapping_demo/ros2_ws/install/crazyflie_sim/local/lib/python3.10/dist-packages/crazyflie_sim/visualization/data/env/machine_shop.jpg\n'}
[2.539389] (crazyflie_sim) StdoutLine: {'line': b'-- Up-to-date: /home/raghav/crazyflie_mapping_demo/ros2_ws/install/crazyflie_sim/local/lib/python3.10/dist-packages/crazyflie_sim/visualization/data/env/lago_disola.jpg\n'}
[2.539422] (crazyflie_sim) StdoutLine: {'line': b'-- Up-to-date: /home/raghav/crazyflie_mapping_demo/ros2_ws/install/crazyflie_sim/local/lib/python3.10/dist-packages/crazyflie_sim/visualization/data/env/lake_pier.jpg\n'}
[2.539454] (crazyflie_sim) StdoutLine: {'line': b'-- Up-to-date: /home/raghav/crazyflie_mapping_demo/ros2_ws/install/crazyflie_sim/local/lib/python3.10/dist-packages/crazyflie_sim/visualization/data/env/derelict_overpass.jpg\n'}
[2.539487] (crazyflie_sim) StdoutLine: {'line': b'-- Up-to-date: /home/raghav/crazyflie_mapping_demo/ros2_ws/install/crazyflie_sim/local/lib/python3.10/dist-packages/crazyflie_sim/visualization/data/env/aerodynamics_workshop.jpg\n'}
[2.539521] (crazyflie_sim) StdoutLine: {'line': b'-- Up-to-date: /home/raghav/crazyflie_mapping_demo/ros2_ws/install/crazyflie_sim/local/lib/python3.10/dist-packages/crazyflie_sim/visualization/data/env/crosswalk.jpg\n'}
[2.539559] (crazyflie_sim) StdoutLine: {'line': b'-- Up-to-date: /home/raghav/crazyflie_mapping_demo/ros2_ws/install/crazyflie_sim/local/lib/python3.10/dist-packages/crazyflie_sim/visualization/data/env/abandoned_greenhouse.jpg\n'}
[2.539602] (crazyflie_sim) StdoutLine: {'line': b'-- Up-to-date: /home/raghav/crazyflie_mapping_demo/ros2_ws/install/crazyflie_sim/local/lib/python3.10/dist-packages/crazyflie_sim/visualization/data/env/env.jpg\n'}
[2.539638] (crazyflie_sim) StdoutLine: {'line': b'-- Up-to-date: /home/raghav/crazyflie_mapping_demo/ros2_ws/install/crazyflie_sim/local/lib/python3.10/dist-packages/crazyflie_sim/visualization/data/env/aviation_museum.jpg\n'}
[2.539674] (crazyflie_sim) StdoutLine: {'line': b'-- Up-to-date: /home/raghav/crazyflie_mapping_demo/ros2_ws/install/crazyflie_sim/local/lib/python3.10/dist-packages/crazyflie_sim/visualization/data/env/studio_garden.jpg\n'}
[2.539706] (crazyflie_sim) StdoutLine: {'line': b'-- Up-to-date: /home/raghav/crazyflie_mapping_demo/ros2_ws/install/crazyflie_sim/local/lib/python3.10/dist-packages/crazyflie_sim/visualization/data/env/museumplein.jpg\n'}
[2.539739] (crazyflie_sim) StdoutLine: {'line': b'-- Up-to-date: /home/raghav/crazyflie_mapping_demo/ros2_ws/install/crazyflie_sim/local/lib/python3.10/dist-packages/crazyflie_sim/visualization/data/env/peppermint_powerplant.jpg\n'}
[2.539775] (crazyflie_sim) StdoutLine: {'line': b'-- Up-to-date: /home/raghav/crazyflie_mapping_demo/ros2_ws/install/crazyflie_sim/local/lib/python3.10/dist-packages/crazyflie_sim/visualization/data/model\n'}
[2.539822] (crazyflie_sim) StdoutLine: {'line': b'-- Up-to-date: /home/raghav/crazyflie_mapping_demo/ros2_ws/install/crazyflie_sim/local/lib/python3.10/dist-packages/crazyflie_sim/visualization/data/model/cf.obj\n'}
[2.539869] (crazyflie_sim) StdoutLine: {'line': b'-- Up-to-date: /home/raghav/crazyflie_mapping_demo/ros2_ws/install/crazyflie_sim/local/lib/python3.10/dist-packages/crazyflie_sim/visualization/data/model/cf.mtl\n'}
[2.539916] (crazyflie_sim) StdoutLine: {'line': b'-- Up-to-date: /home/raghav/crazyflie_mapping_demo/ros2_ws/install/crazyflie_sim/local/lib/python3.10/dist-packages/crazyflie_sim/visualization/data/README.md\n'}
[2.539973] (crazyflie_sim) StdoutLine: {'line': b'-- Up-to-date: /home/raghav/crazyflie_mapping_demo/ros2_ws/install/crazyflie_sim/local/lib/python3.10/dist-packages/crazyflie_sim/visualization/README.md\n'}
[2.540007] (crazyflie_sim) StdoutLine: {'line': b'-- Up-to-date: /home/raghav/crazyflie_mapping_demo/ros2_ws/install/crazyflie_sim/local/lib/python3.10/dist-packages/crazyflie_sim/sim_data_types.py\n'}
[2.576709] (crazyflie_sim) StdoutLine: {'line': b"Listing '/home/raghav/crazyflie_mapping_demo/ros2_ws/install/crazyflie_sim/local/lib/python3.10/dist-packages/crazyflie_sim'...\n"}
[2.576887] (crazyflie_sim) StdoutLine: {'line': b"Listing '/home/raghav/crazyflie_mapping_demo/ros2_ws/install/crazyflie_sim/local/lib/python3.10/dist-packages/crazyflie_sim/backend'...\n"}
[2.576937] (crazyflie_sim) StdoutLine: {'line': b"Listing '/home/raghav/crazyflie_mapping_demo/ros2_ws/install/crazyflie_sim/local/lib/python3.10/dist-packages/crazyflie_sim/backend/data'...\n"}
[2.576988] (crazyflie_sim) StdoutLine: {'line': b"Listing '/home/raghav/crazyflie_mapping_demo/ros2_ws/install/crazyflie_sim/local/lib/python3.10/dist-packages/crazyflie_sim/backend/data/dynobench'...\n"}
[2.577036] (crazyflie_sim) StdoutLine: {'line': b"Listing '/home/raghav/crazyflie_mapping_demo/ros2_ws/install/crazyflie_sim/local/lib/python3.10/dist-packages/crazyflie_sim/backend/data/neuralswarm2'...\n"}
[2.577076] (crazyflie_sim) StdoutLine: {'line': b"Listing '/home/raghav/crazyflie_mapping_demo/ros2_ws/install/crazyflie_sim/local/lib/python3.10/dist-packages/crazyflie_sim/backend/data/pinocchio'...\n"}
[2.577110] (crazyflie_sim) StdoutLine: {'line': b"Listing '/home/raghav/crazyflie_mapping_demo/ros2_ws/install/crazyflie_sim/local/lib/python3.10/dist-packages/crazyflie_sim/visualization'...\n"}
[2.577145] (crazyflie_sim) StdoutLine: {'line': b"Listing '/home/raghav/crazyflie_mapping_demo/ros2_ws/install/crazyflie_sim/local/lib/python3.10/dist-packages/crazyflie_sim/visualization/data'...\n"}
[2.577185] (crazyflie_sim) StdoutLine: {'line': b"Listing '/home/raghav/crazyflie_mapping_demo/ros2_ws/install/crazyflie_sim/local/lib/python3.10/dist-packages/crazyflie_sim/visualization/data/env'...\n"}
[2.577248] (crazyflie_sim) StdoutLine: {'line': b"Listing '/home/raghav/crazyflie_mapping_demo/ros2_ws/install/crazyflie_sim/local/lib/python3.10/dist-packages/crazyflie_sim/visualization/data/model'...\n"}
[2.582800] (crazyflie_sim) StdoutLine: {'line': b'-- Up-to-date: /home/raghav/crazyflie_mapping_demo/ros2_ws/install/crazyflie_sim/share/ament_index/resource_index/package_run_dependencies/crazyflie_sim\n'}
[2.583443] (crazyflie_sim) StdoutLine: {'line': b'-- Up-to-date: /home/raghav/crazyflie_mapping_demo/ros2_ws/install/crazyflie_sim/share/ament_index/resource_index/parent_prefix_path/crazyflie_sim\n'}
[2.583707] (crazyflie_sim) StdoutLine: {'line': b'-- Up-to-date: /home/raghav/crazyflie_mapping_demo/ros2_ws/install/crazyflie_sim/share/crazyflie_sim/environment/ament_prefix_path.sh\n'}
[2.583838] (crazyflie_sim) StdoutLine: {'line': b'-- Up-to-date: /home/raghav/crazyflie_mapping_demo/ros2_ws/install/crazyflie_sim/share/crazyflie_sim/environment/ament_prefix_path.dsv\n'}
[2.583956] (crazyflie_sim) StdoutLine: {'line': b'-- Up-to-date: /home/raghav/crazyflie_mapping_demo/ros2_ws/install/crazyflie_sim/share/crazyflie_sim/environment/path.sh\n'}
[2.584069] (crazyflie_sim) StdoutLine: {'line': b'-- Up-to-date: /home/raghav/crazyflie_mapping_demo/ros2_ws/install/crazyflie_sim/share/crazyflie_sim/environment/path.dsv\n'}
[2.584177] (crazyflie_sim) StdoutLine: {'line': b'-- Up-to-date: /home/raghav/crazyflie_mapping_demo/ros2_ws/install/crazyflie_sim/share/crazyflie_sim/local_setup.bash\n'}
[2.584308] (crazyflie_sim) StdoutLine: {'line': b'-- Up-to-date: /home/raghav/crazyflie_mapping_demo/ros2_ws/install/crazyflie_sim/share/crazyflie_sim/local_setup.sh\n'}
[2.584441] (crazyflie_sim) StdoutLine: {'line': b'-- Up-to-date: /home/raghav/crazyflie_mapping_demo/ros2_ws/install/crazyflie_sim/share/crazyflie_sim/local_setup.zsh\n'}
[2.584552] (crazyflie_sim) StdoutLine: {'line': b'-- Up-to-date: /home/raghav/crazyflie_mapping_demo/ros2_ws/install/crazyflie_sim/share/crazyflie_sim/local_setup.dsv\n'}
[2.584657] (crazyflie_sim) StdoutLine: {'line': b'-- Installing: /home/raghav/crazyflie_mapping_demo/ros2_ws/install/crazyflie_sim/share/crazyflie_sim/package.dsv\n'}
[2.584741] (crazyflie_sim) StdoutLine: {'line': b'-- Up-to-date: /home/raghav/crazyflie_mapping_demo/ros2_ws/install/crazyflie_sim/share/ament_index/resource_index/packages/crazyflie_sim\n'}
[2.584824] (crazyflie_sim) StdoutLine: {'line': b'-- Up-to-date: /home/raghav/crazyflie_mapping_demo/ros2_ws/install/crazyflie_sim/share/crazyflie_sim/cmake/crazyflie_simConfig.cmake\n'}
[2.584908] (crazyflie_sim) StdoutLine: {'line': b'-- Up-to-date: /home/raghav/crazyflie_mapping_demo/ros2_ws/install/crazyflie_sim/share/crazyflie_sim/cmake/crazyflie_simConfig-version.cmake\n'}
[2.584997] (crazyflie_sim) StdoutLine: {'line': b'-- Up-to-date: /home/raghav/crazyflie_mapping_demo/ros2_ws/install/crazyflie_sim/share/crazyflie_sim/package.xml\n'}
[2.585781] (crazyflie_sim) CommandEnded: {'returncode': 0}
[2.600607] (crazyflie_sim) JobEnded: {'identifier': 'crazyflie_sim', 'rc': 0}
[2.611686] (-) TimerEvent: {}
[2.627841] (crazyflie_py) StdoutLine: {'line': b'running egg_info\n'}
[2.628542] (crazyflie_py) StdoutLine: {'line': b'writing ../../../build/crazyflie_py/crazyflie_py.egg-info/PKG-INFO\n'}
[2.628774] (crazyflie_py) StdoutLine: {'line': b'writing dependency_links to ../../../build/crazyflie_py/crazyflie_py.egg-info/dependency_links.txt\n'}
[2.629068] (crazyflie_py) StdoutLine: {'line': b'writing entry points to ../../../build/crazyflie_py/crazyflie_py.egg-info/entry_points.txt\n'}
[2.629265] (crazyflie_py) StdoutLine: {'line': b'writing requirements to ../../../build/crazyflie_py/crazyflie_py.egg-info/requires.txt\n'}
[2.629398] (crazyflie_py) StdoutLine: {'line': b'writing top-level names to ../../../build/crazyflie_py/crazyflie_py.egg-info/top_level.txt\n'}
[2.630985] (crazyflie_py) StdoutLine: {'line': b"reading manifest file '../../../build/crazyflie_py/crazyflie_py.egg-info/SOURCES.txt'\n"}
[2.632159] (crazyflie_py) StdoutLine: {'line': b"writing manifest file '../../../build/crazyflie_py/crazyflie_py.egg-info/SOURCES.txt'\n"}
[2.632914] (crazyflie_py) StdoutLine: {'line': b'running build\n'}
[2.633060] (crazyflie_py) StdoutLine: {'line': b'running build_py\n'}
[2.633541] (crazyflie_py) StdoutLine: {'line': b'running install\n'}
[2.634038] (crazyflie_py) StdoutLine: {'line': b'running install_lib\n'}
[2.635419] (crazyflie_py) StdoutLine: {'line': b'running install_data\n'}
[2.635588] (crazyflie_py) StdoutLine: {'line': b'running install_egg_info\n'}
[2.637548] (crazyflie_py) StdoutLine: {'line': b"removing '/home/raghav/crazyflie_mapping_demo/ros2_ws/install/crazyflie_py/lib/python3.10/site-packages/crazyflie_py-1.0.3-py3.10.egg-info' (and everything under it)\n"}
[2.637988] (crazyflie_py) StdoutLine: {'line': b'Copying ../../../build/crazyflie_py/crazyflie_py.egg-info to /home/raghav/crazyflie_mapping_demo/ros2_ws/install/crazyflie_py/lib/python3.10/site-packages/crazyflie_py-1.0.3-py3.10.egg-info\n'}
[2.638617] (crazyflie_py) StdoutLine: {'line': b'running install_scripts\n'}
[2.663174] (crazyflie_py) StdoutLine: {'line': b"writing list of installed files to '/home/raghav/crazyflie_mapping_demo/ros2_ws/build/crazyflie_py/install.log'\n"}
[2.711850] (-) TimerEvent: {}
[2.714580] (crazyflie_py) CommandEnded: {'returncode': 0}
[2.742074] (crazyflie_py) JobEnded: {'identifier': 'crazyflie_py', 'rc': 0}
[2.745735] (crazyflie_examples) JobStarted: {'identifier': 'crazyflie_examples'}
[2.761271] (crazyflie_examples) JobProgress: {'identifier': 'crazyflie_examples', 'progress': 'cmake'}
[2.762369] (crazyflie_examples) JobProgress: {'identifier': 'crazyflie_examples', 'progress': 'build'}
[2.763033] (crazyflie_examples) Command: {'cmd': ['/usr/bin/cmake', '--build', '/home/raghav/crazyflie_mapping_demo/ros2_ws/build/crazyflie_examples', '--', '-j20', '-l20'], 'cwd': '/home/raghav/crazyflie_mapping_demo/ros2_ws/build/crazyflie_examples', 'env': OrderedDict([('LESSOPEN', '| /usr/bin/lesspipe %s'), ('LANGUAGE', 'en_IN:en'), ('USER', 'raghav'), ('XDG_SESSION_TYPE', 'x11'), ('SHLVL', '1'), ('LD_LIBRARY_PATH', '/home/raghav/crazyflie_mapping_demo/ros2_ws/install/crazyflie_interfaces/lib:/opt/ros/humble/opt/rviz_ogre_vendor/lib:/opt/ros/humble/lib/x86_64-linux-gnu:/opt/ros/humble/lib'), ('HOME', '/home/raghav'), ('OLDPWD', '/home/raghav/crazyflie_mapping_demo/ros2_ws'), ('DESKTOP_SESSION', 'ubuntu'), ('ROS_PYTHON_VERSION', '3'), ('GNOME_SHELL_SESSION_MODE', 'ubuntu'), ('GTK_MODULES', 'gail:atk-bridge'), ('SYSTEMD_EXEC_PID', '18598'), ('DBUS_SESSION_BUS_ADDRESS', 'unix:path=/run/user/1000/bus'), ('COLORTERM', 'truecolor'), ('ROS_DISTRO', 'humble'), ('GTK_IM_MODULE', 'ibus'), ('LOGNAME', 'raghav'), ('_', '/usr/bin/colcon'), ('ROS_VERSION', '2'), ('XDG_SESSION_CLASS', 'user'), ('USERNAME', 'raghav'), ('TERM', 'xterm-256color'), ('GNOME_DESKTOP_SESSION_ID', 'this-is-deprecated'), ('ROS_LOCALHOST_ONLY', '0'), ('WINDOWPATH', '2'), ('PATH', '/opt/ros/humble/bin:/home/raghav/.local/bin:/usr/local/sbin:/usr/local/bin:/usr/sbin:/usr/bin:/sbin:/bin:/usr/games:/usr/local/games:/snap/bin:/snap/bin'), ('SESSION_MANAGER', 'local/raghav-Victus-by-HP-Gaming-Laptop-15-fa1xxx:@/tmp/.ICE-unix/2169,unix/raghav-Victus-by-HP-Gaming-Laptop-15-fa1xxx:/tmp/.ICE-unix/2169'), ('XDG_MENU_PREFIX', 'gnome-'), ('GNOME_TERMINAL_SCREEN', '/org/gnome/Terminal/screen/cbba6b8d_e531_489c_acc4_c73f9d1f136e'), ('XDG_RUNTIME_DIR', '/run/user/1000'), ('DISPLAY', ':1'), ('LANG', 'en_US.UTF-8'), ('XDG_CURRENT_DESKTOP', 'ubuntu:GNOME'), ('XMODIFIERS', '@im=ibus'), ('XDG_SESSION_DESKTOP', 'ubuntu'), ('XAUTHORITY', '/run/user/1000/gdm/Xauthority'), ('LS_COLORS', 'rs=0:di=01;34:ln=01;36:mh=00:pi=40;33:so=01;35:do=01;35:bd=40;33;01:cd=40;33;01:or=40;31;01:mi=00:su=37;41:sg=30;43:ca=30;41:tw=30;42:ow=34;42:st=37;44:ex=01;32:*.tar=01;31:*.tgz=01;31:*.arc=01;31:*.arj=01;31:*.taz=01;31:*.lha=01;31:*.lz4=01;31:*.lzh=01;31:*.lzma=01;31:*.tlz=01;31:*.txz=01;31:*.tzo=01;31:*.t7z=01;31:*.zip=01;31:*.z=01;31:*.dz=01;31:*.gz=01;31:*.lrz=01;31:*.lz=01;31:*.lzo=01;31:*.xz=01;31:*.zst=01;31:*.tzst=01;31:*.bz2=01;31:*.bz=01;31:*.tbz=01;31:*.tbz2=01;31:*.tz=01;31:*.deb=01;31:*.rpm=01;31:*.jar=01;31:*.war=01;31:*.ear=01;31:*.sar=01;31:*.rar=01;31:*.alz=01;31:*.ace=01;31:*.zoo=01;31:*.cpio=01;31:*.7z=01;31:*.rz=01;31:*.cab=01;31:*.wim=01;31:*.swm=01;31:*.dwm=01;31:*.esd=01;31:*.jpg=01;35:*.jpeg=01;35:*.mjpg=01;35:*.mjpeg=01;35:*.gif=01;35:*.bmp=01;35:*.pbm=01;35:*.pgm=01;35:*.ppm=01;35:*.tga=01;35:*.xbm=01;35:*.xpm=01;35:*.tif=01;35:*.tiff=01;35:*.png=01;35:*.svg=01;35:*.svgz=01;35:*.mng=01;35:*.pcx=01;35:*.mov=01;35:*.mpg=01;35:*.mpeg=01;35:*.m2v=01;35:*.mkv=01;35:*.webm=01;35:*.webp=01;35:*.ogm=01;35:*.mp4=01;35:*.m4v=01;35:*.mp4v=01;35:*.vob=01;35:*.qt=01;35:*.nuv=01;35:*.wmv=01;35:*.asf=01;35:*.rm=01;35:*.rmvb=01;35:*.flc=01;35:*.avi=01;35:*.fli=01;35:*.flv=01;35:*.gl=01;35:*.dl=01;35:*.xcf=01;35:*.xwd=01;35:*.yuv=01;35:*.cgm=01;35:*.emf=01;35:*.ogv=01;35:*.ogx=01;35:*.aac=00;36:*.au=00;36:*.flac=00;36:*.m4a=00;36:*.mid=00;36:*.midi=00;36:*.mka=00;36:*.mp3=00;36:*.mpc=00;36:*.ogg=00;36:*.ra=00;36:*.wav=00;36:*.oga=00;36:*.opus=00;36:*.spx=00;36:*.xspf=00;36:'), ('GNOME_TERMINAL_SERVICE', ':1.185'), ('SSH_AGENT_LAUNCHER', 'gnome-keyring'), ('SSH_AUTH_SOCK', '/run/user/1000/keyring/ssh'), ('AMENT_PREFIX_PATH', '/home/raghav/crazyflie_mapping_demo/ros2_ws/install/crazyflie_py:/home/raghav/crazyflie_mapping_demo/ros2_ws/install/crazyflie_interfaces:/opt/ros/humble'), ('SHELL', '/bin/bash'), ('QT_ACCESSIBILITY', '1'), ('GDMSESSION', 'ubuntu'), ('LESSCLOSE', '/usr/bin/lesspipe %s %s'), ('GPG_AGENT_INFO', '/run/user/1000/gnupg/S.gpg-agent:0:1'), ('QT_IM_MODULE', 'ibus'), ('PWD', '/home/raghav/crazyflie_mapping_demo/ros2_ws/build/crazyflie_examples'), ('LC_ALL', 'en_US.UTF-8'), ('XDG_CONFIG_DIRS', '/etc/xdg/xdg-ubuntu:/etc/xdg'), ('XDG_DATA_DIRS', '/usr/share/ubuntu:/usr/share/gnome:/usr/local/share/:/usr/share/:/var/lib/snapd/desktop'), ('PYTHONPATH', '/home/raghav/crazyflie_mapping_demo/ros2_ws/install/crazyflie_py/lib/python3.10/site-packages:/home/raghav/crazyflie_mapping_demo/ros2_ws/install/crazyflie_interfaces/local/lib/python3.10/dist-packages:/opt/ros/humble/lib/python3.10/site-packages:/opt/ros/humble/local/lib/python3.10/dist-packages'), ('COLCON', '1'), ('VTE_VERSION', '6800'), ('CMAKE_PREFIX_PATH', '/home/raghav/crazyflie_mapping_demo/ros2_ws/install/crazyflie_interfaces:/opt/ros/humble')]), 'shell': False}
[2.811984] (-) TimerEvent: {}
[2.887257] (crazyflie_examples) StdoutLine: {'line': b'Built target ament_cmake_python_copy_crazyflie_examples_setup\n'}
[2.888486] (crazyflie_examples) StdoutLine: {'line': b'Built target ament_cmake_python_copy_crazyflie_examples\n'}
[2.912105] (-) TimerEvent: {}
[3.012664] (-) TimerEvent: {}
[3.113056] (-) TimerEvent: {}
[3.141241] (crazyflie_examples) StdoutLine: {'line': b'running install_scripts\n'}
[3.144443] (crazyflie_examples) StderrLine: {'line': b'/usr/lib/python3/dist-packages/setuptools/command/install.py:34: SetuptoolsDeprecationWarning: setup.py install is deprecated. Use build and pip and other standards-based tools.\n'}
[3.144828] (crazyflie_examples) StderrLine: {'line': b'  warnings.warn(\n'}
[3.168769] (crazyflie_examples) StdoutLine: {'line': b'running egg_info\n'}
[3.169254] (crazyflie_examples) StdoutLine: {'line': b'running egg_info\n'}
[3.169747] (crazyflie_examples) StdoutLine: {'line': b'writing crazyflie_examples.egg-info/PKG-INFO\n'}
[3.169975] (crazyflie_examples) StdoutLine: {'line': b'writing dependency_links to crazyflie_examples.egg-info/dependency_links.txt\n'}
[3.170196] (crazyflie_examples) StdoutLine: {'line': b'writing crazyflie_examples.egg-info/PKG-INFO\n'}
[3.170435] (crazyflie_examples) StdoutLine: {'line': b'writing entry points to crazyflie_examples.egg-info/entry_points.txt\n'}
[3.170590] (crazyflie_examples) StdoutLine: {'line': b'writing top-level names to crazyflie_examples.egg-info/top_level.txt\n'}
[3.172402] (crazyflie_examples) StdoutLine: {'line': b"reading manifest file 'crazyflie_examples.egg-info/SOURCES.txt'\n"}
[3.173092] (crazyflie_examples) StdoutLine: {'line': b"writing manifest file 'crazyflie_examples.egg-info/SOURCES.txt'\n"}
[3.179219] (crazyflie_examples) StdoutLine: {'line': b'writing dependency_links to crazyflie_examples.egg-info/dependency_links.txt\n'}
[3.179902] (crazyflie_examples) StdoutLine: {'line': b'writing entry points to crazyflie_examples.egg-info/entry_points.txt\n'}
[3.180057] (crazyflie_examples) StdoutLine: {'line': b'writing top-level names to crazyflie_examples.egg-info/top_level.txt\n'}
[3.181922] (crazyflie_examples) StdoutLine: {'line': b"reading manifest file 'crazyflie_examples.egg-info/SOURCES.txt'\n"}
[3.182516] (crazyflie_examples) StdoutLine: {'line': b"writing manifest file 'crazyflie_examples.egg-info/SOURCES.txt'\n"}
[3.183700] (crazyflie_examples) StdoutLine: {'line': b'Installing arming script to scripts\n'}
[3.183808] (crazyflie_examples) StdoutLine: {'line': b'Installing cmd_full_state script to scripts\n'}
[3.183876] (crazyflie_examples) StdoutLine: {'line': b'Installing figure8 script to scripts\n'}
[3.183937] (crazyflie_examples) StdoutLine: {'line': b'Installing goto_unicast script to scripts\n'}
[3.184065] (crazyflie_examples) StdoutLine: {'line': b'Installing group_mask script to scripts\n'}
[3.184121] (crazyflie_examples) StdoutLine: {'line': b'Installing hello_world script to scripts\n'}
[3.184224] (crazyflie_examples) StdoutLine: {'line': b'Installing infinite_flight script to scripts\n'}
[3.184341] (crazyflie_examples) StdoutLine: {'line': b'Installing multi_trajectory script to scripts\n'}
[3.184405] (crazyflie_examples) StdoutLine: {'line': b'Installing nice_hover script to scripts\n'}
[3.184462] (crazyflie_examples) StdoutLine: {'line': b'Installing set_param script to scripts\n'}
[3.184518] (crazyflie_examples) StdoutLine: {'line': b'Installing swap script to scripts\n'}
[3.213197] (-) TimerEvent: {}
[3.221943] (crazyflie_examples) StdoutLine: {'line': b'Built target ament_cmake_python_build_crazyflie_examples_egg\n'}
[3.253695] (crazyflie_examples) StdoutLine: {'line': b'Built target ament_cmake_python_build_crazyflie_examples_scripts\n'}
[3.278857] (crazyflie_examples) CommandEnded: {'returncode': 0}
[3.280016] (crazyflie_examples) JobProgress: {'identifier': 'crazyflie_examples', 'progress': 'install'}
[3.280248] (crazyflie_examples) Command: {'cmd': ['/usr/bin/cmake', '--install', '/home/raghav/crazyflie_mapping_demo/ros2_ws/build/crazyflie_examples'], 'cwd': '/home/raghav/crazyflie_mapping_demo/ros2_ws/build/crazyflie_examples', 'env': OrderedDict([('LESSOPEN', '| /usr/bin/lesspipe %s'), ('LANGUAGE', 'en_IN:en'), ('USER', 'raghav'), ('XDG_SESSION_TYPE', 'x11'), ('SHLVL', '1'), ('LD_LIBRARY_PATH', '/home/raghav/crazyflie_mapping_demo/ros2_ws/install/crazyflie_interfaces/lib:/opt/ros/humble/opt/rviz_ogre_vendor/lib:/opt/ros/humble/lib/x86_64-linux-gnu:/opt/ros/humble/lib'), ('HOME', '/home/raghav'), ('OLDPWD', '/home/raghav/crazyflie_mapping_demo/ros2_ws'), ('DESKTOP_SESSION', 'ubuntu'), ('ROS_PYTHON_VERSION', '3'), ('GNOME_SHELL_SESSION_MODE', 'ubuntu'), ('GTK_MODULES', 'gail:atk-bridge'), ('SYSTEMD_EXEC_PID', '18598'), ('DBUS_SESSION_BUS_ADDRESS', 'unix:path=/run/user/1000/bus'), ('COLORTERM', 'truecolor'), ('ROS_DISTRO', 'humble'), ('GTK_IM_MODULE', 'ibus'), ('LOGNAME', 'raghav'), ('_', '/usr/bin/colcon'), ('ROS_VERSION', '2'), ('XDG_SESSION_CLASS', 'user'), ('USERNAME', 'raghav'), ('TERM', 'xterm-256color'), ('GNOME_DESKTOP_SESSION_ID', 'this-is-deprecated'), ('ROS_LOCALHOST_ONLY', '0'), ('WINDOWPATH', '2'), ('PATH', '/opt/ros/humble/bin:/home/raghav/.local/bin:/usr/local/sbin:/usr/local/bin:/usr/sbin:/usr/bin:/sbin:/bin:/usr/games:/usr/local/games:/snap/bin:/snap/bin'), ('SESSION_MANAGER', 'local/raghav-Victus-by-HP-Gaming-Laptop-15-fa1xxx:@/tmp/.ICE-unix/2169,unix/raghav-Victus-by-HP-Gaming-Laptop-15-fa1xxx:/tmp/.ICE-unix/2169'), ('XDG_MENU_PREFIX', 'gnome-'), ('GNOME_TERMINAL_SCREEN', '/org/gnome/Terminal/screen/cbba6b8d_e531_489c_acc4_c73f9d1f136e'), ('XDG_RUNTIME_DIR', '/run/user/1000'), ('DISPLAY', ':1'), ('LANG', 'en_US.UTF-8'), ('XDG_CURRENT_DESKTOP', 'ubuntu:GNOME'), ('XMODIFIERS', '@im=ibus'), ('XDG_SESSION_DESKTOP', 'ubuntu'), ('XAUTHORITY', '/run/user/1000/gdm/Xauthority'), ('LS_COLORS', 'rs=0:di=01;34:ln=01;36:mh=00:pi=40;33:so=01;35:do=01;35:bd=40;33;01:cd=40;33;01:or=40;31;01:mi=00:su=37;41:sg=30;43:ca=30;41:tw=30;42:ow=34;42:st=37;44:ex=01;32:*.tar=01;31:*.tgz=01;31:*.arc=01;31:*.arj=01;31:*.taz=01;31:*.lha=01;31:*.lz4=01;31:*.lzh=01;31:*.lzma=01;31:*.tlz=01;31:*.txz=01;31:*.tzo=01;31:*.t7z=01;31:*.zip=01;31:*.z=01;31:*.dz=01;31:*.gz=01;31:*.lrz=01;31:*.lz=01;31:*.lzo=01;31:*.xz=01;31:*.zst=01;31:*.tzst=01;31:*.bz2=01;31:*.bz=01;31:*.tbz=01;31:*.tbz2=01;31:*.tz=01;31:*.deb=01;31:*.rpm=01;31:*.jar=01;31:*.war=01;31:*.ear=01;31:*.sar=01;31:*.rar=01;31:*.alz=01;31:*.ace=01;31:*.zoo=01;31:*.cpio=01;31:*.7z=01;31:*.rz=01;31:*.cab=01;31:*.wim=01;31:*.swm=01;31:*.dwm=01;31:*.esd=01;31:*.jpg=01;35:*.jpeg=01;35:*.mjpg=01;35:*.mjpeg=01;35:*.gif=01;35:*.bmp=01;35:*.pbm=01;35:*.pgm=01;35:*.ppm=01;35:*.tga=01;35:*.xbm=01;35:*.xpm=01;35:*.tif=01;35:*.tiff=01;35:*.png=01;35:*.svg=01;35:*.svgz=01;35:*.mng=01;35:*.pcx=01;35:*.mov=01;35:*.mpg=01;35:*.mpeg=01;35:*.m2v=01;35:*.mkv=01;35:*.webm=01;35:*.webp=01;35:*.ogm=01;35:*.mp4=01;35:*.m4v=01;35:*.mp4v=01;35:*.vob=01;35:*.qt=01;35:*.nuv=01;35:*.wmv=01;35:*.asf=01;35:*.rm=01;35:*.rmvb=01;35:*.flc=01;35:*.avi=01;35:*.fli=01;35:*.flv=01;35:*.gl=01;35:*.dl=01;35:*.xcf=01;35:*.xwd=01;35:*.yuv=01;35:*.cgm=01;35:*.emf=01;35:*.ogv=01;35:*.ogx=01;35:*.aac=00;36:*.au=00;36:*.flac=00;36:*.m4a=00;36:*.mid=00;36:*.midi=00;36:*.mka=00;36:*.mp3=00;36:*.mpc=00;36:*.ogg=00;36:*.ra=00;36:*.wav=00;36:*.oga=00;36:*.opus=00;36:*.spx=00;36:*.xspf=00;36:'), ('GNOME_TERMINAL_SERVICE', ':1.185'), ('SSH_AGENT_LAUNCHER', 'gnome-keyring'), ('SSH_AUTH_SOCK', '/run/user/1000/keyring/ssh'), ('AMENT_PREFIX_PATH', '/home/raghav/crazyflie_mapping_demo/ros2_ws/install/crazyflie_py:/home/raghav/crazyflie_mapping_demo/ros2_ws/install/crazyflie_interfaces:/opt/ros/humble'), ('SHELL', '/bin/bash'), ('QT_ACCESSIBILITY', '1'), ('GDMSESSION', 'ubuntu'), ('LESSCLOSE', '/usr/bin/lesspipe %s %s'), ('GPG_AGENT_INFO', '/run/user/1000/gnupg/S.gpg-agent:0:1'), ('QT_IM_MODULE', 'ibus'), ('PWD', '/home/raghav/crazyflie_mapping_demo/ros2_ws/build/crazyflie_examples'), ('LC_ALL', 'en_US.UTF-8'), ('XDG_CONFIG_DIRS', '/etc/xdg/xdg-ubuntu:/etc/xdg'), ('XDG_DATA_DIRS', '/usr/share/ubuntu:/usr/share/gnome:/usr/local/share/:/usr/share/:/var/lib/snapd/desktop'), ('PYTHONPATH', '/home/raghav/crazyflie_mapping_demo/ros2_ws/install/crazyflie_py/lib/python3.10/site-packages:/home/raghav/crazyflie_mapping_demo/ros2_ws/install/crazyflie_interfaces/local/lib/python3.10/dist-packages:/opt/ros/humble/lib/python3.10/site-packages:/opt/ros/humble/local/lib/python3.10/dist-packages'), ('COLCON', '1'), ('VTE_VERSION', '6800'), ('CMAKE_PREFIX_PATH', '/home/raghav/crazyflie_mapping_demo/ros2_ws/install/crazyflie_interfaces:/opt/ros/humble')]), 'shell': False}
[3.300630] (crazyflie_examples) StdoutLine: {'line': b'-- Install configuration: ""\n'}
[3.300868] (crazyflie_examples) StdoutLine: {'line': b'-- Up-to-date: /home/raghav/crazyflie_mapping_demo/ros2_ws/install/crazyflie_examples/share/crazyflie_examples/environment/pythonpath.sh\n'}
[3.300941] (crazyflie_examples) StdoutLine: {'line': b'-- Up-to-date: /home/raghav/crazyflie_mapping_demo/ros2_ws/install/crazyflie_examples/share/crazyflie_examples/environment/pythonpath.dsv\n'}
[3.301076] (crazyflie_examples) StdoutLine: {'line': b'-- Up-to-date: /home/raghav/crazyflie_mapping_demo/ros2_ws/install/crazyflie_examples/local/lib/python3.10/dist-packages/crazyflie_examples-1.0.3-py3.10.egg-info\n'}
[3.301143] (crazyflie_examples) StdoutLine: {'line': b'-- Installing: /home/raghav/crazyflie_mapping_demo/ros2_ws/install/crazyflie_examples/local/lib/python3.10/dist-packages/crazyflie_examples-1.0.3-py3.10.egg-info/top_level.txt\n'}
[3.301206] (crazyflie_examples) StdoutLine: {'line': b'-- Installing: /home/raghav/crazyflie_mapping_demo/ros2_ws/install/crazyflie_examples/local/lib/python3.10/dist-packages/crazyflie_examples-1.0.3-py3.10.egg-info/SOURCES.txt\n'}
[3.301352] (crazyflie_examples) StdoutLine: {'line': b'-- Installing: /home/raghav/crazyflie_mapping_demo/ros2_ws/install/crazyflie_examples/local/lib/python3.10/dist-packages/crazyflie_examples-1.0.3-py3.10.egg-info/PKG-INFO\n'}
[3.301585] (crazyflie_examples) StdoutLine: {'line': b'-- Installing: /home/raghav/crazyflie_mapping_demo/ros2_ws/install/crazyflie_examples/local/lib/python3.10/dist-packages/crazyflie_examples-1.0.3-py3.10.egg-info/entry_points.txt\n'}
[3.301739] (crazyflie_examples) StdoutLine: {'line': b'-- Installing: /home/raghav/crazyflie_mapping_demo/ros2_ws/install/crazyflie_examples/local/lib/python3.10/dist-packages/crazyflie_examples-1.0.3-py3.10.egg-info/dependency_links.txt\n'}
[3.301847] (crazyflie_examples) StdoutLine: {'line': b'-- Up-to-date: /home/raghav/crazyflie_mapping_demo/ros2_ws/install/crazyflie_examples/lib/crazyflie_examples/\n'}
[3.301945] (crazyflie_examples) StdoutLine: {'line': b'-- Installing: /home/raghav/crazyflie_mapping_demo/ros2_ws/install/crazyflie_examples/lib/crazyflie_examples//goto_unicast\n'}
[3.302041] (crazyflie_examples) StdoutLine: {'line': b'-- Installing: /home/raghav/crazyflie_mapping_demo/ros2_ws/install/crazyflie_examples/lib/crazyflie_examples//group_mask\n'}
[3.302136] (crazyflie_examples) StdoutLine: {'line': b'-- Installing: /home/raghav/crazyflie_mapping_demo/ros2_ws/install/crazyflie_examples/lib/crazyflie_examples//hello_world\n'}
[3.302214] (crazyflie_examples) StdoutLine: {'line': b'-- Installing: /home/raghav/crazyflie_mapping_demo/ros2_ws/install/crazyflie_examples/lib/crazyflie_examples//figure8\n'}
[3.302299] (crazyflie_examples) StdoutLine: {'line': b'-- Installing: /home/raghav/crazyflie_mapping_demo/ros2_ws/install/crazyflie_examples/lib/crazyflie_examples//arming\n'}
[3.302391] (crazyflie_examples) StdoutLine: {'line': b'-- Installing: /home/raghav/crazyflie_mapping_demo/ros2_ws/install/crazyflie_examples/lib/crazyflie_examples//cmd_full_state\n'}
[3.302471] (crazyflie_examples) StdoutLine: {'line': b'-- Installing: /home/raghav/crazyflie_mapping_demo/ros2_ws/install/crazyflie_examples/lib/crazyflie_examples//multi_trajectory\n'}
[3.302588] (crazyflie_examples) StdoutLine: {'line': b'-- Installing: /home/raghav/crazyflie_mapping_demo/ros2_ws/install/crazyflie_examples/lib/crazyflie_examples//infinite_flight\n'}
[3.302761] (crazyflie_examples) StdoutLine: {'line': b'-- Installing: /home/raghav/crazyflie_mapping_demo/ros2_ws/install/crazyflie_examples/lib/crazyflie_examples//nice_hover\n'}
[3.302847] (crazyflie_examples) StdoutLine: {'line': b'-- Installing: /home/raghav/crazyflie_mapping_demo/ros2_ws/install/crazyflie_examples/lib/crazyflie_examples//swap\n'}
[3.302949] (crazyflie_examples) StdoutLine: {'line': b'-- Installing: /home/raghav/crazyflie_mapping_demo/ros2_ws/install/crazyflie_examples/lib/crazyflie_examples//set_param\n'}
[3.303032] (crazyflie_examples) StdoutLine: {'line': b'-- Up-to-date: /home/raghav/crazyflie_mapping_demo/ros2_ws/install/crazyflie_examples/local/lib/python3.10/dist-packages/crazyflie_examples\n'}
[3.303168] (crazyflie_examples) StdoutLine: {'line': b'-- Up-to-date: /home/raghav/crazyflie_mapping_demo/ros2_ws/install/crazyflie_examples/local/lib/python3.10/dist-packages/crazyflie_examples/nice_hover.py\n'}
[3.303378] (crazyflie_examples) StdoutLine: {'line': b'-- Up-to-date: /home/raghav/crazyflie_mapping_demo/ros2_ws/install/crazyflie_examples/local/lib/python3.10/dist-packages/crazyflie_examples/infinite_flight.py\n'}
[3.303597] (crazyflie_examples) StdoutLine: {'line': b'-- Up-to-date: /home/raghav/crazyflie_mapping_demo/ros2_ws/install/crazyflie_examples/local/lib/python3.10/dist-packages/crazyflie_examples/group_mask.py\n'}
[3.303789] (crazyflie_examples) StdoutLine: {'line': b'-- Up-to-date: /home/raghav/crazyflie_mapping_demo/ros2_ws/install/crazyflie_examples/local/lib/python3.10/dist-packages/crazyflie_examples/figure8.py\n'}
[3.303988] (crazyflie_examples) StdoutLine: {'line': b'-- Up-to-date: /home/raghav/crazyflie_mapping_demo/ros2_ws/install/crazyflie_examples/local/lib/python3.10/dist-packages/crazyflie_examples/__init__.py\n'}
[3.304158] (crazyflie_examples) StdoutLine: {'line': b'-- Up-to-date: /home/raghav/crazyflie_mapping_demo/ros2_ws/install/crazyflie_examples/local/lib/python3.10/dist-packages/crazyflie_examples/swap.py\n'}
[3.304372] (crazyflie_examples) StdoutLine: {'line': b'-- Up-to-date: /home/raghav/crazyflie_mapping_demo/ros2_ws/install/crazyflie_examples/local/lib/python3.10/dist-packages/crazyflie_examples/hello_world.py\n'}
[3.304560] (crazyflie_examples) StdoutLine: {'line': b'-- Up-to-date: /home/raghav/crazyflie_mapping_demo/ros2_ws/install/crazyflie_examples/local/lib/python3.10/dist-packages/crazyflie_examples/goto_unicast.py\n'}
[3.304747] (crazyflie_examples) StdoutLine: {'line': b'-- Up-to-date: /home/raghav/crazyflie_mapping_demo/ros2_ws/install/crazyflie_examples/local/lib/python3.10/dist-packages/crazyflie_examples/set_param.py\n'}
[3.304946] (crazyflie_examples) StdoutLine: {'line': b'-- Up-to-date: /home/raghav/crazyflie_mapping_demo/ros2_ws/install/crazyflie_examples/local/lib/python3.10/dist-packages/crazyflie_examples/arming.py\n'}
[3.305124] (crazyflie_examples) StdoutLine: {'line': b'-- Up-to-date: /home/raghav/crazyflie_mapping_demo/ros2_ws/install/crazyflie_examples/local/lib/python3.10/dist-packages/crazyflie_examples/cmd_full_state.py\n'}
[3.305307] (crazyflie_examples) StdoutLine: {'line': b'-- Up-to-date: /home/raghav/crazyflie_mapping_demo/ros2_ws/install/crazyflie_examples/local/lib/python3.10/dist-packages/crazyflie_examples/multi_trajectory.py\n'}
[3.305499] (crazyflie_examples) StdoutLine: {'line': b'-- Up-to-date: /home/raghav/crazyflie_mapping_demo/ros2_ws/install/crazyflie_examples/local/lib/python3.10/dist-packages/crazyflie_examples/data\n'}
[3.305682] (crazyflie_examples) StdoutLine: {'line': b'-- Up-to-date: /home/raghav/crazyflie_mapping_demo/ros2_ws/install/crazyflie_examples/local/lib/python3.10/dist-packages/crazyflie_examples/data/multi_trajectory\n'}
[3.305865] (crazyflie_examples) StdoutLine: {'line': b'-- Up-to-date: /home/raghav/crazyflie_mapping_demo/ros2_ws/install/crazyflie_examples/local/lib/python3.10/dist-packages/crazyflie_examples/data/multi_trajectory/traj1.csv\n'}
[3.306046] (crazyflie_examples) StdoutLine: {'line': b'-- Up-to-date: /home/raghav/crazyflie_mapping_demo/ros2_ws/install/crazyflie_examples/local/lib/python3.10/dist-packages/crazyflie_examples/data/multi_trajectory/traj0.csv\n'}
[3.306235] (crazyflie_examples) StdoutLine: {'line': b'-- Up-to-date: /home/raghav/crazyflie_mapping_demo/ros2_ws/install/crazyflie_examples/local/lib/python3.10/dist-packages/crazyflie_examples/data/figure8.csv\n'}
[3.313308] (-) TimerEvent: {}
[3.349813] (crazyflie_examples) StdoutLine: {'line': b"Listing '/home/raghav/crazyflie_mapping_demo/ros2_ws/install/crazyflie_examples/local/lib/python3.10/dist-packages/crazyflie_examples'...\n"}
[3.350100] (crazyflie_examples) StdoutLine: {'line': b"Listing '/home/raghav/crazyflie_mapping_demo/ros2_ws/install/crazyflie_examples/local/lib/python3.10/dist-packages/crazyflie_examples/data'...\n"}
[3.350238] (crazyflie_examples) StdoutLine: {'line': b"Listing '/home/raghav/crazyflie_mapping_demo/ros2_ws/install/crazyflie_examples/local/lib/python3.10/dist-packages/crazyflie_examples/data/multi_trajectory'...\n"}
[3.356282] (crazyflie_examples) StdoutLine: {'line': b'-- Up-to-date: /home/raghav/crazyflie_mapping_demo/ros2_ws/install/crazyflie_examples/share/crazyflie_examples//config\n'}
[3.356789] (crazyflie_examples) StdoutLine: {'line': b'-- Up-to-date: /home/raghav/crazyflie_mapping_demo/ros2_ws/install/crazyflie_examples/share/crazyflie_examples//config/nav2_view.rviz\n'}
[3.356993] (crazyflie_examples) StdoutLine: {'line': b'-- Up-to-date: /home/raghav/crazyflie_mapping_demo/ros2_ws/install/crazyflie_examples/share/crazyflie_examples//config/nav2_params.yaml\n'}
[3.357165] (crazyflie_examples) StdoutLine: {'line': b'-- Up-to-date: /home/raghav/crazyflie_mapping_demo/ros2_ws/install/crazyflie_examples/share/crazyflie_examples//config/slam_params.yaml\n'}
[3.357396] (crazyflie_examples) StdoutLine: {'line': b'-- Up-to-date: /home/raghav/crazyflie_mapping_demo/ros2_ws/install/crazyflie_examples/share/crazyflie_examples//data\n'}
[3.357569] (crazyflie_examples) StdoutLine: {'line': b'-- Up-to-date: /home/raghav/crazyflie_mapping_demo/ros2_ws/install/crazyflie_examples/share/crazyflie_examples//data/map.data\n'}
[3.357685] (crazyflie_examples) StdoutLine: {'line': b'-- Up-to-date: /home/raghav/crazyflie_mapping_demo/ros2_ws/install/crazyflie_examples/share/crazyflie_examples//data/map.yaml\n'}
[3.357793] (crazyflie_examples) StdoutLine: {'line': b'-- Up-to-date: /home/raghav/crazyflie_mapping_demo/ros2_ws/install/crazyflie_examples/share/crazyflie_examples//data/map.pgm\n'}
[3.357963] (crazyflie_examples) StdoutLine: {'line': b'-- Up-to-date: /home/raghav/crazyflie_mapping_demo/ros2_ws/install/crazyflie_examples/share/crazyflie_examples//data/map.posegraph\n'}
[3.358021] (crazyflie_examples) StdoutLine: {'line': b'-- Up-to-date: /home/raghav/crazyflie_mapping_demo/ros2_ws/install/crazyflie_examples/share/crazyflie_examples//launch\n'}
[3.358072] (crazyflie_examples) StdoutLine: {'line': b'-- Up-to-date: /home/raghav/crazyflie_mapping_demo/ros2_ws/install/crazyflie_examples/share/crazyflie_examples//launch/multiranger_simple_mapper_launch.py\n'}
[3.358127] (crazyflie_examples) StdoutLine: {'line': b'-- Up-to-date: /home/raghav/crazyflie_mapping_demo/ros2_ws/install/crazyflie_examples/share/crazyflie_examples//launch/multiranger_mapping_launch.py\n'}
[3.358161] (crazyflie_examples) StdoutLine: {'line': b'-- Up-to-date: /home/raghav/crazyflie_mapping_demo/ros2_ws/install/crazyflie_examples/share/crazyflie_examples//launch/keyboard_velmux_launch.py\n'}
[3.358193] (crazyflie_examples) StdoutLine: {'line': b'-- Up-to-date: /home/raghav/crazyflie_mapping_demo/ros2_ws/install/crazyflie_examples/share/crazyflie_examples//launch/launch.py\n'}
[3.358226] (crazyflie_examples) StdoutLine: {'line': b'-- Up-to-date: /home/raghav/crazyflie_mapping_demo/ros2_ws/install/crazyflie_examples/share/crazyflie_examples//launch/multiranger_nav2_launch.py\n'}
[3.358256] (crazyflie_examples) StdoutLine: {'line': b'-- Up-to-date: /home/raghav/crazyflie_mapping_demo/ros2_ws/install/crazyflie_examples/share/ament_index/resource_index/package_run_dependencies/crazyflie_examples\n'}
[3.358290] (crazyflie_examples) StdoutLine: {'line': b'-- Up-to-date: /home/raghav/crazyflie_mapping_demo/ros2_ws/install/crazyflie_examples/share/ament_index/resource_index/parent_prefix_path/crazyflie_examples\n'}
[3.358333] (crazyflie_examples) StdoutLine: {'line': b'-- Up-to-date: /home/raghav/crazyflie_mapping_demo/ros2_ws/install/crazyflie_examples/share/crazyflie_examples/environment/ament_prefix_path.sh\n'}
[3.358369] (crazyflie_examples) StdoutLine: {'line': b'-- Up-to-date: /home/raghav/crazyflie_mapping_demo/ros2_ws/install/crazyflie_examples/share/crazyflie_examples/environment/ament_prefix_path.dsv\n'}
[3.358400] (crazyflie_examples) StdoutLine: {'line': b'-- Up-to-date: /home/raghav/crazyflie_mapping_demo/ros2_ws/install/crazyflie_examples/share/crazyflie_examples/environment/path.sh\n'}
[3.358430] (crazyflie_examples) StdoutLine: {'line': b'-- Up-to-date: /home/raghav/crazyflie_mapping_demo/ros2_ws/install/crazyflie_examples/share/crazyflie_examples/environment/path.dsv\n'}
[3.358460] (crazyflie_examples) StdoutLine: {'line': b'-- Up-to-date: /home/raghav/crazyflie_mapping_demo/ros2_ws/install/crazyflie_examples/share/crazyflie_examples/local_setup.bash\n'}
[3.358491] (crazyflie_examples) StdoutLine: {'line': b'-- Up-to-date: /home/raghav/crazyflie_mapping_demo/ros2_ws/install/crazyflie_examples/share/crazyflie_examples/local_setup.sh\n'}
[3.358521] (crazyflie_examples) StdoutLine: {'line': b'-- Up-to-date: /home/raghav/crazyflie_mapping_demo/ros2_ws/install/crazyflie_examples/share/crazyflie_examples/local_setup.zsh\n'}
[3.358551] (crazyflie_examples) StdoutLine: {'line': b'-- Up-to-date: /home/raghav/crazyflie_mapping_demo/ros2_ws/install/crazyflie_examples/share/crazyflie_examples/local_setup.dsv\n'}
[3.358581] (crazyflie_examples) StdoutLine: {'line': b'-- Installing: /home/raghav/crazyflie_mapping_demo/ros2_ws/install/crazyflie_examples/share/crazyflie_examples/package.dsv\n'}
[3.358619] (crazyflie_examples) StdoutLine: {'line': b'-- Up-to-date: /home/raghav/crazyflie_mapping_demo/ros2_ws/install/crazyflie_examples/share/ament_index/resource_index/packages/crazyflie_examples\n'}
[3.358661] (crazyflie_examples) StdoutLine: {'line': b'-- Up-to-date: /home/raghav/crazyflie_mapping_demo/ros2_ws/install/crazyflie_examples/share/crazyflie_examples/cmake/crazyflie_examplesConfig.cmake\n'}
[3.358701] (crazyflie_examples) StdoutLine: {'line': b'-- Up-to-date: /home/raghav/crazyflie_mapping_demo/ros2_ws/install/crazyflie_examples/share/crazyflie_examples/cmake/crazyflie_examplesConfig-version.cmake\n'}
[3.358742] (crazyflie_examples) StdoutLine: {'line': b'-- Up-to-date: /home/raghav/crazyflie_mapping_demo/ros2_ws/install/crazyflie_examples/share/crazyflie_examples/package.xml\n'}
[3.361419] (crazyflie_examples) CommandEnded: {'returncode': 0}
[3.375004] (crazyflie_examples) JobEnded: {'identifier': 'crazyflie_examples', 'rc': 0}
[3.376843] (-) EventReactorShutdown: {}
